{"type":"FeatureCollection","features":[{"type":"Feature","id":"JP-23","properties":{"name":"Aichi","shapeName":"Aichi Prefecture","shapeISO":"JP-23","shapeID":"47310658B49885151916407","shapeGroup":"JPN","shapeType":"ADM1"},"geometry":{"type":"MultiPolygon","coordinates":[[[[136.8100152,35.049298],[136.812355,35.025642],[136.838965,35.030158],[136.830904,35.049392],[136.8100152,35.049298]]],[[[137.308603,34.723148],[137.311844,34.69947],[137.332212,34.703841],[137.341909,34.7204053],[137.308603,34.723148]]],[[[136.798474,34.875612],[136.806763,34.840754],[136.813988,34.840189],[136.812495,34.84675],[136.824247,34.848642],[136.822517,34.861845],[136.81379,34.873212],[136.798474,34.875612]]],[[[136.671054,35.142082],[136.676393,35.128867],[136.695066,35.124702],[136.750139,35.080248],[136.753401,35.053016],[136.769685,35.022582],[136.7975463,35.0119683],[136.7861068,35.0195594],[136.7940128,35.014937],[136.796364,35.022452],[136.7783564,35.0378118],[136.8002642,35.0288037],[136.796919,35.0514846],[136.830082,35.050235],[136.8333462,35.0639314],[136.855505,35.056527],[136.855145,35.077588],[136.859459,35.080367],[136.8564751,35.0725551],[136.8626075,35.0697995],[136.867436,35.092934],[136.890242,35.087967],[136.8960585,35.0764859],[136.885218,35.07453],[136.879419,35.047198],[136.894846,35.040204],[136.869114,35.041661],[136.852023,35.016372],[136.8728226,35.0126302],[136.8671335,35.0047353],[136.847423,35.009416],[136.843851,35.004714],[136.854854,35.00315],[136.820507,34.96621],[136.830082,34.960964],[136.821961,34.883677],[136.832829,34.874401],[136.839217,34.883578],[136.837288,34.875948],[136.855127,34.865541],[136.8665673,34.8392584],[136.857625,34.798031],[136.840141,34.763881],[136.85999,34.737549],[136.885727,34.722265],[136.9334523,34.7022291],[136.9356705,34.7082014],[136.972062,34.695168],[136.9778466,34.7017449],[136.967778,34.709564],[136.972452,34.717453],[136.961977,34.720484],[136.969933,34.72487],[136.965099,34.733604],[136.914486,34.771739],[136.9311953,34.8382033],[136.92622,34.851438],[136.936604,34.8540573],[136.92768,34.864904],[136.9397216,34.8614151],[136.943911,34.881072],[136.958773,34.871059],[136.963548,34.875441],[136.957213,34.881076],[136.97179,34.908573],[136.981009,34.956862],[136.986473,34.951587],[136.976899,34.897714],[136.983844,34.893259],[136.976824,34.893263],[136.970539,34.877437],[136.97586,34.874185],[136.968088,34.874881],[136.954998,34.843002],[136.952444,34.848822],[136.959919,34.828702],[136.948837,34.826509],[136.9970107,34.8163683],[137.02637,34.777594],[137.076293,34.787055],[137.087386,34.775418],[137.106511,34.791466],[137.131501,34.782077],[137.134882,34.788875],[137.152671,34.781619],[137.169958,34.787515],[137.178325,34.778494],[137.16813,34.767563],[137.177623,34.765583],[137.189878,34.776905],[137.191983,34.810658],[137.203071,34.8153],[137.207451,34.811121],[137.200219,34.809817],[137.209765,34.802695],[137.219026,34.812532],[137.214451,34.815912],[137.222774,34.816786],[137.21639,34.823011],[137.246662,34.814223],[137.251567,34.805204],[137.3011703,34.8102492],[137.3367552,34.7803359],[137.336913,34.774279],[137.32073,34.770503],[137.320366,34.732716],[137.353153,34.726503],[137.321283,34.694339],[137.311602,34.696225],[137.308493,34.691937],[137.3204678,34.6878895],[137.312585,34.681535],[137.285477,34.678147],[137.2888,34.693361],[137.3015,34.695632],[137.300904,34.7280685],[137.28489,34.730902],[137.261806,34.715839],[137.266974,34.708483],[137.261931,34.695471],[137.245599,34.706072],[137.233027,34.699018],[137.243684,34.688872],[137.233076,34.688565],[137.224265,34.67581],[137.206535,34.678212],[137.162233,34.654865],[137.130354,34.656199],[137.147533,34.651922],[137.130002,34.653944],[137.142217,34.644488],[137.119245,34.634064],[137.102321,34.634136],[137.106465,34.642579],[137.085099,34.647197],[137.090432,34.656752],[137.070743,34.661603],[137.015504,34.581219],[137.036764,34.577839],[137.094317,34.591862],[137.141589,34.589673],[137.1867315,34.6087415],[137.1893341,34.6018288],[137.31294,34.640975],[137.48498063231418,34.67385471222454],[137.49179,34.70246],[137.474107,34.749941],[137.476718,34.774786],[137.492942,34.786866],[137.487014,34.811749],[137.501257,34.822658],[137.502674,34.833496],[137.542274,34.842049],[137.551589,34.851864],[137.587252,34.849576],[137.597451,34.872447],[137.616253,34.875341],[137.641252,34.893083],[137.658133,34.942997],[137.675821,34.94546],[137.694632,34.970258],[137.707121,34.971947],[137.699837,34.984432],[137.708132,34.994457],[137.701029,35.003488],[137.717138,35.035045],[137.775532,35.077615],[137.778268,35.099623],[137.792644,35.095366],[137.801179,35.105955],[137.792841,35.134764],[137.805862,35.131124],[137.814651,35.152383],[137.829129,35.152261],[137.821291,35.15844],[137.825472,35.1682],[137.803234,35.183519],[137.816376,35.187995],[137.821972,35.203732],[137.831063,35.205301],[137.827786,35.211324],[137.838115,35.212467],[137.822963,35.21588],[137.773949,35.203251],[137.759567,35.222102],[137.723183,35.221626],[137.721639,35.230851],[137.681537,35.235235],[137.653983,35.226776],[137.644579,35.208991],[137.614859,35.210461],[137.578737,35.198428],[137.578726,35.219435],[137.546005,35.251681],[137.557896,35.26523],[137.555759,35.274546],[137.570752,35.282727],[137.566991,35.28993],[137.54378,35.280587],[137.518935,35.283327],[137.520675,35.273477],[137.429814,35.222881],[137.417078,35.240323],[137.408418,35.234801],[137.387023,35.240884],[137.38318,35.260209],[137.344099,35.257858],[137.34463,35.273718],[137.308081,35.291156],[137.275086,35.290492],[137.262664,35.285202],[137.257197,35.272413],[137.223997,35.256201],[137.186501,35.25307],[137.165227,35.283415],[137.145601,35.279826],[137.131714,35.29361],[137.102334,35.301647],[137.096033,35.290554],[137.081311,35.292191],[137.081841,35.305121],[137.066769,35.308972],[137.063522,35.318197],[137.072979,35.326457],[137.068218,35.335682],[137.047185,35.336778],[137.046952,35.366131],[137.002236,35.381374],[136.988963,35.401165],[136.978264,35.403176],[136.993215,35.424196],[136.986424,35.424605],[136.964372,35.420939],[136.960982,35.399052],[136.922074,35.379179],[136.864932,35.372606],[136.834039,35.355945],[136.800754,35.360934],[136.794456,35.368335],[136.772873,35.369342],[136.761874,35.361116],[136.725733,35.295614],[136.678117,35.242213],[136.683368,35.202297],[136.672318,35.188777],[136.671054,35.142082]]]]}},{"type":"Feature","id":"JP-05","properties":{"name":"Akita","shapeName":"Akita","shapeISO":"JP-05","shapeID":"47310658B79582216473080","shapeGroup":"JPN","shapeType":"ADM1"},"geometry":{"type":"Polygon","coordinates":[[[139.692871,39.995348],[139.701345,39.961227],[139.720985,39.954695],[139.719238,39.946254],[139.701731,39.942314],[139.705673,39.927991],[139.717678,39.908957],[139.734948,39.90529],[139.74021,39.871539],[139.75503,39.856842],[139.791832,39.867566],[139.815191,39.85726],[139.830157,39.869057],[139.837976,39.863063],[139.846714,39.863112],[139.843647,39.869012],[139.861294,39.86632],[139.850429,39.873414],[139.857478,39.876504],[139.846928,39.87839],[139.85655,39.878846],[139.849105,39.881298],[139.859497,39.88533],[139.850728,39.886705],[139.858691,39.895684],[139.923985,39.899792],[139.96368,39.882333],[140.001734,39.851466],[140.035191,39.801816],[140.034569,39.785453],[140.042026,39.78159],[140.033352,39.781045],[140.038079,39.764757],[140.045975,39.763472],[140.042809,39.772777],[140.050183,39.770507],[140.049978,39.756773],[140.038674,39.759423],[140.047221,39.757038],[140.05852,39.725613],[140.061962,39.620348],[140.024194,39.414776],[140.0105063,39.3954372],[140.014377,39.385237],[139.997825,39.344214],[139.971877,39.300959],[139.928963,39.288501],[139.915412,39.274916],[139.912595,39.243765],[139.892435,39.209213],[139.904596,39.198062],[139.904285,39.178224],[139.897138,39.157177],[139.883284,39.14524],[139.879144,39.122804],[139.869575,39.118264],[139.948037,39.117172],[139.994431,39.105522],[140.007751,39.123046],[140.062423,39.133505],[140.062714,39.092553],[140.114479,39.07837],[140.116846,39.068237],[140.137778,39.065574],[140.1518461,39.0484023],[140.1980891,39.0612633],[140.2047481,39.0535033],[140.2006411,39.0355793],[140.2267161,39.0272163],[140.2506261,39.0276423],[140.2605461,39.0352423],[140.3107031,39.0135963],[140.3187771,39.0312693],[140.3290831,39.0348093],[140.36219,39.025963],[140.364014,39.009503],[140.376205,38.994466],[140.431838,38.99191],[140.451065,38.972154],[140.449561,38.945603],[140.4621,38.919439],[140.482418,38.916557],[140.500097,38.89486],[140.53822,38.900197],[140.561961,38.873021],[140.613565,38.893921],[140.637175,38.883257],[140.654051,38.889022],[140.685623,38.917614],[140.711564,38.923248],[140.732066,38.949276],[140.773564,38.958095],[140.764008,39.000202],[140.778663,39.008155],[140.795262,39.029439],[140.793534,39.041872],[140.810226,39.057419],[140.799507,39.060984],[140.802363,39.077905],[140.752677,39.086206],[140.763223,39.108868],[140.755932,39.118312],[140.769958,39.124175],[140.748919,39.138132],[140.774109,39.167863],[140.78372,39.165423],[140.808173,39.180427],[140.764827,39.197771],[140.763029,39.213237],[140.770206,39.223418],[140.787603,39.226795],[140.788641,39.238439],[140.751329,39.262817],[140.717809,39.272619],[140.717308,39.296518],[140.693566,39.299602],[140.694025,39.319774],[140.708183,39.334469],[140.688434,39.347534],[140.692712,39.358606],[140.675621,39.368351],[140.678955,39.383191],[140.653107,39.391007],[140.663692,39.403679],[140.658363,39.415104],[140.679653,39.417076],[140.684991,39.42451],[140.676778,39.4478],[140.681884,39.457232],[140.724388,39.480543],[140.713558,39.498862],[140.72395,39.504427],[140.724664,39.518603],[140.737822,39.522406],[140.741343,39.536194],[140.727463,39.555963],[140.729603,39.565137],[140.75428,39.570728],[140.763847,39.587576],[140.780646,39.590335],[140.78218,39.603978],[140.797525,39.604098],[140.822289,39.649962],[140.822561,39.688184],[140.811335,39.695547],[140.809888,39.708031],[140.794445,39.709604],[140.774807,39.734561],[140.803712,39.74476],[140.805315,39.756653],[140.848256,39.79326],[140.821306,39.815431],[140.786635,39.823407],[140.789083,39.850192],[140.782223,39.867857],[140.799215,39.881644],[140.815638,39.87936],[140.825805,39.886246],[140.852912,39.865796],[140.878129,39.874604],[140.868043,39.911669],[140.854683,39.923297],[140.857342,39.952871],[140.848053,39.958367],[140.845302,39.974967],[140.855851,40.015714],[140.85039,40.031434],[140.855431,40.046351],[140.844468,40.074599],[140.875326,40.094574],[140.881017,40.113734],[140.871193,40.115959],[140.866979,40.132376],[140.883597,40.157325],[140.868782,40.159524],[140.859181,40.171433],[140.892684,40.192466],[140.889516,40.200543],[140.905151,40.221927],[140.940951,40.226906],[140.940157,40.240483],[140.955065,40.247636],[140.945702,40.258082],[140.957505,40.282433],[140.94459,40.288145],[140.943966,40.296266],[140.956888,40.304725],[140.957332,40.324523],[140.967409,40.333669],[140.962074,40.347141],[140.980891,40.343275],[140.995425,40.353372],[140.978752,40.415986],[140.985147,40.427224],[140.892144,40.423249],[140.871458,40.435988],[140.878333,40.511036],[140.845014,40.507365],[140.820019,40.495336],[140.810622,40.487135],[140.803642,40.448652],[140.787133,40.457201],[140.762407,40.451041],[140.752053,40.438761],[140.733884,40.439511],[140.733563,40.415809],[140.699221,40.429422],[140.661473,40.404454],[140.634045,40.402341],[140.625774,40.424004],[140.589723,40.436118],[140.58721,40.429298],[140.55336,40.420569],[140.569362,40.400741],[140.558779,40.397081],[140.523599,40.410565],[140.529646,40.430541],[140.508356,40.428554],[140.464375,40.456453],[140.440114,40.450002],[140.437262,40.47846],[140.42707,40.482597],[140.402231,40.474912],[140.387702,40.487107],[140.377941,40.476545],[140.361295,40.478397],[140.343084,40.461043],[140.335209,40.439389],[140.31072,40.436292],[140.298864,40.446257],[140.27885,40.445999],[140.220162,40.431151],[140.209197,40.438644],[140.194045,40.434785],[140.185461,40.443311],[140.151933,40.434985],[140.107609,40.435901],[140.093576,40.458929],[140.053613,40.467795],[140.022716,40.451273],[140.019437,40.419846],[139.995048,40.435051],[139.981202,40.427381],[139.959538,40.434867],[139.936302,40.428206],[139.947012,40.412696],[139.97822,40.398486],[139.983089,40.384653],[140.010762,40.374574],[140.024928,40.353725],[140.01642,40.264512],[139.99942,40.220254],[140.025444,40.216783],[140.002847,40.217056],[139.999559,40.195603],[140.002503,40.211849],[139.994148,40.213192],[139.994087,40.198617],[139.986318,40.201344],[139.990836,40.171345],[139.949059,40.078869],[139.923383,40.040827],[139.871159,39.988032],[139.818289,39.960113],[139.793928,39.957585],[139.765854,39.97481],[139.723692,39.981581],[139.700965,40.00739],[139.692871,39.995348]]]}},{"type":"Feature","id":"JP-02","properties":{"name":"Aomori","shapeName":"Aomori","shapeISO":"JP-02","shapeID":"47310658B70834199776359","shapeGroup":"JPN","shapeType":"ADM1"},"geometry":{"type":"Polygon","coordinates":[[[139.85972,40.602932],[139.87564,40.581563],[139.918424,40.585797],[139.933318,40.565756],[139.929178,40.557156],[139.940066,40.55302],[139.949937,40.496472],[139.936302,40.428206],[139.959538,40.434867],[139.981202,40.427381],[139.995048,40.435051],[140.019437,40.419846],[140.022716,40.451273],[140.053613,40.467795],[140.093576,40.458929],[140.107609,40.435901],[140.151933,40.434985],[140.185461,40.443311],[140.194045,40.434785],[140.209197,40.438644],[140.220162,40.431151],[140.250048,40.442999],[140.291035,40.446589],[140.31072,40.436292],[140.335209,40.439389],[140.347802,40.467553],[140.361295,40.478397],[140.377941,40.476545],[140.387702,40.487107],[140.402231,40.474912],[140.43573,40.479977],[140.440114,40.450002],[140.464375,40.456453],[140.508356,40.428554],[140.529646,40.430541],[140.523599,40.410565],[140.540512,40.402707],[140.567062,40.398646],[140.55336,40.420569],[140.58721,40.429298],[140.589723,40.436118],[140.625774,40.424004],[140.634045,40.402341],[140.652642,40.403354],[140.699221,40.429422],[140.733563,40.415809],[140.733884,40.439511],[140.752053,40.438761],[140.76904,40.453828],[140.787133,40.457201],[140.803642,40.448652],[140.810622,40.487135],[140.820019,40.495336],[140.845014,40.507365],[140.878333,40.511036],[140.871458,40.435988],[140.892144,40.423249],[140.985147,40.427224],[140.978752,40.415986],[140.995425,40.353372],[140.980891,40.343275],[140.962074,40.347141],[140.967409,40.333669],[140.957332,40.324523],[140.956888,40.304725],[140.943966,40.296266],[140.94459,40.288145],[140.957505,40.282433],[140.945702,40.258082],[140.979478,40.219752],[141.015835,40.218052],[141.076397,40.252646],[141.104162,40.25582],[141.110046,40.261059],[141.099841,40.280965],[141.138366,40.300504],[141.218478,40.315229],[141.226153,40.327841],[141.260123,40.34188],[141.262422,40.349483],[141.279526,40.344758],[141.292311,40.351676],[141.293483,40.363239],[141.315996,40.372629],[141.336331,40.360204],[141.333997,40.345608],[141.350989,40.33108],[141.381568,40.342147],[141.397247,40.367256],[141.40712,40.357132],[141.427282,40.361816],[141.441714,40.376063],[141.479977,40.376366],[141.537195,40.347392],[141.585603,40.378347],[141.581234,40.398433],[141.586916,40.406967],[141.65495,40.428595],[141.682681,40.450301],[141.637264,40.480613],[141.621858,40.50563],[141.587367,40.522629],[141.57612,40.543021],[141.541555,40.52729],[141.49406,40.530537],[141.524433,40.532636],[141.506311,40.542187],[141.507471,40.549114],[141.501703,40.546692],[141.500057,40.556821],[141.483642,40.561344],[141.49204,40.566289],[141.482445,40.568912],[141.4616113,40.6048967],[141.424206,40.709161],[141.397751,40.848512],[141.389895,40.915834],[141.394865,40.924251],[141.375763,40.936682],[141.393975,40.936908],[141.384652,40.966515],[141.393723,40.96447],[141.386412,40.971396],[141.385201,41.013161],[141.398865,41.098],[141.388908,41.148873],[141.391722,41.182868],[141.441496,41.355177],[141.46041,41.380976],[141.452779,41.396238],[141.463667,41.402275],[141.465046,41.429591],[141.387844,41.375746],[141.313816,41.351796],[141.272083,41.354373],[141.198145,41.383535],[141.134917,41.435014],[141.112628,41.463048],[141.066319,41.482391],[141.001919,41.485734],[140.973284,41.498943],[140.963038,41.513927],[140.913296,41.546528],[140.9081011,41.5299571],[140.8973408,41.5258531],[140.908614,41.494371],[140.898567,41.476743],[140.882021,41.468438],[140.879121,41.453244],[140.86513,41.445893],[140.86596,41.435733],[140.837607,41.420256],[140.820295,41.345927],[140.800953,41.327934],[140.80703,41.328037],[140.798737,41.321362],[140.806251,41.314158],[140.779681,41.25292],[140.785589,41.234718],[140.779507,41.208945],[140.764023,41.194598],[140.764185,41.145649],[140.783048,41.131313],[140.811308,41.12758],[140.825471,41.145387],[140.854546,41.161431],[140.892001,41.163494],[140.916585,41.176096],[140.945375,41.173895],[140.980392,41.19916],[141.055589,41.182559],[141.075376,41.201099],[141.113909,41.213556],[141.152071,41.240997],[141.1566578,41.2626771],[141.157593,41.253289],[141.144136,41.240817],[141.133184,41.24397],[141.159858,41.278195],[141.1998162,41.2919683],[141.177392,41.277392],[141.18852,41.27921],[141.233782,41.241433],[141.26171,41.202236],[141.279057,41.158347],[141.272532,41.13523],[141.246275,41.103944],[141.239239,41.03115],[141.22627,40.984051],[141.193562,40.923274],[141.163636,40.890545],[141.132141,40.872544],[141.101384,40.872984],[141.064789,40.913246],[141.041384,40.915004],[140.99853,40.937166],[140.971754,40.934837],[140.981621,40.941422],[140.977767,40.948961],[140.98475,40.959642],[140.961997,40.972651],[140.948705,40.992359],[140.920434,40.993061],[140.902907,41.008049],[140.878922,41.009902],[140.876158,40.992546],[140.863371,40.984933],[140.873157,40.97912],[140.860005,40.971759],[140.862715,40.957525],[140.837914,40.953351],[140.87228,40.94381],[140.866763,40.904937],[140.854909,40.903319],[140.859813,40.888071],[140.796149,40.836414],[140.732952,40.83021],[140.681312,40.875895],[140.661782,40.9423],[140.647926,41.049113],[140.631545,41.097785],[140.6446439,41.1720421],[140.633064,41.190727],[140.60415,41.214378],[140.550152,41.229618],[140.539424,41.217821],[140.526892,41.221172],[140.519442,41.205356],[140.495714,41.188322],[140.463855,41.182298],[140.430732,41.196759],[140.436583,41.198253],[140.402985,41.221725],[140.396895,41.235199],[140.342224,41.26106],[140.340493,41.23931],[140.329929,41.229831],[140.335702,41.18853],[140.321803,41.148122],[140.310939,41.145689],[140.303361,41.131308],[140.278022,41.13993],[140.257113,41.140744],[140.248667,41.133767],[140.247983,41.124129],[140.286973,41.120207],[140.305682,41.106788],[140.320137,41.090661],[140.323818,41.060929],[140.301473,40.914952],[140.28278,40.859063],[140.25338,40.804491],[140.229187,40.782312],[140.195562,40.784311],[140.121478,40.741979],[140.09628,40.746645],[140.09039,40.756591],[140.05381,40.769246],[140.025959,40.750272],[140.000086,40.745366],[139.964344,40.683021],[139.948086,40.66933],[139.936464,40.671688],[139.929606,40.643418],[139.902393,40.645818],[139.893395,40.63267],[139.860761,40.615699],[139.85972,40.602932]]]}},{"type":"Feature","id":"JP-12","properties":{"name":"Chiba","shapeName":"Chiba","shapeISO":"JP-12","shapeID":"47310658B1351727290704","shapeGroup":"JPN","shapeType":"ADM1"},"geometry":{"type":"Polygon","coordinates":[[[139.75235,34.974284],[139.758446,34.958824],[139.817836,34.93922],[139.827175,34.927848],[139.82426,34.910896],[139.836873,34.902978],[139.864734,34.906868],[139.887109,34.899402],[139.892296,34.905845],[139.9281843,34.9092414],[139.9238695,34.9118568],[139.941905,34.917471],[139.9408241,34.92396],[139.965012,34.942898],[139.960808,34.967869],[139.983077,35.013244],[140.038539,35.051842],[140.083812,35.062365],[140.0787283,35.0680619],[140.1023087,35.0765337],[140.100036,35.089387],[140.1117643,35.0953586],[140.1047633,35.091111],[140.105399,35.102395],[140.1205516,35.1154345],[140.1672563,35.1236556],[140.182549,35.118178],[140.191147,35.127174],[140.203268,35.10956],[140.232461,35.114841],[140.257229,35.137391],[140.2863939,35.1344313],[140.298451,35.151053],[140.3124549,35.1471672],[140.3113341,35.1344494],[140.3268478,35.1393668],[140.333419,35.16448],[140.3491742,35.1801329],[140.377288,35.180761],[140.394203,35.202814],[140.4069978,35.249383],[140.39925,35.266753],[140.415299,35.305637],[140.4033995,35.3313374],[140.396952,35.331361],[140.391817,35.356156],[140.3929486,35.4003493],[140.40576,35.447307],[140.430706,35.498667],[140.4577736,35.532586],[140.467916,35.5325592],[140.4655956,35.539389],[140.496592,35.577489],[140.5606568,35.6294946],[140.658698,35.689558],[140.7149681,35.7019852],[140.7293566,35.6894315],[140.7369765,35.6939003],[140.72838,35.6840381],[140.8257386,35.7136259],[140.8467444,35.7002166],[140.8374097,35.6958358],[140.8654632,35.6925538],[140.8677273,35.729861],[140.8755248,35.7316303],[140.867741,35.730319],[140.8741245,35.7332045],[140.8677611,35.7377574],[140.8818889,35.7309252],[140.8609561,35.7499048],[140.8719823,35.740003],[140.818047,35.740366],[140.74436,35.783242],[140.706567,35.836257],[140.683548,35.849054],[140.630678,35.859126],[140.607984,35.895814],[140.511236,35.958737],[140.487168,35.928594],[140.502794,35.905522],[140.45843,35.926542],[140.448458,35.91502],[140.424791,35.907221],[140.398305,35.909301],[140.361601,35.898558],[140.3194,35.864645],[140.278291,35.874045],[140.241478,35.854585],[140.205426,35.861321],[140.150725,35.843378],[140.124591,35.87251],[140.092818,35.883866],[140.073668,35.876719],[140.020894,35.909228],[139.994309,35.909807],[139.937961,35.941011],[139.931649,35.950767],[139.9366518,35.9664071],[139.884158,35.988829],[139.876011,36.011044],[139.812984,36.063145],[139.803416,36.087718],[139.786769,36.104101],[139.776211,36.090768],[139.782755,36.070219],[139.817276,36.032505],[139.814184,35.997332],[139.826639,35.983432],[139.825653,35.972762],[139.847668,35.93956],[139.865987,35.927614],[139.900333,35.864175],[139.888518,35.832167],[139.893799,35.778707],[139.879457,35.767525],[139.899446,35.744386],[139.89765,35.724999],[139.919009,35.6991282],[139.90715,35.684384],[139.886936,35.67926],[139.8869,35.653734],[139.8723964784947,35.63731819395902],[139.872606,35.62546],[139.8929187,35.6254158],[139.8975772,35.6166486],[139.9060456,35.6211742],[139.9394582,35.6405021],[139.9181125,35.6554019],[139.9476636,35.6695477],[139.9223074,35.6736314],[139.9467454,35.6809811],[139.9531529,35.6717431],[139.9751751,35.6834823],[139.991522,35.6749343],[139.9858471,35.6638438],[140.0019041,35.6656498],[140.002973,35.659787],[139.9864781,35.6601221],[139.9873372,35.6544577],[140.0136566,35.657411],[140.083973,35.596723],[140.077956,35.610406],[140.083023,35.61385],[140.100462,35.604539],[140.0889798,35.5945429],[140.101701,35.593942],[140.10594,35.602658],[140.1076156,35.592003],[140.1177023,35.596561],[140.1105926,35.5895508],[140.1121434,35.570456],[140.1270476,35.5691655],[140.091078,35.564515],[140.115617,35.550341],[140.1148942,35.5408706],[140.112328,35.549882],[140.088225,35.552001],[140.101027,35.538421],[140.096161,35.535376],[140.0663642,35.553407],[140.069996,35.542072],[140.0616659,35.5442135],[140.0530433,35.5351815],[140.060757,35.530036],[140.0490255,35.5325521],[140.0369075,35.5164235],[140.044431,35.509496],[140.0329235,35.5136454],[140.0252101,35.5015467],[140.0331851,35.4917166],[140.021884,35.4968709],[140.020039,35.486633],[140.0097687,35.4862617],[140.0230029,35.4676235],[140.0025228,35.4825735],[139.9966791,35.4761791],[140.003304,35.46822],[139.9888712,35.4698787],[139.9980788,35.4573042],[139.9933821,35.4532307],[139.9820835,35.4747751],[139.9657139,35.4685949],[139.9744696,35.448469],[139.9551378,35.4438271],[139.9521296,35.4529586],[139.964659,35.452948],[139.96267,35.458623],[139.9510609,35.4561117],[139.948791,35.442164],[139.9186915,35.4418419],[139.900285,35.4298891],[139.9070653,35.4289924],[139.8999727,35.4295999],[139.8968785,35.4191317],[139.904359,35.414379],[139.898626,35.417495],[139.896979,35.410265],[139.9073007,35.3880701],[139.9187626,35.3859152],[139.8975992,35.3750245],[139.9074007,35.3703408],[139.8877974,35.3709125],[139.897898,35.3583627],[139.845976,35.375318],[139.839174,35.367223],[139.862864,35.342681],[139.8547753,35.3505867],[139.847197,35.34675],[139.8377531,35.3589775],[139.8215735,35.3463685],[139.8249825,35.3362894],[139.8424116,35.3332572],[139.8212549,35.3233253],[139.8211968,35.3344167],[139.8164022,35.3240561],[139.8221772,35.317968],[139.833721,35.3218188],[139.7837615,35.3128172],[139.846905,35.290699],[139.8533751,35.2822072],[139.846289,35.271779],[139.8695109,35.2402409],[139.867266,35.219947],[139.8234785,35.1973989],[139.8152005,35.1706744],[139.8223104,35.1647161],[139.816598,35.154761],[139.828157,35.151382],[139.839284,35.13059],[139.8239673,35.1140306],[139.823528,35.101007],[139.8366259,35.0992568],[139.842407,35.086537],[139.819212,35.065914],[139.83197,35.051026],[139.8309505,35.0408873],[139.815504,35.043481],[139.810367,35.037531],[139.851714,35.023844],[139.8582134,34.9991955],[139.8490732,34.9852171],[139.8421343,34.9920982],[139.823801,34.991355],[139.8183299,34.9779705],[139.75235,34.974284]]]}},{"type":"Feature","id":"JP-38","properties":{"name":"Ehime","shapeName":"Ehime Prefecture","shapeISO":"JP-38","shapeID":"47310658B51488753471902","shapeGroup":"JPN","shapeType":"ADM1"},"geometry":{"type":"MultiPolygon","coordinates":[[[[132.652937,33.900215],[132.667798,33.898651],[132.663169,33.872896],[132.689638,33.875802],[132.6723237,33.8956441],[132.693336,33.90402],[132.6905951,33.9134603],[132.702734,33.926443],[132.690499,33.927761],[132.679204,33.921287],[132.677602,33.910018],[132.65984,33.910971],[132.652937,33.900215]]],[[[132.378299,33.023499],[132.397495,33.014372],[132.400743,33.027332],[132.411664,33.027347],[132.403943,33.03417],[132.412012,33.038824],[132.407515,33.054996],[132.41862,33.057925],[132.431843,33.047424],[132.427562,33.065229],[132.412922,33.063192],[132.414682,33.072605],[132.403618,33.069384],[132.406242,33.062076],[132.396245,33.054775],[132.403405,33.051216],[132.402417,33.039477],[132.394517,33.038688],[132.395719,33.027413],[132.378299,33.023499]]],[[[133.1988035,34.2687133],[133.2058619,34.2381435],[133.2193686,34.2497732],[133.209167,34.2585095],[133.2377869,34.2806173],[133.2287767,34.2923507],[133.1988035,34.2687133]]],[[[133.129981,34.25708],[133.1328674,34.2408206],[133.166446,34.2561374],[133.1521473,34.2814337],[133.129981,34.25708]]],[[[133.054136,34.212064],[133.071143,34.209548],[133.081568,34.192908],[133.097164,34.204515],[133.109506,34.190981],[133.1265,34.195423],[133.117577,34.205984],[133.138161,34.210919],[133.139956,34.221442],[133.13443,34.214508],[133.123394,34.218722],[133.122857,34.211112],[133.11794,34.218422],[133.109289,34.213862],[133.107913,34.241914],[133.100079,34.232339],[133.095992,34.238885],[133.07876,34.229622],[133.06650625,34.23551637179487],[133.058967,34.227555],[133.067101,34.218872],[133.054136,34.212064]]],[[[132.941881,34.203449],[132.951683,34.203511],[132.948719,34.192989],[132.963115,34.191445],[133.003183,34.209897],[133.050397,34.21427],[133.058604,34.219963],[133.051683,34.241188],[133.057511,34.258636],[133.044135,34.261609],[133.027659,34.294199],[133.011321,34.299835],[132.999199,34.290202],[132.984142,34.290568],[132.980744,34.284539],[132.990265,34.273884],[132.964395,34.263965],[132.992345,34.259214],[132.988689,34.221227],[132.980509,34.228601],[132.964255,34.227623],[132.965321,34.219409],[132.954308,34.222833],[132.941881,34.203449]]],[[[132.012666,33.344301],[132.051633,33.357614],[132.047994,33.366174],[132.094557,33.387592],[132.120787,33.388349],[132.111733,33.378775],[132.117377,33.372318],[132.102829,33.372067],[132.10358,33.361839],[132.153132,33.37276],[132.15408,33.390317],[132.182057,33.411917],[132.237089,33.42545],[132.255016,33.441207],[132.280661,33.447152],[132.299907,33.474733],[132.316986,33.451688],[132.32429,33.47301],[132.353878,33.474252],[132.341776,33.484815],[132.351302,33.488196],[132.371542,33.472971],[132.373194,33.460452],[132.39024,33.477054],[132.40171,33.468047],[132.391503,33.468987],[132.387356,33.459461],[132.4064491,33.4560712],[132.4234895,33.4644296],[132.408168,33.446551],[132.381888,33.442479],[132.416206,33.442829],[132.405769,33.423789],[132.397611,33.430072],[132.380639,33.417586],[132.393731,33.41327],[132.389157,33.404506],[132.396633,33.39769],[132.378579,33.385196],[132.388982,33.372129],[132.383942,33.36172],[132.404176,33.37136],[132.410633,33.384009],[132.419358,33.383199],[132.405968,33.360188],[132.419734,33.355198],[132.408785,33.353182],[132.410897,33.34313],[132.392201,33.347287],[132.392036,33.339695],[132.377147,33.337839],[132.370384,33.318833],[132.393463,33.319382],[132.400528,33.309168],[132.421169,33.303256],[132.431243,33.319777],[132.451827,33.308853],[132.469376,33.312921],[132.46836,33.319336],[132.490319,33.315883],[132.492522,33.325677],[132.498054,33.311846],[132.522789,33.315628],[132.527974,33.306406],[132.507831,33.305953],[132.489103,33.294552],[132.476974,33.274593],[132.500919,33.270111],[132.508999,33.2592],[132.542197,33.271516],[132.540043,33.25762],[132.519957,33.248714],[132.538965,33.235084],[132.5534271,33.2375287],[132.550641,33.225267],[132.5576591,33.2208345],[132.540719,33.227193],[132.544005,33.213861],[132.511731,33.213825],[132.498851,33.202396],[132.505656,33.196683],[132.490048,33.195147],[132.508696,33.194084],[132.503995,33.18784],[132.515643,33.170861],[132.501003,33.170202],[132.504696,33.179981],[132.492495,33.184587],[132.497384,33.171564],[132.48685,33.164478],[132.477037,33.170049],[132.485664,33.175879],[132.47858,33.176166],[132.48304,33.185814],[132.470918,33.176223],[132.457436,33.185771],[132.460484,33.201084],[132.454315,33.203736],[132.460221,33.21003],[132.446515,33.200578],[132.420283,33.214917],[132.406294,33.205624],[132.42989,33.20436],[132.438523,33.185322],[132.447802,33.192665],[132.446966,33.18439],[132.464693,33.172013],[132.432634,33.169319],[132.434152,33.15491],[132.424652,33.155207],[132.443486,33.148016],[132.44043,33.137987],[132.451877,33.131671],[132.4534021,33.1424662],[132.475311,33.134845],[132.4780038,33.1420951],[132.499644,33.137448],[132.499221,33.123195],[132.51167,33.121162],[132.484002,33.124711],[132.470622,33.114763],[132.469349,33.12679],[132.446754,33.124373],[132.466953,33.118193],[132.47523,33.106611],[132.470908,33.099491],[132.481272,33.097309],[132.462884,33.093361],[132.461305,33.085849],[132.470578,33.081328],[132.461585,33.076042],[132.472469,33.069908],[132.478465,33.084219],[132.486064,33.076006],[132.479393,33.071589],[132.488892,33.065131],[132.482888,33.05597],[132.479491,33.064958],[132.448941,33.055266],[132.443961,33.065478],[132.44387,33.057185],[132.432824,33.051594],[132.452016,33.035124],[132.449876,33.048209],[132.47011,33.049647],[132.470715,33.039575],[132.482176,33.049194],[132.484549,33.01101],[132.495038,33.018372],[132.506117,33.004759],[132.500722,32.993354],[132.511362,32.976675],[132.537352,32.968696],[132.537581,32.97486],[132.554451,32.963192],[132.550126,32.95678],[132.531129,32.965785],[132.527849,32.959736],[132.511509,32.968181],[132.495379,32.963567],[132.504014,32.972513],[132.495938,32.977087],[132.505045,32.980077],[132.493503,32.982148],[132.497419,32.98776],[132.484721,32.980567],[132.484298,32.971492],[132.469912,32.969321],[132.503077,32.954762],[132.4921,32.939812],[132.461389,32.940123],[132.477959,32.921786],[132.472634,32.907106],[132.491614,32.897733],[132.493377,32.903695],[132.522001,32.908477],[132.527323,32.92066],[132.496869,32.91875],[132.527032,32.932694],[132.504923,32.941536],[132.512743,32.95039],[132.535525,32.948699],[132.539661,32.935887],[132.56729,32.929115],[132.548081,32.944845],[132.573062,32.946857],[132.577737,32.938418],[132.602217,32.947519],[132.586108,32.938483],[132.598757,32.91264],[132.65527345802806,32.925088562295876],[132.652489,32.939451],[132.683392,32.946832],[132.681132,32.964124],[132.691516,32.973571],[132.676884,33.010635],[132.67823,33.03771],[132.657674,33.057057],[132.669502,33.071183],[132.66397,33.108231],[132.628503,33.133627],[132.632295,33.149244],[132.614879,33.169043],[132.619444,33.180879],[132.635659,33.1864],[132.634498,33.178415],[132.66238,33.154419],[132.686416,33.135046],[132.695835,33.137587],[132.737772,33.181783],[132.740787,33.201477],[132.775591,33.205972],[132.771964,33.241276],[132.792643,33.27458],[132.849563,33.289574],[132.900491,33.31904],[132.900436,33.343737],[132.883797,33.362349],[132.86002,33.368455],[132.854437,33.398398],[132.835754,33.400179],[132.834013,33.420152],[132.823403,33.429468],[132.826562,33.445604],[132.808167,33.453539],[132.809436,33.464794],[132.846938,33.479181],[132.87229,33.471069],[132.959021,33.466281],[133.015286,33.480802],[133.01329,33.490437],[133.034395,33.511992],[133.037796,33.526234],[133.06414,33.54251],[133.062327,33.561623],[133.046592,33.576328],[133.056611,33.595755],[133.07962,33.6087],[133.067234,33.621665],[133.07502,33.650619],[133.116611,33.660218],[133.120284,33.690608],[133.144581,33.704652],[133.139817,33.715691],[133.16121,33.731526],[133.157807,33.750245],[133.182622,33.766565],[133.192846,33.793858],[133.205713,33.794514],[133.219844,33.780431],[133.236921,33.782725],[133.255867,33.792434],[133.267676,33.824068],[133.282219,33.831971],[133.325691,33.814684],[133.355622,33.834311],[133.391407,33.824314],[133.415306,33.839915],[133.499058,33.829085],[133.508312,33.847116],[133.526354,33.853661],[133.525903,33.861711],[133.550046,33.882046],[133.583034,33.86765],[133.597641,33.88024],[133.627308,33.872031],[133.643419,33.883363],[133.660748,33.881809],[133.677946,33.893084],[133.677578,33.909551],[133.690517,33.916291],[133.68563,33.925716],[133.675684,33.92638],[133.692445,33.943647],[133.687054,33.954895],[133.692364,33.962455],[133.682977,33.964593],[133.682206,33.983254],[133.675107,33.983603],[133.685098,34.00709],[133.665203,34.027239],[133.63946,34.025932],[133.626878,34.037767],[133.61331,34.032321],[133.598556,34.043468],[133.578542,34.031212],[133.572212,34.017053],[133.56772,34.023295],[133.561402,34.009174],[133.548374,34.009941],[133.55556,34.000939],[133.545971,34.007687],[133.541198,34.003374],[133.552185,33.99528],[133.545073,33.985936],[133.5377517,33.995305],[133.538264,33.983169],[133.532609,33.986853],[133.512148,33.969751],[133.463201,33.974447],[133.453054,33.984085],[133.443145,33.977622],[133.441132,33.984548],[133.410861,33.990698],[133.336326,33.980267],[133.333182,33.990823],[133.321158,33.994442],[133.3070002,33.9831064],[133.2906947,33.9849101],[133.289295,33.973636],[133.2806337,33.9895071],[133.278696,33.981435],[133.266999,33.980195],[133.28297,33.973009],[133.270046,33.975171],[133.270826,33.968913],[133.277339,33.971298],[133.263795,33.969882],[133.263473,33.960903],[133.260835,33.979713],[133.248647,33.975978],[133.249788,33.964229],[133.256845,33.962171],[133.24905,33.960668],[133.254238,33.955882],[133.246937,33.959832],[133.247637,33.952268],[133.2354203,33.9561115],[133.1993541,33.9462186],[133.198097,33.9331613],[133.1957613,33.9460073],[133.178256,33.9475749],[133.1804709,33.9418274],[133.1708903,33.9415926],[133.1759988,33.9263555],[133.166797,33.9406536],[133.1277078,33.9213742],[133.127449,33.941352],[133.1189603,33.924489],[133.1123681,33.9305338],[133.1194162,33.9411076],[133.1077517,33.9478526],[133.0893709,33.9378068],[133.1011618,33.9491296],[133.0882188,33.9454603],[133.0728472,33.9727088],[133.0626978,33.9754085],[133.0606801,33.995637],[133.029817,34.04547],[133.0326347,34.0568311],[133.0216321,34.0479867],[133.0228148,34.0625851],[133.0059405,34.0744332],[133.006825,34.06592],[132.9957749,34.0787824],[132.9786723,34.1159215],[132.9691112,34.1014832],[132.9652407,34.1184441],[132.941746,34.142844],[132.9243525,34.1164145],[132.891274,34.11832],[132.898625,34.109272],[132.926942,34.110139],[132.9313722,34.0909191],[132.9192681,34.0865704],[132.9259574,34.0719739],[132.917174,34.069952],[132.9243392,34.0676925],[132.8650871,34.0592121],[132.7984012,34.0084074],[132.7655085,33.9988707],[132.774747,33.988302],[132.7552613,33.9114532],[132.7311021,33.8995325],[132.7093341,33.9069514],[132.698569,33.878799],[132.7189466,33.8648638],[132.7064439,33.8668234],[132.7103937,33.8541051],[132.69629,33.85208],[132.700869,33.838839],[132.687268,33.833954],[132.6960999,33.8110777],[132.6846297,33.8134747],[132.6881048,33.7933067],[132.7023114,33.7877515],[132.692169,33.7863683],[132.699226,33.7565876],[132.6936706,33.7603111],[132.677613,33.744037],[132.652606,33.696967],[132.585708,33.653532],[132.477095,33.616592],[132.423874,33.548516],[132.305749,33.486572],[132.281905,33.481547],[132.27743,33.473141],[132.258567,33.473748],[132.265697,33.467607],[132.26078,33.450287],[132.243558,33.457901],[132.249136,33.460133],[132.242062,33.465636],[132.22578,33.459224],[132.22467,33.444265],[132.199593,33.456091],[132.1945,33.442127],[132.17281,33.44621],[132.173798,33.426347],[132.156756,33.440094],[132.147971,33.432528],[132.169107,33.419508],[132.165731,33.411337],[132.153323,33.40712],[132.138382,33.421332],[132.134968,33.402748],[132.120442,33.420011],[132.012666,33.344301]]],[[[132.577877,33.968498],[132.600671,33.942726],[132.614003,33.95683],[132.640637,33.955321],[132.640213,33.971368],[132.629969,33.974549],[132.645218,33.981252],[132.640885,34.004768],[132.652531,34.013502],[132.645342,34.018505],[132.645001,34.010101],[132.62487,33.99432],[132.609636,33.995329],[132.590294,33.9709],[132.577877,33.968498]]],[[[133.012552,34.110695],[133.034979,34.107744],[133.086863,34.157297],[133.100895,34.158476],[133.111628,34.178827],[133.083103,34.169521],[133.068672,34.191663],[133.029797,34.193131],[133.02092,34.178246],[133.035666,34.169612],[133.041106,34.150059],[133.034687,34.147607],[133.026574,34.158355],[133.022268,34.154074],[133.014339,34.128348],[133.023169,34.124608],[133.012552,34.110695]]]]}},{"type":"Feature","id":"JP-18","properties":{"name":"Fukui","shapeName":"Fukui Prefecture","shapeISO":"JP-18","shapeID":"47310658B56113460554138","shapeGroup":"JPN","shapeType":"ADM1"},"geometry":{"type":"Polygon","coordinates":[[[135.449442,35.526047],[135.476224,35.505493],[135.476207,35.489447],[135.458346,35.468301],[135.497943,35.437424],[135.495276,35.42615],[135.502049,35.420031],[135.525793,35.420419],[135.527588,35.380113],[135.53698,35.376671],[135.642056,35.366906],[135.700883,35.343678],[135.718385,35.355417],[135.731479,35.350552],[135.740235,35.358409],[135.768785,35.356014],[135.790893,35.386639],[135.807528,35.385362],[135.813657,35.413301],[135.853202,35.411537],[135.854338,35.400778],[135.864691,35.3944],[135.89057,35.403175],[135.8929813,35.4198474],[135.914162,35.432106],[135.909782,35.447046],[135.915943,35.470905],[135.939647,35.520543],[135.947022,35.520476],[135.95237,35.506221],[135.9726,35.50019],[135.981159,35.486557],[136.004343,35.490971],[136.028809,35.52337],[136.026532,35.529497],[136.048617,35.534512],[136.069436,35.526267],[136.082907,35.540577],[136.106454,35.528989],[136.113838,35.582898],[136.16983,35.565943],[136.166384,35.582481],[136.176807,35.598448],[136.150162,35.659381],[136.134474,35.669446],[136.150945,35.698191],[136.191091,35.702464],[136.212607,35.681701],[136.234406,35.682462],[136.280741,35.658631],[136.298906,35.677684],[136.291821,35.690524],[136.323952,35.716747],[136.325197,35.743649],[136.318385,35.751059],[136.327947,35.775102],[136.346526,35.776047],[136.376657,35.795178],[136.430933,35.774992],[136.485713,35.776455],[136.50593,35.750294],[136.522814,35.788166],[136.570744,35.777424],[136.599149,35.79853],[136.622056,35.7868],[136.645194,35.806832],[136.657664,35.783483],[136.676958,35.793254],[136.710047,35.792044],[136.723383,35.808195],[136.741096,35.801069],[136.763909,35.810608],[136.77602,35.798834],[136.789316,35.799436],[136.801959,35.843675],[136.825115,35.845407],[136.832344,35.859267],[136.813702,35.910923],[136.783921,35.92574],[136.793243,35.945982],[136.752864,35.956461],[136.752249,35.988606],[136.726743,35.995938],[136.73279,36.048882],[136.764254,36.067683],[136.763996,36.074447],[136.754282,36.086291],[136.662288,36.067629],[136.651342,36.092233],[136.614888,36.10816],[136.601716,36.129517],[136.563159,36.1446],[136.559794,36.153158],[136.510714,36.146125],[136.488043,36.159142],[136.456637,36.136267],[136.440603,36.137256],[136.414283,36.156624],[136.409304,36.172227],[136.358042,36.165101],[136.335664,36.184871],[136.327915,36.208802],[136.332281,36.229781],[136.316968,36.234758],[136.301202,36.258218],[136.26681,36.265102],[136.264218,36.278327],[136.256265,36.279657],[136.258592,36.289321],[136.2440524088097,36.29527537129256],[136.170248,36.251934],[136.123298,36.250095],[136.134918,36.221586],[136.118771,36.20047],[136.134362,36.204735],[136.129871,36.1924],[136.10787,36.173627],[136.119976,36.190342],[136.112752,36.205284],[136.114395,36.192536],[136.09058,36.160521],[136.092209,36.152215],[136.054617,36.129041],[136.048451,36.109482],[136.027866,36.095767],[136.0305306,36.0864447],[136.0081542,36.0433477],[136.0106954,36.0336264],[135.967849,36.001294],[135.957702,35.982529],[135.997367,35.934812],[135.993278,35.887561],[136.070905,35.824285],[136.100253,35.778268],[136.099924,35.746677],[136.085701,35.739233],[136.09648,35.735638],[136.098656,35.725768],[136.092365,35.710972],[136.078478,35.703403],[136.086063,35.684231],[136.064534,35.679522],[136.0742719,35.6780435],[136.074276,35.6673721],[136.061933,35.6638072],[136.0722961,35.6606938],[136.0456507,35.657748],[136.041918,35.670563],[136.025542,35.680329],[136.032769,35.692568],[136.044202,35.691147],[136.04436,35.705473],[136.037689,35.709817],[136.038267,35.726901],[136.02241,35.74509],[136.024043,35.749974],[136.037635,35.73879],[136.032597,35.750396],[136.017453,35.764068],[135.981064,35.733107],[135.967914,35.735596],[135.954224,35.721954],[135.955808,35.702916],[135.966074,35.700945],[135.960575,35.7052],[135.9707,35.712076],[135.975706,35.697658],[135.977448,35.686182],[135.965308,35.674353],[135.963156,35.657032],[135.986084,35.642487],[135.978222,35.627607],[135.962676,35.622365],[135.949806,35.633865],[135.950333,35.626648],[135.930018,35.611424],[135.912955,35.609419],[135.906846,35.624738],[135.894817,35.621092],[135.893414,35.61163],[135.885125,35.617771],[135.867789,35.608124],[135.856805,35.614931],[135.859185,35.623786],[135.843686,35.626381],[135.84621,35.635453],[135.814667,35.642214],[135.814548,35.632282],[135.822447,35.637627],[135.83281,35.631406],[135.823523,35.631379],[135.823809,35.623909],[135.83881,35.620837],[135.826563,35.60981],[135.831911,35.603347],[135.842488,35.607718],[135.855609,35.600363],[135.857194,35.582127],[135.838702,35.562742],[135.81123,35.577415],[135.801354,35.571321],[135.82606,35.55188],[135.833709,35.535834],[135.812679,35.537659],[135.815292,35.529478],[135.804749,35.533057],[135.798438,35.524958],[135.785959,35.534714],[135.793333,35.541549],[135.765933,35.557306],[135.770017,35.54388],[135.75707,35.543257],[135.749879,35.566608],[135.714644,35.569866],[135.688649,35.546247],[135.716782,35.540744],[135.717941,35.519726],[135.733945,35.525561],[135.739108,35.536099],[135.764964,35.533886],[135.751382,35.531115],[135.743956,35.503114],[135.73453,35.500576],[135.740955,35.499342],[135.737357,35.49389],[135.720611,35.492288],[135.71954,35.485119],[135.700615,35.494723],[135.680796,35.487099],[135.662583,35.493773],[135.648167,35.478256],[135.581249,35.489641],[135.591045,35.495115],[135.62678,35.48873],[135.642282,35.507037],[135.637014,35.513014],[135.641953,35.51921],[135.630962,35.522157],[135.657517,35.531145],[135.669382,35.524638],[135.659383,35.534882],[135.665934,35.538682],[135.657196,35.543117],[135.66093,35.547663],[135.631443,35.537447],[135.618799,35.519257],[135.563546,35.490449],[135.552111,35.497182],[135.536188,35.488837],[135.509875,35.501185],[135.516365,35.551253],[135.499032,35.553727],[135.502157,35.542376],[135.495579,35.53996],[135.509769,35.534619],[135.502668,35.53339],[135.504347,35.522572],[135.492546,35.522912],[135.491014,35.530608],[135.480234,35.522323],[135.481361,35.535346],[135.468621,35.530264],[135.486599,35.557936],[135.460484,35.548457],[135.449442,35.526047]]]}},{"type":"Feature","id":"JP-40","properties":{"name":"Fukuoka","shapeName":"Fukuoka Prefecture","shapeISO":"JP-40","shapeID":"47310658B84955483384411","shapeGroup":"JPN","shapeType":"ADM1"},"geometry":{"type":"MultiPolygon","coordinates":[[[[130.0395710582718,33.4697652264276],[130.0900631,33.468454],[130.1069265,33.477829],[130.1389663,33.4703981],[130.1507421,33.4776199],[130.1760522,33.465917],[130.1986661,33.4812],[130.2499181,33.4704971],[130.2749694,33.479682],[130.2969244,33.462851],[130.3454282,33.4450209],[130.3557874,33.43324],[130.3688111,33.436281],[130.3782191,33.424959],[130.3967194,33.42743],[130.4168091,33.410449],[130.4077041,33.402056],[130.4109714,33.39504],[130.4381501,33.400069],[130.4422141,33.415634],[130.4580811,33.4197809],[130.4765933,33.4384641],[130.5124601,33.449447],[130.5358361,33.440072],[130.5421271,33.378797],[130.5359793,33.342962],[130.5088373,33.3432931],[130.4994561,33.3255761],[130.4795621,33.330553],[130.4893951,33.315929],[130.4840911,33.3053509],[130.4560243,33.301422],[130.4679771,33.287283],[130.4487263,33.278407],[130.4497461,33.2650969],[130.4362301,33.269794],[130.4384601,33.2892301],[130.4309753,33.2923331],[130.4295651,33.274012],[130.4180621,33.269395],[130.4133881,33.251331],[130.4020964,33.248651],[130.4007851,33.258081],[130.3891644,33.257841],[130.3853914,33.24054],[130.3732964,33.244264],[130.3698364,33.23808],[130.3783861,33.221306],[130.3395864,33.204471],[130.3405554,33.188446],[130.3531204,33.180462],[130.35579320645536,33.14048080144916],[130.377363,33.142318],[130.372905,33.120216],[130.39756,33.107203],[130.387995,33.095501],[130.41383,33.085107],[130.425232,33.052754],[130.423093,33.029531],[130.407861,33.017215],[130.408283,33.010211],[130.414311,33.016658],[130.423595,33.011923],[130.396664,32.999967],[130.5060241,33.0027089],[130.5157931,33.014018],[130.4967283,33.051757],[130.5168733,33.065566],[130.5314391,33.06397],[130.5413663,33.082011],[130.5656121,33.0871049],[130.561796,33.104189],[130.5768773,33.115017],[130.6595701,33.109484],[130.6543993,33.113948],[130.6689001,33.138953],[130.6665091,33.155046],[130.6800211,33.171308],[130.6907703,33.164065],[130.6920542,33.151547],[130.7323681,33.1544841],[130.7708892,33.1243311],[130.7920122,33.123692],[130.8242812,33.105641],[130.8533221,33.109139],[130.8796461,33.152985],[130.8735922,33.168426],[130.8874971,33.186479],[130.8364892,33.210599],[130.8594041,33.229521],[130.8262622,33.2367619],[130.8287032,33.2574581],[130.8680481,33.264078],[130.8520742,33.277469],[130.8663481,33.292112],[130.8572991,33.326901],[130.8353482,33.343546],[130.8611581,33.361657],[130.8626812,33.3768941],[130.8863502,33.379696],[130.8949211,33.446155],[130.9262861,33.457624],[130.9424182,33.485642],[130.9728911,33.505519],[131.015343,33.50911],[131.0295861,33.518859],[131.075701,33.505297],[131.177274,33.507174],[131.1662752,33.527357],[131.188516,33.547787],[131.189801,33.562257],[131.1723422,33.583033],[131.18682844252612,33.6183249511737],[131.17825,33.622209],[131.167202,33.611671],[131.128944,33.631242],[131.133075,33.623014],[131.115009,33.630472],[131.114036,33.61742],[131.113307,33.623938],[131.10784,33.616868],[131.093397,33.623721],[131.072838,33.65629],[131.063415,33.654191],[131.065832,33.664997],[131.050157,33.685732],[131.055822,33.690518],[131.040735,33.689996],[131.020952,33.730715],[131.011389,33.731212],[131.018975,33.746735],[131.000535,33.757198],[131.017699,33.768113],[131.011639,33.777606],[130.999297,33.769437],[131.001239,33.774922],[130.99258,33.774317],[131.002947,33.781063],[130.995659,33.791088],[131.001969,33.79511],[130.985168,33.78475],[130.9878817,33.7965097],[131.00017,33.800492],[130.996199,33.809935],[131.021852,33.803331],[131.011787,33.819625],[130.9665497,33.8094966],[130.95677,33.8294832],[130.9605895,33.8389772],[130.976372,33.834399],[130.986753,33.854952],[130.993423,33.851016],[130.998222,33.868324],[130.982108,33.867123],[130.990527,33.885569],[130.999707,33.87357],[131.004692,33.891555],[130.987164,33.899928],[130.996942,33.907314],[131.005244,33.903984],[131.004416,33.914557],[131.015816,33.919525],[131.000197,33.926036],[131.010638,33.93018],[131.010401,33.941709],[131.021605,33.942248],[131.020015,33.962385],[131.000995,33.964046],[131.008387,33.9675],[131.002203,33.969919],[130.989327,33.957638],[130.991985,33.962299],[130.96279,33.962155],[130.964427,33.946889],[130.945987,33.938294],[130.931844,33.907869],[130.891539,33.88758],[130.890173,33.893571],[130.877646,33.889463],[130.893281,33.896168],[130.887734,33.902038],[130.863211,33.896026],[130.884139,33.905195],[130.871868,33.915924],[130.8482,33.905385],[130.869227,33.917479],[130.850462,33.914908],[130.860866,33.92388],[130.857019,33.928924],[130.825135,33.920644],[130.822918,33.903621],[130.806024,33.892346],[130.808799,33.878787],[130.800102,33.873885],[130.803206,33.891547],[130.770897,33.87398],[130.772849,33.879565],[130.741188,33.87492],[130.748938,33.877952],[130.745211,33.88823],[130.753456,33.878195],[130.814513,33.90228],[130.816745,33.914193],[130.8065185,33.9146503],[130.8185228,33.9229735],[130.8074314,33.9315389],[130.777449,33.934231],[130.7535454,33.9197491],[130.7525309,33.9258741],[130.7688447,33.9291129],[130.7601339,33.9339686],[130.7687673,33.9472979],[130.7526156,33.9452828],[130.7525671,33.9319876],[130.7357844,33.9265654],[130.7286794,33.9360856],[130.682986,33.937554],[130.682388,33.924268],[130.657269,33.909686],[130.673436,33.891019],[130.659275,33.900501],[130.631709,33.8839],[130.590865,33.877828],[130.569559,33.880255],[130.563932,33.891144],[130.525169,33.89009],[130.529586,33.876368],[130.517579,33.860347],[130.488683,33.850966],[130.477326,33.857747],[130.482139,33.843879],[130.472375,33.817309],[130.459807,33.8097],[130.44393,33.814929],[130.4502515,33.7848203],[130.4603876,33.804797],[130.46728,33.804746],[130.4569879,33.786468],[130.465865,33.785704],[130.4707926,33.7732219],[130.4635501,33.7450544],[130.439928,33.720158],[130.421089,33.718585],[130.415967,33.702275],[130.388077,33.679483],[130.324278,33.660073],[130.31629,33.662328],[130.30431,33.687169],[130.290159,33.687375],[130.28582,33.679563],[130.298687,33.660256],[130.325449,33.659347],[130.333837,33.649307],[130.356875,33.643354],[130.367899,33.664867],[130.430056,33.687115],[130.432817,33.679186],[130.425419,33.675083],[130.434537,33.6622785],[130.4049961,33.6522029],[130.4220583,33.6472667],[130.420906,33.641098],[130.407344,33.6424571],[130.4032221,33.6233738],[130.4145655,33.6182792],[130.4013418,33.6184747],[130.4081036,33.6108548],[130.3959544,33.6102065],[130.3994607,33.6006265],[130.3899995,33.6097757],[130.3846696,33.6000356],[130.3932184,33.5973194],[130.3856818,33.5941591],[130.3736159,33.6051017],[130.3623994,33.5993259],[130.3682817,33.5915451],[130.3604607,33.5989242],[130.313469,33.59805],[130.30122,33.582322],[130.273847,33.582359],[130.264945,33.594642],[130.2452045,33.5954898],[130.262803,33.6026161],[130.267285,33.593533],[130.27494,33.610044],[130.232335,33.61626],[130.224133,33.634202],[130.236963,33.649098],[130.207795,33.666985],[130.208996,33.652051],[130.199243,33.640486],[130.156969,33.628414],[130.155138,33.61525],[130.161923,33.611121],[130.147131,33.59553],[130.126094,33.589784],[130.107649,33.597074],[130.10797,33.585339],[130.08763,33.581858],[130.09816,33.564158],[130.119682,33.574578],[130.136951,33.567509],[130.132106,33.55835],[130.120324,33.558525],[130.115576,33.546368],[130.126037,33.556686],[130.142098,33.548062],[130.164036,33.561087],[130.154107,33.537185],[130.124181,33.525635],[130.134152,33.52158],[130.126579,33.510107],[130.107074,33.509359],[130.101162,33.516142],[130.091787,33.505977],[130.045388,33.496305],[130.049913,33.489439],[130.0395710582718,33.4697652264276]]],[[[130.405688,33.898049],[130.429724,33.887182],[130.448298,33.912294],[130.408101,33.911261],[130.405688,33.898049]]],[[[130.777377,33.9460545],[130.7841278,33.9349842],[130.812203,33.9312748],[130.8450785,33.9392114],[130.832388,33.949849],[130.8142763,33.9434467],[130.8085493,33.9492532],[130.777377,33.9460545]]]]}},{"type":"Feature","id":"JP-07","properties":{"name":"Fukushima","shapeName":"Fukushima","shapeISO":"JP-07","shapeID":"47310658B52822170400832","shapeGroup":"JPN","shapeType":"ADM1"},"geometry":{"type":"Polygon","coordinates":[[[139.164748,37.237427],[139.196575,37.19403],[139.220656,37.209179],[139.244421,37.1816],[139.243207,37.170381],[139.253837,37.164973],[139.235126,37.110519],[139.260318,37.047691],[139.243358,37.015136],[139.255657,36.988749],[139.247168,36.980486],[139.249889,36.955815],[139.241612,36.94155],[139.229944,36.940049],[139.240839,36.929322],[139.266127,36.941154],[139.304446,36.925825],[139.342378,36.927534],[139.349391,36.913041],[139.372967,36.918408],[139.393281,36.910796],[139.407994,36.92657],[139.430341,36.925932],[139.434439,36.941854],[139.457073,36.954215],[139.461156,36.970721],[139.484198,36.975472],[139.494155,36.967907],[139.535251,36.980585],[139.547869,36.993638],[139.576413,37.002079],[139.582042,37.015083],[139.616676,37.015176],[139.625547,37.033225],[139.66464,37.039842],[139.673264,37.05775],[139.700429,37.059328],[139.719237,37.070951],[139.751806,37.070229],[139.774899,37.091895],[139.822081,37.085138],[139.81504,37.116617],[139.831761,37.133642],[139.894509,37.15322],[139.916323,37.147627],[139.953874,37.155063],[139.99048,37.142716],[140.038549,37.139456],[140.059688,37.125476],[140.097546,37.124347],[140.128246,37.104059],[140.137368,37.106436],[140.156218,37.091391],[140.157185,37.081422],[140.193376,37.065109],[140.203066,37.023964],[140.219969,37.018489],[140.249449,37.025564],[140.252031,37.010228],[140.240199,37.000277],[140.250232,36.988661],[140.243656,36.974001],[140.253076,36.96297],[140.240578,36.946175],[140.272961,36.930157],[140.29269,36.933199],[140.321651,36.908024],[140.326512,36.891304],[140.365198,36.884327],[140.377045,36.838061],[140.415084,36.832029],[140.430955,36.817042],[140.438486,36.821545],[140.464178,36.791405],[140.478606,36.796945],[140.487985,36.818366],[140.513899,36.823446],[140.53802,36.85886],[140.591968,36.873023],[140.580756,36.904411],[140.564941,36.91286],[140.567428,36.936678],[140.586096,36.945287],[140.594443,36.938057],[140.592772,36.92657],[140.615502,36.903273],[140.654941,36.901044],[140.695065,36.888774],[140.714252,36.872788],[140.740827,36.875561],[140.758362,36.867303],[140.760087,36.872369],[140.766162,36.861754],[140.772049,36.868604],[140.78971,36.856489],[140.79233,36.881522],[140.816363,36.908185],[140.841388,36.908609],[140.85399,36.920229],[140.8649673,36.9162055],[140.8616501,36.9215914],[140.8739473,36.9238054],[140.8690753,36.9263513],[140.8748492,36.9326213],[140.8804677,36.9277167],[140.885032,36.9383481],[140.9030955,36.9447052],[140.9249044,36.9352911],[140.9342425,36.9499704],[140.967079,36.970559],[140.970607,36.987928],[140.982992,36.995522],[140.972714,37.023798],[140.973737,37.048952],[140.983597,37.090603],[141.000396,37.115308],[141.002487,37.200164],[141.012293,37.229138],[141.028754,37.237977],[141.016434,37.230178],[141.0233268,37.2348253],[141.012897,37.240917],[141.02544,37.3133117],[141.0386325,37.3187337],[141.0280262,37.3137673],[141.027461,37.322252],[141.0361624,37.3191263],[141.025475,37.324828],[141.039257,37.36388],[141.033741,37.41897],[141.042853,37.423325],[141.036545,37.419807],[141.034351,37.431072],[141.043524,37.481696],[141.0376049,37.4838436],[141.030807,37.529789],[141.018014,37.660843],[141.0331036,37.6669524],[141.0223846,37.6643334],[141.0192719,37.6716006],[141.0321327,37.6731873],[141.0410426,37.6650138],[141.01477,37.675175],[141.011287,37.739868],[140.989138,37.772963],[140.987348,37.822744],[140.9765708,37.8372961],[140.981515,37.826821],[140.974619,37.823655],[140.984921,37.820253],[140.981036,37.778619],[140.964013,37.788899],[140.971065,37.816743],[140.949383,37.818883],[140.971654,37.820884],[140.9757849,37.8278663],[140.9631038,37.8314093],[140.967615,37.8446027],[140.9595979,37.831375],[140.9551884,37.8385748],[140.9624563,37.8416346],[140.9539867,37.840637],[140.9580153,37.8473853],[140.949434,37.853021],[140.967859,37.8594277],[140.946416,37.853368],[140.930989,37.896172],[140.920174,37.892003],[140.901085,37.897644],[140.900186,37.904336],[140.856218,37.890906],[140.861433,37.861979],[140.850506,37.849237],[140.854718,37.797341],[140.810355,37.795528],[140.775023,37.806362],[140.765475,37.79865],[140.80316,37.779906],[140.792056,37.773277],[140.74512,37.788467],[140.726941,37.781483],[140.712211,37.800299],[140.694344,37.803269],[140.679205,37.836342],[140.691978,37.850868],[140.681841,37.875929],[140.690051,37.888218],[140.662574,37.900225],[140.627314,37.899078],[140.612366,37.915286],[140.591278,37.906177],[140.566352,37.922795],[140.558919,37.909942],[140.488832,37.899474],[140.469506,37.917872],[140.467405,37.938173],[140.474854,37.946786],[140.444626,37.956987],[140.429103,37.954418],[140.409097,37.963817],[140.407428,37.973676],[140.388383,37.969119],[140.384467,37.95222],[140.358851,37.958973],[140.348568,37.95016],[140.27998,37.976647],[140.271275,37.966821],[140.280982,37.941351],[140.264508,37.91194],[140.270698,37.890741],[140.264744,37.885959],[140.269941,37.866549],[140.262095,37.834419],[140.29878,37.807811],[140.235488,37.745889],[140.166395,37.757294],[140.145991,37.752723],[140.140674,37.738081],[140.127602,37.733946],[140.10174,37.737997],[140.086712,37.758046],[140.069105,37.757847],[140.051409,37.779336],[140.019485,37.762026],[139.986482,37.760411],[139.960129,37.79565],[139.957902,37.814864],[139.937015,37.828298],[139.927941,37.827526],[139.92481,37.813516],[139.886603,37.809159],[139.857701,37.826541],[139.810014,37.803239],[139.782939,37.831971],[139.741292,37.820295],[139.715622,37.854161],[139.706393,37.855996],[139.680815,37.846953],[139.714635,37.852924],[139.741491,37.817715],[139.721607,37.809425],[139.657874,37.755009],[139.649599,37.729064],[139.62405,37.710189],[139.62719,37.688286],[139.609399,37.684273],[139.596407,37.665866],[139.54928,37.64904],[139.555291,37.641082],[139.546027,37.628893],[139.548527,37.609638],[139.564974,37.597386],[139.572371,37.57035],[139.565725,37.546112],[139.578695,37.530019],[139.590535,37.528034],[139.585093,37.512899],[139.564737,37.501676],[139.523425,37.514541],[139.485782,37.510279],[139.476103,37.502556],[139.457187,37.51787],[139.429201,37.514663],[139.411234,37.505165],[139.406318,37.466048],[139.397501,37.459841],[139.362539,37.46997],[139.345717,37.460247],[139.304789,37.458841],[139.283956,37.449911],[139.223576,37.449172],[139.207522,37.42891],[139.208423,37.416792],[139.197391,37.411096],[139.212124,37.392096],[139.231492,37.387879],[139.238048,37.372632],[139.233617,37.343603],[139.217859,37.334152],[139.224277,37.319986],[139.212312,37.286241],[139.174739,37.256436],[139.164748,37.237427]]]}},{"type":"Feature","id":"JP-21","properties":{"name":"Gifu","shapeName":"Gifu Prefecture","shapeISO":"JP-21","shapeID":"47310658B28580642450327","shapeGroup":"JPN","shapeType":"ADM1"},"geometry":{"type":"Polygon","coordinates":[[[136.276225,35.653081],[136.288559,35.620589],[136.315764,35.623425],[136.323711,35.616445],[136.314981,35.60593],[136.324449,35.584181],[136.317503,35.547398],[136.337319,35.550255],[136.345976,35.536129],[136.356661,35.539915],[136.362639,35.558747],[136.3728,35.559724],[136.384252,35.533092],[136.4004039,35.530082],[136.405677,35.513456],[136.386718,35.48881],[136.401619,35.470018],[136.420538,35.465962],[136.426222,35.448401],[136.411808,35.418598],[136.444352,35.389425],[136.436484,35.378823],[136.411974,35.370065],[136.410559,35.352544],[136.422325,35.34839],[136.406848,35.305264],[136.391032,35.289969],[136.396962,35.257731],[136.377267,35.243267],[136.41201,35.218447],[136.430901,35.229404],[136.442218,35.21707],[136.461664,35.236226],[136.505985,35.235061],[136.516011,35.253894],[136.534175,35.257089],[136.540855,35.237413],[136.550445,35.233055],[136.547371,35.220316],[136.556988,35.220626],[136.55984,35.206579],[136.576056,35.202252],[136.587719,35.184464],[136.602301,35.178039],[136.623765,35.14583],[136.645218,35.144572],[136.646382,35.165813],[136.672778,35.134777],[136.672318,35.188777],[136.683368,35.202297],[136.678117,35.242213],[136.725733,35.295614],[136.761874,35.361116],[136.772873,35.369342],[136.794456,35.368335],[136.800754,35.360934],[136.834039,35.355945],[136.864932,35.372606],[136.922074,35.379179],[136.960982,35.399052],[136.961819,35.417557],[136.968656,35.422051],[136.993215,35.424196],[136.978264,35.403176],[136.988963,35.401165],[137.002236,35.381374],[137.046952,35.366131],[137.047185,35.336778],[137.068218,35.335682],[137.072979,35.326457],[137.063522,35.318197],[137.066769,35.308972],[137.081841,35.305121],[137.081311,35.292191],[137.096033,35.290554],[137.102334,35.301647],[137.131714,35.29361],[137.145601,35.279826],[137.165227,35.283415],[137.186501,35.25307],[137.223997,35.256201],[137.257197,35.272413],[137.262664,35.285202],[137.275086,35.290492],[137.308081,35.291156],[137.34463,35.273718],[137.344099,35.257858],[137.38318,35.260209],[137.387023,35.240884],[137.408418,35.234801],[137.417078,35.240323],[137.429814,35.222881],[137.520675,35.273477],[137.518935,35.283327],[137.561761,35.283206],[137.556987,35.309875],[137.603914,35.333234],[137.598543,35.379028],[137.577363,35.390436],[137.575227,35.400009],[137.618113,35.391723],[137.634917,35.401163],[137.632045,35.410704],[137.621493,35.412385],[137.615537,35.430595],[137.593011,35.44703],[137.631749,35.470044],[137.624429,35.493827],[137.631587,35.509914],[137.607809,35.533296],[137.573946,35.544725],[137.564118,35.568613],[137.571303,35.584161],[137.5376031,35.5844524],[137.513808,35.608023],[137.526598,35.63426],[137.545447,35.651082],[137.535373,35.665805],[137.497196,35.688482],[137.497633,35.698139],[137.485718,35.706029],[137.485211,35.724704],[137.46663,35.741031],[137.459695,35.761354],[137.440178,35.758554],[137.434266,35.771157],[137.393261,35.777727],[137.391792,35.798583],[137.338113,35.798041],[137.324551,35.812021],[137.333316,35.841966],[137.361126,35.846208],[137.364369,35.878873],[137.380815,35.892423],[137.434898,35.905489],[137.458329,35.889395],[137.476519,35.894169],[137.503555,35.939888],[137.524517,35.942464],[137.541981,35.966629],[137.543456,35.982871],[137.575714,35.995493],[137.594774,36.012916],[137.597858,36.042408],[137.613721,36.059617],[137.613948,36.076388],[137.577993,36.085091],[137.550198,36.112894],[137.560549,36.130242],[137.554719,36.1402],[137.595061,36.172049],[137.595086,36.190741],[137.578567,36.197539],[137.573055,36.218656],[137.583022,36.220397],[137.614736,36.264778],[137.647817,36.289052],[137.652431,36.32201],[137.645419,36.341716],[137.635467,36.342551],[137.617508,36.365379],[137.587083,36.371965],[137.587343,36.389801],[137.540899,36.391443],[137.515042,36.411347],[137.511494,36.423694],[137.474104,36.42541],[137.460708,36.412227],[137.445305,36.412966],[137.403853,36.427123],[137.389932,36.459923],[137.361494,36.450052],[137.351203,36.432904],[137.312893,36.425342],[137.305003,36.435836],[137.313823,36.441596],[137.317008,36.460804],[137.278481,36.464997],[137.256375,36.451142],[137.247608,36.461965],[137.205626,36.427605],[137.191672,36.455214],[137.174936,36.450063],[137.160705,36.456635],[137.091941,36.396541],[137.094879,36.383967],[137.059359,36.373419],[137.062163,36.366142],[137.048901,36.345496],[137.058733,36.342501],[137.051512,36.328134],[137.037568,36.317439],[137.019738,36.318282],[137.012593,36.293101],[136.986213,36.286275],[136.975303,36.274365],[136.957732,36.277937],[136.973286,36.309853],[136.954894,36.339351],[136.907471,36.360842],[136.874754,36.342794],[136.871218,36.36755],[136.865097,36.349661],[136.837149,36.347216],[136.842494,36.332717],[136.832365,36.306812],[136.792284,36.299212],[136.814576,36.266403],[136.833669,36.265828],[136.851821,36.247103],[136.820991,36.210742],[136.8226,36.201498],[136.802056,36.18706],[136.798404,36.172565],[136.766446,36.162556],[136.780759,36.141668],[136.756176,36.099112],[136.754282,36.086291],[136.764968,36.069393],[136.73279,36.048882],[136.726743,35.995938],[136.752249,35.988606],[136.752864,35.956461],[136.793243,35.945982],[136.783921,35.92574],[136.813702,35.910923],[136.832344,35.859267],[136.825115,35.845407],[136.801959,35.843675],[136.789316,35.799436],[136.77602,35.798834],[136.763909,35.810608],[136.741096,35.801069],[136.723383,35.808195],[136.710047,35.792044],[136.676958,35.793254],[136.657664,35.783483],[136.645194,35.806832],[136.622056,35.7868],[136.599149,35.79853],[136.570744,35.777424],[136.522814,35.788166],[136.50593,35.750294],[136.485713,35.776455],[136.430933,35.774992],[136.376657,35.795178],[136.346526,35.776047],[136.327947,35.775102],[136.318385,35.751059],[136.325197,35.743649],[136.323952,35.716747],[136.291821,35.690524],[136.298906,35.677684],[136.276225,35.653081]]]}},{"type":"Feature","id":"JP-10","properties":{"name":"Gunma","shapeName":"Gunma","shapeISO":"JP-10","shapeID":"47310658B57998234967550","shapeGroup":"JPN","shapeType":"ADM1"},"geometry":{"type":"Polygon","coordinates":[[[138.397022,36.489529],[138.401228,36.434211],[138.45696,36.420241],[138.459646,36.404751],[138.488953,36.400934],[138.491818,36.413076],[138.504748,36.414904],[138.538922,36.402503],[138.555004,36.417774],[138.592392,36.424392],[138.647831,36.409282],[138.649554,36.379238],[138.657159,36.368902],[138.647825,36.315577],[138.653527,36.303115],[138.6445,36.293256],[138.600332,36.2784],[138.611759,36.229503],[138.622241,36.214586],[138.634657,36.213675],[138.636703,36.204271],[138.622794,36.196928],[138.636339,36.172067],[138.613163,36.168732],[138.609541,36.161413],[138.583386,36.178832],[138.577271,36.168074],[138.600764,36.135513],[138.63432,36.133947],[138.645374,36.120197],[138.640162,36.117226],[138.64518,36.098807],[138.63053,36.091181],[138.644188,36.04969],[138.631962,36.027054],[138.661985,36.011505],[138.679581,36.011715],[138.688693,35.991775],[138.712547,35.985333],[138.743767,36.0101003],[138.7544081,36.0345264],[138.7735445,36.0387936],[138.7909722,36.0294003],[138.8283912,36.0373031],[138.846033,36.066626],[138.864802,36.077347],[138.897855,36.090655],[138.931487,36.088104],[138.945065,36.094597],[138.957901,36.107642],[138.958435,36.124241],[138.984756,36.115601],[139.004913,36.133442],[139.0415179,36.1275236],[139.042892,36.148247],[139.0623701,36.1532503],[139.0561502,36.1821096],[139.064331,36.187004],[139.063414,36.196286],[139.129659,36.283398],[139.163898,36.278912],[139.244062,36.244434],[139.2670266,36.2426885],[139.266967,36.250558],[139.3211569,36.2366004],[139.347396,36.253707],[139.359284,36.25323],[139.4618999,36.1895727],[139.528211,36.191502],[139.587766,36.21037],[139.624883,36.186572],[139.6289936,36.1954192],[139.6510289,36.1974956],[139.652247,36.212815],[139.6621403,36.2144984],[139.6640596,36.2075517],[139.669936,36.213723],[139.66535,36.223443],[139.659047,36.22121],[139.663085,36.230559],[139.645488,36.240467],[139.641509,36.235459],[139.630713,36.254842],[139.643045,36.26609],[139.632485,36.271166],[139.562251,36.266922],[139.553262,36.279457],[139.544024,36.275784],[139.525959,36.284714],[139.46271,36.272104],[139.458492,36.276847],[139.468479,36.279197],[139.460868,36.287205],[139.443643,36.288362],[139.43821,36.296857],[139.435157,36.292097],[139.416969,36.313297],[139.414831,36.325187],[139.426702,36.324708],[139.422786,36.332257],[139.368593,36.367319],[139.361032,36.383817],[139.411951,36.450044],[139.408231,36.457969],[139.431166,36.45757],[139.436468,36.465976],[139.428074,36.490419],[139.417913,36.494712],[139.442841,36.531584],[139.434504,36.533617],[139.439039,36.550686],[139.460751,36.553247],[139.483522,36.581883],[139.465235,36.606582],[139.427759,36.600973],[139.403719,36.608823],[139.39816,36.60204],[139.386682,36.611984],[139.352282,36.615091],[139.345683,36.625871],[139.329552,36.627668],[139.326695,36.657113],[139.339308,36.678427],[139.336939,36.692355],[139.361124,36.7135],[139.372458,36.746266],[139.355908,36.750567],[139.353049,36.77361],[139.37499,36.784814],[139.37764,36.80426],[139.388604,36.805269],[139.406691,36.826941],[139.348518,36.852741],[139.355673,36.858542],[139.356138,36.877814],[139.370226,36.878232],[139.370624,36.889596],[139.395581,36.906868],[139.372967,36.918408],[139.349391,36.913041],[139.342378,36.927534],[139.304446,36.925825],[139.266127,36.941154],[139.240839,36.929322],[139.230569,36.936936],[139.237945,36.946572],[139.228707,36.961199],[139.206047,36.955863],[139.182722,36.961718],[139.175208,36.973297],[139.179593,36.990387],[139.170987,37.00198],[139.131898,37.025729],[139.122941,37.047145],[139.097008,37.0586272],[139.091123,37.019734],[139.047381,36.987294],[138.966547,36.979076],[138.96665,36.931154],[138.976684,36.920791],[138.979524,36.89178],[138.971463,36.887214],[138.940628,36.895159],[138.923142,36.8836],[138.916012,36.850839],[138.929061,36.832644],[138.881884,36.825786],[138.856439,36.811644],[138.821738,36.817627],[138.831757,36.7939],[138.817764,36.761586],[138.807401,36.764889],[138.784996,36.744912],[138.727022,36.764169],[138.713069,36.739219],[138.622206,36.720389],[138.610856,36.706381],[138.595723,36.714536],[138.584051,36.701199],[138.559772,36.707038],[138.51433,36.690786],[138.518267,36.67621],[138.534612,36.665639],[138.529439,36.655289],[138.490077,36.641197],[138.473092,36.644049],[138.458183,36.633699],[138.454969,36.613852],[138.428667,36.597728],[138.420277,36.574509],[138.428902,36.556451],[138.411906,36.540684],[138.397022,36.489529]]]}},{"type":"Feature","id":"JP-34","properties":{"name":"Hiroshima","shapeName":"Hiroshima","shapeISO":"JP-34","shapeID":"47310658B84769036468911","shapeGroup":"JPN","shapeType":"ADM1"},"geometry":{"type":"MultiPolygon","coordinates":[[[[132.381512,34.171426],[132.387373,34.149675],[132.405213,34.147872],[132.417231,34.157326],[132.413139,34.169718],[132.385418,34.17753],[132.381512,34.171426]]],[[[132.7714483,34.1767059],[132.772364,34.160988],[132.792687,34.165345],[132.800065,34.175175],[132.786851,34.188764],[132.7714483,34.1767059]]],[[[133.288797,34.356056],[133.30386,34.342815],[133.33784,34.356333],[133.342269,34.370991],[133.331922,34.370496],[133.325153,34.360029],[133.31848,34.372842],[133.288797,34.356056]]],[[[133.097216,34.340143],[133.110479,34.317175],[133.126154,34.334085],[133.11732,34.360115],[133.104307,34.357427],[133.097216,34.340143]]],[[[133.170114,34.387251],[133.174352,34.366384],[133.18395,34.358487],[133.211985,34.356218],[133.2188068,34.3803182],[133.2394214,34.398232],[133.23718,34.40552],[133.21321,34.409169],[133.170114,34.387251]]],[[[132.262212,34.251802],[132.274194,34.231434],[132.302957,34.243746],[132.340303,34.272845],[132.348586,34.29292],[132.331554,34.310919],[132.3198837,34.2953405],[132.288869,34.286543],[132.277345,34.263011],[132.262212,34.251802]]],[[[133.067287,34.266433],[133.093758,34.256633],[133.143955,34.284937],[133.149784,34.298722],[133.13958,34.315408],[133.097417,34.303569],[133.101843,34.307427],[133.093538,34.305025],[133.097299,34.313317],[133.089899,34.313443],[133.067287,34.266433]]],[[[132.838095,34.242064],[132.846695,34.233889],[132.841938,34.223344],[132.855965,34.208164],[132.91438,34.211212],[132.920871,34.214135],[132.913342,34.234825],[132.929947,34.248145],[132.942093,34.277552],[132.926418,34.282425],[132.900895,34.246611],[132.891631,34.249589],[132.887467,34.262303],[132.877248,34.251903],[132.883791,34.244069],[132.855765,34.249053],[132.857682,34.239879],[132.838095,34.242064]]],[[[132.79952,34.158666],[132.820027,34.15092],[132.84626,34.160008],[132.868511,34.179866],[132.846185,34.195793],[132.811687,34.180522],[132.79952,34.158666]]],[[[132.447248,34.108211],[132.447726,34.094312],[132.462301,34.082355],[132.498566,34.090997],[132.501941,34.103396],[132.513792,34.099064],[132.513007,34.091021],[132.532279,34.103915],[132.535224,34.095328],[132.545681,34.097899],[132.55081,34.078943],[132.567888,34.097154],[132.569818,34.115236],[132.585106,34.10607],[132.59309,34.115199],[132.582771,34.112252],[132.583926,34.12371],[132.575982,34.127856],[132.5391625,34.10751742857143],[132.537642,34.121106],[132.557792,34.1506],[132.54875,34.141257],[132.548414,34.151456],[132.5326499,34.1469682],[132.5214844,34.1575277],[132.539956,34.164119],[132.54647,34.176474],[132.558559,34.173],[132.552255,34.187003],[132.5337271,34.1890211],[132.537855,34.199661],[132.527014,34.200288],[132.5028573,34.1852594],[132.4947849,34.1678293],[132.4945827,34.1484923],[132.508891,34.1414652],[132.50424,34.1444976],[132.503112,34.132038],[132.473673,34.125535],[132.472198,34.118286],[132.447248,34.108211]]],[[[132.6855191,34.1824897],[132.7126031,34.1810303],[132.7227469,34.1692878],[132.7391485,34.1731665],[132.7388373,34.1578441],[132.765477,34.177422],[132.754073,34.182],[132.7586454,34.1929587],[132.7098126,34.2044556],[132.6860768,34.1954361],[132.6855191,34.1824897]]],[[[132.6442168,34.1710413],[132.676188,34.174988],[132.6843475,34.1886587],[132.6746672,34.1961417],[132.6775557,34.203011],[132.6561119,34.1964851],[132.6442168,34.1710413]]],[[[132.372124,34.258563],[132.389065,34.240152],[132.384418,34.226339],[132.420089,34.198044],[132.428794,34.173102],[132.4390082,34.1957989],[132.457304,34.177377],[132.4448372,34.1791849],[132.44496164432567,34.15200551862478],[132.428527,34.128598],[132.446032,34.139581],[132.446208,34.13235],[132.489992,34.142173],[132.4881355,34.1603108],[132.471325,34.1788885],[132.4736235,34.1949534],[132.4795954,34.1919173],[132.4901915,34.2038559],[132.497378,34.241849],[132.4908503,34.247558],[132.4988548,34.267096],[132.4796465,34.2962384],[132.4776365,34.2840614],[132.434142,34.285894],[132.4457958,34.2666345],[132.433126,34.250028],[132.4499386,34.2469099],[132.456143,34.2567882],[132.47096,34.244529],[132.4798122,34.2317124],[132.4741524,34.2084184],[132.457729,34.230955],[132.4389457,34.2250932],[132.41981,34.257991],[132.380335,34.256504],[132.377217,34.264624],[132.372124,34.258563]]],[[[133.1344699,34.3355922],[133.1554423,34.2991173],[133.196811,34.275865],[133.1962544,34.2859834],[133.2102781,34.2967371],[133.1933749,34.2998892],[133.2114989,34.3140063],[133.1971926,34.3380744],[133.1773126,34.3290147],[133.1845393,34.3382542],[133.176532,34.3558804],[133.1544819,34.3593772],[133.1344699,34.3355922]]],[[[133.061931,34.314929],[133.069153,34.302605],[133.082287,34.304042],[133.087159,34.313308],[133.080888,34.332319],[133.071994,34.331015],[133.061931,34.314929]]],[[[132.036529,34.501944],[132.059743,34.49227],[132.057224,34.482199],[132.081047,34.443247],[132.06879,34.416048],[132.074622,34.402201],[132.069755,34.390992],[132.0778,34.3879],[132.069797,34.356296],[132.085263,34.357882],[132.101424,34.345146],[132.107527,34.328052],[132.127355,34.332924],[132.123998,34.296647],[132.140051,34.284942],[132.133569,34.272014],[132.146355,34.256785],[132.144307,34.236817],[132.156915,34.229236],[132.170892,34.233582],[132.17191,34.225122],[132.204856,34.228608],[132.195429,34.204389],[132.2456112024973,34.21067400705021],[132.239086,34.227064],[132.220707,34.232708],[132.2274544,34.2354151],[132.230116,34.2546125],[132.2643651,34.2725042],[132.2658843,34.2821796],[132.2704903,34.2765408],[132.2802235,34.2835915],[132.318999,34.3232537],[132.3200248,34.3392124],[132.3329856,34.3439949],[132.3288874,34.3478451],[132.3367675,34.3376648],[132.3587807,34.3452768],[132.3389465,34.3419586],[132.33566,34.3474875],[132.3565554,34.3494002],[132.3383048,34.3541279],[132.3645243,34.360276],[132.3647121,34.3474424],[132.3769357,34.3523441],[132.375405,34.360218],[132.3992901,34.365368],[132.4400727,34.3528966],[132.4378627,34.3454004],[132.4498198,34.3408248],[132.4525113,34.3527946],[132.4785337,34.3567206],[132.475602,34.3670795],[132.4825716,34.3531123],[132.5061733,34.3557221],[132.516996,34.365151],[132.5245766,34.3599273],[132.508645,34.3526657],[132.516426,34.343755],[132.5029688,34.350579],[132.4914928,34.3384271],[132.5043443,34.3364393],[132.4942937,34.3162671],[132.5188664,34.2826242],[132.514655,34.256938],[132.529809,34.255367],[132.5244286,34.246227],[132.5315607,34.2415126],[132.539657,34.2477582],[132.5585413,34.2382395],[132.5486049,34.225236],[132.5381236,34.2286279],[132.5315856,34.2221708],[132.545499,34.2132686],[132.537715,34.193965],[132.543834,34.193538],[132.593016,34.212742],[132.5963,34.231106],[132.609151,34.218325],[132.619323,34.231173],[132.617586,34.210579],[132.641008,34.201539],[132.661499,34.208499],[132.6590784,34.2192916],[132.684326,34.210078],[132.684217,34.221715],[132.701385,34.237371],[132.760588,34.240314],[132.758402,34.246553],[132.773416,34.255583],[132.765144,34.262529],[132.752893,34.259677],[132.759757,34.267844],[132.7488588,34.2828669],[132.784498,34.275604],[132.79623,34.310452],[132.814193,34.316661],[132.834546,34.316429],[132.834858,34.304397],[132.846942,34.291701],[132.873955,34.302177],[132.868344,34.311574],[132.884971,34.315212],[132.8886644,34.3240652],[132.9130732,34.3283523],[132.914206,34.337115],[132.922423,34.325045],[132.950848,34.340294],[132.983219,34.331207],[132.99293,34.338628],[133.00795,34.329443],[133.03937,34.336409],[133.040074,34.331262],[133.053414,34.343307],[133.079623,34.346125],[133.086844,34.37824],[133.0968132,34.379395],[133.080779,34.398343],[133.1274643,34.3826235],[133.2095992,34.4106053],[133.2340518,34.4115476],[133.2455355,34.4239725],[133.2420921,34.4359056],[133.2555811,34.4248885],[133.251195,34.441438],[133.2587219,34.4423368],[133.257523,34.435961],[133.2621734,34.4409776],[133.275712,34.427303],[133.269422,34.425908],[133.272762,34.407975],[133.260131,34.403803],[133.261488,34.394741],[133.270991,34.391796],[133.281464,34.401581],[133.290474,34.383341],[133.305919,34.387569],[133.322833,34.376731],[133.344212,34.378335],[133.346112,34.365503],[133.366871,34.368684],[133.3837286,34.3814341],[133.386135,34.42213],[133.407712,34.4283],[133.398317,34.439459],[133.431261,34.424118],[133.440503,34.436383],[133.408196,34.457181],[133.408602,34.478346],[133.378854,34.48197],[133.433984,34.478321],[133.414911,34.478045],[133.414523,34.459242],[133.442713,34.445162],[133.443638,34.487959],[133.44691207029734,34.48026080121139],[133.456442,34.499929],[133.444943,34.505886],[133.454389,34.531506],[133.446214,34.556338],[133.426733,34.569145],[133.422182,34.586569],[133.397006,34.594884],[133.383414,34.621757],[133.403378,34.671922],[133.382749,34.680285],[133.38666,34.684892],[133.374175,34.695357],[133.369779,34.722761],[133.358201,34.733273],[133.370378,34.746859],[133.361847,34.7556],[133.376847,34.781753],[133.369687,34.789161],[133.378086,34.80836],[133.352986,34.830643],[133.335956,34.834792],[133.331336,34.855668],[133.295191,34.895726],[133.309446,34.937045],[133.297262,34.956004],[133.303118,34.972136],[133.320173,34.983637],[133.321757,35.006145],[133.268969,35.049977],[133.249577,35.079036],[133.232345,35.077416],[133.230073,35.068023],[133.21092,35.074214],[133.168257,35.067454],[133.16104,35.074175],[133.142139,35.064725],[133.119514,35.084857],[133.096423,35.085424],[133.085958,35.078041],[133.060804,35.081455],[133.052086,35.069733],[133.033106,35.068244],[132.990849,35.10132],[132.974669,35.082962],[132.950241,35.075385],[132.909478,35.086217],[132.897355,35.104061],[132.887941,35.105667],[132.845961,35.080853],[132.828102,35.062075],[132.836736,35.046966],[132.813719,35.040552],[132.808834,35.02856],[132.788586,35.015755],[132.787754,35.004788],[132.765593,34.996714],[132.768703,34.983949],[132.74513,34.976826],[132.749722,34.960259],[132.742532,34.956329],[132.738607,34.962313],[132.720381,34.948088],[132.707277,34.955087],[132.685202,34.950632],[132.675759,34.932597],[132.634029,34.904804],[132.635771,34.898706],[132.655691,34.899488],[132.663589,34.889732],[132.675154,34.894489],[132.680211,34.884663],[132.701047,34.881689],[132.710846,34.852269],[132.698657,34.842947],[132.680381,34.851732],[132.669656,34.832812],[132.662122,34.832099],[132.652311,34.840536],[132.614705,34.843046],[132.612249,34.833022],[132.599168,34.833582],[132.56778,34.806154],[132.554085,34.808284],[132.53806,34.794992],[132.519691,34.803996],[132.505576,34.796034],[132.454259,34.800698],[132.456682,34.807406],[132.436666,34.820962],[132.420896,34.813771],[132.424821,34.799164],[132.396681,34.779423],[132.381397,34.785838],[132.383011,34.794925],[132.374315,34.800986],[132.334483,34.790003],[132.31831,34.801609],[132.297868,34.77656],[132.280214,34.783507],[132.278103,34.798982],[132.241987,34.806351],[132.242657,34.782999],[132.22511,34.769916],[132.222384,34.749539],[132.202546,34.748666],[132.189166,34.73363],[132.178019,34.736766],[132.130769,34.708026],[132.129549,34.699371],[132.15832,34.692431],[132.161934,34.683141],[132.127751,34.64178],[132.130805,34.629165],[132.116348,34.612463],[132.117637,34.601763],[132.129684,34.595479],[132.125528,34.583151],[132.113867,34.562693],[132.083951,34.53753],[132.052379,34.530276],[132.036529,34.501944]]]]}},{"type":"Feature","id":"JP-01","properties":{"name":"Hokkaido","shapeName":"Hokkaido","shapeISO":"JP-01","shapeID":"47310658B99930143900280","shapeGroup":"JPN","shapeType":"ADM1"},"geometry":{"type":"MultiPolygon","coordinates":[[[[139.334317,41.517221],[139.340426,41.495142],[139.372066,41.50133],[139.383419,41.512166],[139.369626,41.524048],[139.340511,41.525205],[139.334317,41.517221]]],[[[139.404988,42.164598],[139.423,42.137093],[139.420782,42.071738],[139.443453,42.064237],[139.4509495,42.05185],[139.454822,42.066794],[139.485438,42.07423],[139.504948,42.09782],[139.522624,42.154016],[139.517085,42.176354],[139.560546,42.226849],[139.559093,42.252478],[139.536612,42.232684],[139.435473,42.215901],[139.406806,42.179982],[139.411176,42.170028],[139.404988,42.164598]]],[[[141.291792,44.419527],[141.294305,44.412717],[141.319602,44.41559],[141.335342,44.432773],[141.325283,44.442096],[141.291792,44.419527]]],[[[141.380705,44.433794],[141.422388,44.42716],[141.429775,44.442171],[141.410149,44.444504],[141.380705,44.433794]]],[[[141.126838,45.185955],[141.139617,45.182031],[141.138999,45.166138],[141.165537,45.137674],[141.237803,45.096974],[141.287004,45.110201],[141.294019,45.124341],[141.330323,45.149944],[141.324613,45.183661],[141.302977,45.215112],[141.269014,45.235864],[141.263941,45.230036],[141.233214,45.234087],[141.227087,45.237372],[141.232197,45.246763],[141.19915,45.259729],[141.138126,45.220652],[141.132379,45.213498],[141.141629,45.190206],[141.126838,45.185955]]],[[[140.965914,45.45725],[140.976846,45.447631],[140.966432,45.438389],[140.994406,45.423831],[140.982577,45.415475],[140.991679,45.408068],[140.984714,45.39847],[140.990805,45.386307],[140.98305,45.379624],[140.99945,45.351727],[141.002421,45.328198],[141.022768,45.30964],[141.025634,45.291158],[141.014615,45.28417],[141.027755,45.273339],[141.042776,45.273982],[141.0445932,45.2965762],[141.057244,45.318797],[141.049103,45.339299],[141.059302,45.35305],[141.056597,45.40861],[141.0675,45.423571],[141.033895,45.460807],[141.0377391,45.4429374],[141.012715,45.433028],[140.9914552,45.4384894],[140.967024,45.464091],[140.965914,45.45725]]],[[[139.766042,42.311061],[139.785822,42.274989],[139.774439,42.259204],[139.795456,42.230636],[139.812147,42.229058],[139.814542,42.220674],[139.863344,42.219096],[139.877492,42.210695],[139.881924,42.191401],[139.895661,42.183313],[139.922161,42.132269],[139.987765,42.128916],[140.023588,42.114567],[140.067596,42.069241],[140.086318,42.042387],[140.082744,42.03647],[140.095847,42.03376],[140.102169,42.007562],[140.121901,41.999595],[140.132755,41.975106],[140.126674,41.961928],[140.141166,41.915631],[140.1311573,41.8720942],[140.1138959,41.8707695],[140.1100079,41.8633045],[140.1200495,41.865315],[140.1262695,41.855253],[140.12247,41.823234],[140.108792,41.804939],[140.095182,41.810024],[140.069957,41.804535],[140.06757,41.760883],[140.008579,41.692024],[140.002577,41.651904],[139.982949,41.608024],[139.985786,41.551068],[139.998644,41.538554],[140.039812,41.446099],[140.088506,41.41815],[140.119996,41.430254],[140.145845,41.428142],[140.197216,41.397809],[140.216067,41.410083],[140.245979,41.462562],[140.255998,41.465823],[140.2581301,41.4801869],[140.362257,41.515375],[140.408802,41.516776],[140.429517,41.535036],[140.439686,41.553452],[140.430981,41.562901],[140.428722,41.602914],[140.443271,41.683215],[140.461731,41.697315],[140.527004,41.700541],[140.561283,41.727781],[140.601058,41.741799],[140.622019,41.804896],[140.63864,41.815975],[140.682917,41.820953],[140.715717,41.806815],[140.711232,41.801706],[140.726787,41.792968],[140.722131,41.78204],[140.72736,41.780396],[140.715094,41.766572],[140.702001,41.784444],[140.69253,41.756554],[140.702377,41.740177],[140.722536,41.745092],[140.719,41.753094],[140.736921,41.768055],[140.788689,41.773614],[140.922787,41.740101],[140.966921,41.710134],[141.052692,41.725943],[141.0524,41.734424],[141.075034,41.741832],[141.080046,41.7575],[141.093394,41.762465],[141.110326,41.785418],[141.155729,41.784276],[141.186425,41.802313],[141.183148,41.817937],[141.146865,41.831146],[141.143463,41.847796],[141.1494,41.853791],[141.110969,41.873881],[141.054156,41.892215],[141.011153,41.893651],[140.960538,41.915432],[140.950803,41.936557],[140.936576,41.937979],[140.906592,41.985455],[140.8206164,42.0351401],[140.803913,42.055867],[140.802618,42.076744],[140.774054,42.085167],[140.759159,42.116902],[140.708114,42.13879],[140.68853,42.125964],[140.655949,42.12859],[140.587804,42.108547],[140.549732,42.113144],[140.513798,42.129782],[140.456295,42.178178],[140.441474,42.181019],[140.4342366,42.193421],[140.409488,42.201705],[140.396056,42.218317],[140.340023,42.226802],[140.293163,42.245663],[140.276403,42.279007],[140.275924,42.309722],[140.309641,42.408203],[140.382162,42.514252],[140.474138,42.588595],[140.509345,42.583675],[140.533959,42.5888],[140.582705,42.566184],[140.646805,42.58665],[140.708626,42.582585],[140.711704,42.573876],[140.722924,42.574312],[140.774042,42.536285],[140.771133,42.522051],[140.786071,42.517904],[140.779103,42.516031],[140.779681,42.499261],[140.800154,42.499324],[140.836354,42.471952],[140.873725,42.458066],[140.901399,42.415837],[140.9157802,42.3660198],[140.9178571,42.3716831],[140.971608,42.355558],[140.983398,42.362371],[140.986197,42.353216],[140.976638,42.348691],[141.007614,42.348261],[140.981107,42.343721],[140.98688,42.332231],[140.9791513,42.3234719],[140.9696748,42.3242682],[140.9710141,42.333997],[140.950995,42.347426],[140.9307847,42.3404345],[140.947652,42.316593],[141.002469,42.301069],[141.020432,42.32969],[141.054293,42.35136],[141.075651,42.381047],[141.141124,42.430799],[141.186845,42.454472],[141.205785,42.45332],[141.312423,42.521325],[141.318728,42.517379],[141.323533,42.526903],[141.321246,42.516112],[141.32447,42.527424],[141.348143,42.541695],[141.461982,42.592688],[141.570539,42.621529],[141.610804,42.627514],[141.617558,42.620569],[141.622988,42.643198],[141.634022,42.636898],[141.695512,42.657335],[141.698449,42.652458],[141.647674,42.637772],[141.624934,42.620123],[141.645763,42.629527],[141.716536,42.626805],[141.7688253,42.6180423],[141.7746667,42.6083589],[141.7779992,42.6169104],[141.7858204,42.6156805],[141.7813997,42.6067988],[141.800863,42.601637],[141.815335,42.613449],[141.817537,42.600857],[141.82256,42.606051],[141.890263,42.582367],[142.015135,42.499289],[142.027231,42.484157],[142.068881,42.478422],[142.07555,42.470188],[142.144112,42.465272],[142.194286,42.447766],[142.275645,42.376214],[142.406506,42.308547],[142.448924,42.3019],[142.483666,42.269809],[142.583941,42.243666],[142.670601,42.191623],[142.758479,42.175289],[142.773319,42.161867],[142.767801,42.162029],[142.814691,42.141608],[142.907374,42.133442],[142.9218506,42.119816],[142.933158,42.125812],[142.964684,42.118443],[143.008878,42.080983],[143.061715,42.065247],[143.13426,42.027838],[143.158274,42.001098],[143.16359,41.98273],[143.249103,41.924366],[143.240589,41.948328],[143.256437,41.998049],[143.266831,42.016546],[143.287688,42.026545],[143.294121,42.04294],[143.312141,42.053913],[143.308105,42.079811],[143.32309,42.115541],[143.31616,42.12438],[143.335989,42.186905],[143.335889,42.201783],[143.320549,42.209216],[143.322894,42.223427],[143.307837,42.244453],[143.325914,42.290908],[143.321818,42.28603],[143.31992,42.295845],[143.32698,42.295322],[143.328992,42.306415],[143.339935,42.301061],[143.325369,42.311267],[143.399419,42.431456],[143.431927,42.476825],[143.600581,42.644105],[143.928789,42.880227],[144.039741,42.937633],[144.144557,42.976498],[144.275728,43.003839],[144.36273,42.99458],[144.37269,42.975778],[144.3619886,42.9706526],[144.389568,42.969124],[144.450163,42.943333],[144.485622,42.939412],[144.528343,42.951294],[144.629852,42.951275],[144.716034,42.934057],[144.781545,42.934125],[144.785163,42.938139],[144.747776,42.955563],[144.721997,42.980846],[144.745211,43.02319],[144.778154,43.05194],[144.798396,43.05837],[144.85405,43.048841],[144.8323925,43.0344049],[144.838473,43.023847],[144.832175,43.014196],[144.853267,43.012411],[144.85917,43.005333],[144.854154,43.001419],[144.871333,42.995593],[144.876534,42.985884],[144.903709,42.989616],[144.922655,42.980822],[144.928897,42.990484],[144.97349,42.981195],[145.024879,42.999986],[145.030462,43.010841],[145.023543,43.019944],[145.030985,43.029246],[145.085864,43.044926],[145.089362,43.069393],[145.117893,43.080972],[145.110061,43.09926],[145.112808,43.119419],[145.145703,43.144695],[145.169217,43.150298],[145.201746,43.135978],[145.289841,43.17178],[145.317018,43.166768],[145.345512,43.179541],[145.425376,43.187404],[145.485328,43.186868],[145.503023,43.173336],[145.493093,43.166782],[145.495892,43.158708],[145.519959,43.164825],[145.523962,43.173687],[145.508243,43.1779],[145.507991,43.186621],[145.529409,43.185976],[145.535058,43.192283],[145.530148,43.208092],[145.556725,43.219258],[145.548927,43.229734],[145.567905,43.282992],[145.5826458,43.286453],[145.575107,43.278835],[145.589824,43.277642],[145.59735,43.294864],[145.611122,43.300027],[145.60839,43.309103],[145.629293,43.318737],[145.659391,43.321047],[145.676724,43.311527],[145.680553,43.323555],[145.707768,43.335174],[145.723403,43.335889],[145.730662,43.328227],[145.738663,43.3391],[145.756727,43.335394],[145.789414,43.360953],[145.810999,43.367689],[145.806373,43.377181],[145.817457,43.385398],[145.76486,43.391005],[145.757349,43.399479],[145.721313,43.383119],[145.650666,43.391467],[145.623758,43.363453],[145.581353,43.346951],[145.586987,43.341277],[145.577245,43.333832],[145.522272,43.307016],[145.523964,43.300211],[145.4931029,43.2665919],[145.396877,43.29102],[145.31822,43.348285],[145.27771,43.402112],[145.262916,43.436155],[145.24474,43.524471],[145.238939,43.535438],[145.243324,43.5262],[145.238138,43.524967],[145.221837,43.559115],[145.224746,43.567512],[145.214277,43.57736],[145.218737,43.58791],[145.1957,43.599737],[145.201865,43.6116],[145.193606,43.620586],[145.209593,43.623172],[145.26919,43.607977],[145.240419,43.590683],[145.288126,43.602992],[145.278962,43.5916],[145.30689,43.600664],[145.327775,43.593667],[145.329355,43.586088],[145.333223,43.591363],[145.321208,43.576019],[145.339696,43.585371],[145.340498,43.571608],[145.304961,43.565174],[145.302737,43.557892],[145.281943,43.561936],[145.30419,43.552776],[145.289803,43.550403],[145.341732,43.555863],[145.349814,43.565417],[145.342131,43.585014],[145.316423,43.599978],[145.144058,43.646384],[145.095335,43.724179],[145.068952,43.748169],[145.061082,43.805917],[145.083607,43.820853],[145.092013,43.838755],[145.095991,43.895007],[145.142213,43.968458],[145.238715,44.057529],[145.245037,44.068285],[145.240053,44.089354],[145.259494,44.132988],[145.328933,44.191502],[145.348251,44.223043],[145.348037,44.242713],[145.367083,44.258647],[145.367644,44.271219],[145.348761,44.29457],[145.351803,44.315948],[145.340948,44.326748],[145.344279,44.339445],[145.332203,44.345168],[145.320692,44.340528],[145.306272,44.31231],[145.290864,44.309383],[145.280824,44.29003],[145.225498,44.248096],[145.191932,44.195345],[145.120349,44.163712],[145.118241,44.155305],[145.079503,44.13678],[145.069303,44.123713],[145.01525,44.100129],[144.9972675,44.0726388],[144.9907338,44.0765094],[144.9896617,44.067706],[144.9763891,44.0675699],[144.945423,44.039576],[144.935582,44.043043],[144.910502,44.004396],[144.848997,43.973833],[144.833514,43.960587],[144.834887,43.951856],[144.805736,43.942561],[144.795216,43.931372],[144.660192,43.915456],[144.570056,43.919758],[144.437674,43.937843],[144.341927,43.962685],[144.298941,43.982225],[144.290075,44.00838],[144.280053,44.011233],[144.289209,44.020145],[144.254953,44.038467],[144.261645,44.056839],[144.251969,44.06142],[144.256902,44.087452],[144.243674,44.113492],[144.204676,44.102001],[144.112849,44.118114],[144.10064,44.129137],[144.068757,44.124336],[143.949551,44.142689],[143.783655,44.179669],[143.784269,44.186975],[143.716673,44.200735],[143.628091,44.232603],[143.616825,44.229959],[143.3994139,44.3158505],[143.3637418,44.3386771],[143.357115,44.353106],[143.368919,44.3509446],[143.348805,44.370549],[143.233121,44.422097],[143.223243,44.441486],[143.082691,44.507358],[143.063075,44.51956],[143.063026,44.53194],[143.045651,44.529432],[142.990209,44.560296],[142.964119,44.590603],[142.943694,44.601345],[142.92745,44.628851],[142.917434,44.629007],[142.862806,44.675133],[142.819214,44.700071],[142.818922,44.709941],[142.809313,44.707243],[142.793028,44.717029],[142.737812,44.76093],[142.675064,44.835452],[142.657559,44.84263],[142.6325,44.887823],[142.587952,44.919381],[142.586005,44.92679],[142.595237,44.930684],[142.587904,44.927134],[142.591239,44.939216],[142.579055,44.948192],[142.584757,44.961416],[142.540121,44.991127],[142.534141,45.028577],[142.507802,45.040011],[142.498461,45.051679],[142.504427,45.060023],[142.482214,45.061429],[142.413907,45.11468],[142.273628,45.235586],[142.170607,45.341559],[142.04566,45.405797],[142.018607,45.453777],[141.977635,45.475394],[141.961422,45.510495],[141.9365506,45.5229432],[141.8922833,45.5107166],[141.892369,45.502189],[141.879212,45.494739],[141.8724862,45.4654541],[141.878537,45.461277],[141.864631,45.440641],[141.7989929,45.4073788],[141.7670519,45.4041582],[141.7464386,45.4136567],[141.7438869,45.4031871],[141.726584,45.3977028],[141.7084168,45.3961123],[141.702686,45.4052815],[141.684376,45.40445],[141.6853127,45.4100114],[141.678894,45.4099519],[141.6810135,45.4030191],[141.6837132,45.4198345],[141.6431656,45.4489408],[141.6343457,45.4053783],[141.6365101,45.3919845],[141.656886,45.370051],[141.654909,45.351447],[141.631414,45.321209],[141.611556,45.311906],[141.619834,45.299629],[141.614746,45.281226],[141.5706,45.233418],[141.56893,45.198278],[141.58709,45.153677],[141.677881,45.00667],[141.736674,44.887322],[141.7340999,44.8697364],[141.7383634,44.8767526],[141.74716,44.857109],[141.7852392,44.7217291],[141.7790855,44.722203],[141.791312,44.666941],[141.79113,44.619512],[141.785785,44.581258],[141.768296,44.557794],[141.7623586,44.5349849],[141.760615,44.472393],[141.748662,44.435825],[141.710397,44.392978],[141.706974,44.377951],[141.6973256,44.3721959],[141.702446,44.369198],[141.690682,44.36422],[141.672065,44.323857],[141.6472324,44.3160927],[141.657987,44.242161],[141.653251,44.140605],[141.662845,44.050233],[141.658779,44.00528],[141.646138,43.975778],[141.633033,43.974347],[141.645273,43.971034],[141.637718,43.953366],[141.646104,43.94183],[141.632038,43.951659],[141.629621,43.963064],[141.633875,43.940004],[141.627766,43.922696],[141.597556,43.884455],[141.560724,43.858975],[141.548761,43.861339],[141.534028,43.851405],[141.529214,43.856846],[141.536418,43.859145],[141.510341,43.856408],[141.493766,43.836397],[141.456868,43.835748],[141.387525,43.806702],[141.372167,43.792147],[141.361682,43.761476],[141.328753,43.724997],[141.351077,43.643285],[141.364751,43.618304],[141.382781,43.604519],[141.386103,43.589325],[141.357736,43.517933],[141.428191,43.419217],[141.431859,43.389907],[141.423499,43.328237],[141.32049,43.222858],[141.3006901,43.2212634],[141.3096076,43.2148135],[141.3004643,43.2199274],[141.298527,43.214602],[141.307665,43.212579],[141.289511,43.20846],[141.294149,43.1853632],[141.2760664,43.2007496],[141.256603,43.18015],[141.161623,43.143874],[141.011655,43.190982],[141.011703,43.199652],[141.001073,43.20315],[141.020908,43.222941],[141.015649,43.238896],[140.925833,43.227585],[140.918033,43.212192],[140.876719,43.205185],[140.861312,43.217866],[140.853327,43.215356],[140.860522,43.209748],[140.85352,43.211994],[140.85761,43.203618],[140.850389,43.198762],[140.7906418,43.1949366],[140.773967,43.20405],[140.774992,43.226818],[140.738478,43.233766],[140.71794,43.250074],[140.642825,43.264767],[140.6363827,43.2747899],[140.644093,43.27217],[140.646302,43.284862],[140.634586,43.286113],[140.630412,43.297971],[140.606929,43.295825],[140.578933,43.310451],[140.533574,43.345692],[140.527258,43.359328],[140.512301,43.356953],[140.496549,43.372682],[140.461548,43.372116],[140.471014,43.364943],[140.46026,43.345127],[140.429517,43.329586],[140.346119,43.333714],[140.36024,43.315971],[140.346567,43.284404],[140.336424,43.282187],[140.343761,43.276001],[140.340941,43.265826],[140.326853,43.258856],[140.336292,43.254341],[140.324319,43.221934],[140.359979,43.1793],[140.430249,43.141895],[140.427307,43.136299],[140.45903,43.105214],[140.464422,43.084912],[140.495667,43.064922],[140.508467,43.042706],[140.503904,43.032357],[140.508358,43.037411],[140.527417,43.030099],[140.528124,43.002809],[140.511869,42.986998],[140.516889,42.98573],[140.506372,42.986964],[140.390124,42.922844],[140.3660603,42.8777407],[140.304463,42.828702],[140.310135,42.795502],[140.304286,42.77738],[140.246303,42.767969],[140.234821,42.79634],[140.204715,42.80948],[140.186096,42.827718],[140.156734,42.790441],[140.144266,42.754555],[140.073339,42.727737],[140.065263,42.706762],[140.045815,42.693998],[140.00945,42.686291],[139.989349,42.692097],[139.925283,42.688159],[139.867579,42.664874],[139.842792,42.626248],[139.822065,42.610053],[139.846703,42.528189],[139.842758,42.498956],[139.852948,42.465598],[139.842509,42.455606],[139.846061,42.432375],[139.814657,42.374413],[139.796141,42.356303],[139.780597,42.352406],[139.766042,42.311061]]]]}},{"type":"Feature","id":"JP-28","properties":{"name":"Hyogo","shapeName":"Hyogo Prefecture","shapeISO":"JP-28","shapeID":"47310658B99690886618857","shapeGroup":"JPN","shapeType":"ADM1"},"geometry":{"type":"MultiPolygon","coordinates":[[[[134.654315,34.293506],[134.662774,34.289183],[134.659454,34.272054],[134.668914,34.27173],[134.676458,34.255128],[134.658813,34.240815],[134.681043,34.248364],[134.701356,34.241403],[134.707636,34.251645],[134.722606,34.255509],[134.72161,34.241628],[134.710724,34.240128],[134.699774,34.221691],[134.730421,34.2071],[134.731355,34.188768],[134.776399,34.200519],[134.7973909,34.1973214],[134.846067,34.230784],[134.952506,34.267273],[134.955556,34.275806],[134.949219,34.27435],[134.943216,34.298469],[134.919872,34.312782],[134.913765,34.33849],[134.893647,34.352239],[134.894953,34.416724],[134.986651,34.511482],[134.998965,34.551801],[135.025824,34.576241],[135.024212,34.589005],[135.004093,34.608595],[134.992101,34.606995],[134.975767,34.597743],[134.934994,34.549425],[134.898134,34.529102],[134.887438,34.531356],[134.838853,34.468917],[134.818435,34.469277],[134.797827,34.449003],[134.7651,34.388599],[134.748658,34.375121],[134.730574,34.331403],[134.7252306,34.3326764],[134.730134,34.32996],[134.7241055,34.3333141],[134.70703,34.320895],[134.687317,34.331108],[134.654315,34.293506]]],[[[135.2522026,34.6933148],[135.2544681,34.6777543],[135.2905188,34.6816417],[135.2787684,34.6896696],[135.2891022,34.690868],[135.2881567,34.6966671],[135.2522026,34.6933148]]],[[[134.458507,34.645279],[134.467124,34.640325],[134.481141,34.649947],[134.4907589,34.6476935],[134.484117,34.641161],[134.500056,34.644037],[134.490165,34.658412],[134.4959973,34.6680041],[134.484156,34.671357],[134.482188,34.658321],[134.463754,34.664216],[134.458507,34.645279]]],[[[135.2014373,34.6736308],[135.2042661,34.6562116],[135.2451884,34.6507529],[135.2388889,34.6612855],[135.228122,34.657991],[135.2364476,34.665302],[135.2334165,34.671046],[135.2209861,34.6672554],[135.2319046,34.6734169],[135.2177755,34.6726826],[135.2255204,34.6779203],[135.2199837,34.6827853],[135.2014373,34.6736308]]],[[[134.508095,34.677262],[134.535903,34.658444],[134.545975,34.662564],[134.545908,34.679826],[134.531349,34.672715],[134.5275194,34.6772289],[134.535455,34.686561],[134.508095,34.677262]]],[[[134.252738,34.851899],[134.265311,34.840448],[134.2637982,34.826727],[134.287446,34.828798],[134.287931,34.821559],[134.317099,34.801951],[134.3158278,34.7810408],[134.334831,34.769127],[134.321531,34.761709],[134.313027,34.738397],[134.323763,34.732252],[134.3217287816228,34.72194527297151],[134.339887,34.739051],[134.3636466,34.7407791],[134.3524516,34.7451411],[134.3586596,34.7585431],[134.373496,34.732936],[134.379925,34.736259],[134.374051,34.7308359],[134.414051,34.728951],[134.434277,34.747448],[134.4258889,34.7545093],[134.4331112,34.766158],[134.4553841,34.7681131],[134.451035,34.753745],[134.463901,34.763913],[134.45646,34.783521],[134.466499,34.790544],[134.467903,34.798501],[134.459039,34.803313],[134.465758,34.8090325],[134.468018,34.792855],[134.480096,34.7864],[134.469765,34.784329],[134.474256,34.755223],[134.50035,34.774595],[134.501873,34.761958],[134.508974,34.763288],[134.5273995,34.7829161],[134.569995,34.7579342],[134.5864683,34.7618664],[134.5844357,34.7711238],[134.6054397,34.7794754],[134.6132595,34.7779289],[134.6113974,34.7678601],[134.623885,34.769418],[134.6286947,34.7784365],[134.6225296,34.7837554],[134.6439205,34.7834126],[134.631947,34.777518],[134.6288313,34.763861],[134.6455706,34.7667587],[134.6557214,34.788489],[134.650353,34.770586],[134.6622992,34.7841599],[134.670278,34.780018],[134.657919,34.773939],[134.667519,34.770729],[134.685534,34.77828],[134.695515,34.770553],[134.7028347,34.7724907],[134.7002331,34.7777462],[134.75379,34.765954],[134.7585801,34.7583299],[134.7667608,34.7604894],[134.757245,34.75185],[134.7853457,34.740574],[134.788166,34.747777],[134.7972804,34.7298293],[134.799213,34.735809],[134.820723,34.728636],[134.813128,34.730847],[134.808887,34.718381],[134.8315967,34.6981827],[134.8266509,34.7064262],[134.836698,34.70724],[134.844397,34.72257],[134.821872,34.730802],[134.8446404,34.7226722],[134.8453003,34.7152337],[134.848451,34.720199],[134.910614,34.6733885],[134.928334,34.671662],[134.9726139,34.6438343],[134.966765,34.64495],[135.0186644,34.6433258],[135.0559149,34.6242504],[135.150162,34.649602],[135.183272,34.649417],[135.1875943,34.652707],[135.17737,34.663783],[135.187036,34.666863],[135.177647,34.670447],[135.189396,34.672323],[135.1843866,34.6820512],[135.193162,34.6855656],[135.2023701,34.6786132],[135.2039216,34.686926],[135.2181637,34.6899894],[135.2054113,34.6908342],[135.211426,34.695917],[135.225748,34.7016951],[135.216986,34.694323],[135.238019,34.693248],[135.2279786,34.7000373],[135.253172,34.700186],[135.2502481,34.708125],[135.269431,34.706243],[135.292072,34.72064],[135.306279,34.7144504],[135.323837,34.717986],[135.322315,34.7257584],[135.34861,34.7221674],[135.343747,34.7185554],[135.363833,34.7053154],[135.353939,34.6968234],[135.3713149,34.6807792],[135.3775292,34.6926848],[135.4011954,34.6991662],[135.3762122,34.6766612],[135.3919734,34.6800609],[135.412865,34.701997],[135.44617,34.71834],[135.447709,34.73362],[135.460294,34.733138],[135.459937,34.751],[135.444697,34.768529],[135.442787,34.791174],[135.423691,34.802074],[135.415991,34.817693],[135.42433,34.837123],[135.416878,34.852225],[135.431358,34.856415],[135.445818,34.897212],[135.430742,34.892431],[135.427204,34.906046],[135.418651,34.908948],[135.439303,34.920504],[135.463596,34.918306],[135.468536,34.92627],[135.441657,34.939395],[135.418485,34.933894],[135.4091,34.945494],[135.392352,34.941366],[135.382632,34.955991],[135.360385,34.95447],[135.345134,34.967138],[135.359533,34.982516],[135.352563,34.990389],[135.354697,35.02479],[135.330204,35.035224],[135.350028,35.051191],[135.371246,35.045289],[135.376614,35.066024],[135.399686,35.076163],[135.404347,35.08885],[135.388026,35.097125],[135.38981,35.128765],[135.34247,35.135874],[135.340458,35.150093],[135.287771,35.142643],[135.278376,35.151023],[135.291966,35.160494],[135.289784,35.171754],[135.273985,35.177263],[135.232189,35.177504],[135.22801,35.165334],[135.206213,35.160685],[135.186867,35.173166],[135.186713,35.190224],[135.199104,35.193582],[135.197058,35.203017],[135.154778,35.226502],[135.166858,35.240345],[135.15753,35.261093],[135.10877,35.26628],[135.067875,35.237351],[135.056789,35.264603],[135.03747,35.260689],[135.010851,35.269582],[135.011727,35.28112],[134.999117,35.290938],[134.921604,35.315134],[134.928061,35.330239],[134.917149,35.340292],[134.923449,35.354004],[134.918928,35.364515],[134.927207,35.379766],[134.923408,35.394282],[134.933568,35.40707],[134.946149,35.41331],[134.959553,35.408967],[134.985478,35.396214],[134.991081,35.385635],[135.019241,35.394123],[135.030034,35.4101],[135.049167,35.407743],[135.051835,35.442539],[135.035099,35.476631],[135.042704,35.492269],[135.032164,35.497158],[135.045156,35.508693],[135.036947,35.538569],[134.993133,35.534204],[134.960548,35.512928],[134.9268994,35.5125279],[134.915129,35.527708],[134.914569,35.545309],[134.853727,35.58908],[134.873877,35.620929],[134.865589,35.659233],[134.852352,35.659562],[134.8409741,35.6419838],[134.839462,35.6502476],[134.8335807,35.648816],[134.839203,35.655603],[134.821498,35.656216],[134.798627,35.670517],[134.76754,35.659689],[134.761015,35.664182],[134.763738,35.674686],[134.757806,35.661324],[134.745885,35.666199],[134.733198,35.658066],[134.715952,35.666933],[134.70468,35.652932],[134.688198,35.665473],[134.686548,35.655538],[134.673026,35.660649],[134.663014,35.648209],[134.657774,35.658101],[134.663453,35.657324],[134.663828,35.666827],[134.618384,35.639389],[134.59856,35.658785],[134.578847,35.661077],[134.577047,35.652238],[134.568397,35.657778],[134.558759,35.650855],[134.539763,35.670424],[134.516993,35.666538],[134.513149,35.658234],[134.504869,35.661234],[134.452393,35.629057],[134.44115,35.628509],[134.43867,35.635776],[134.433133,35.620496],[134.419912,35.624686],[134.405351,35.615698],[134.36994406421928,35.61458843915161],[134.408304,35.589065],[134.40504,35.570498],[134.421799,35.562549],[134.425601,35.541806],[134.412702,35.514904],[134.430876,35.502469],[134.439999,35.442929],[134.480094,35.427038],[134.472302,35.37825],[134.502868,35.365961],[134.513915,35.353457],[134.501921,35.326543],[134.514802,35.307672],[134.509274,35.294028],[134.515371,35.277308],[134.461767,35.244029],[134.463472,35.236823],[134.447766,35.23792],[134.434966,35.229195],[134.402814,35.241024],[134.396939,35.227471],[134.382396,35.221582],[134.382993,35.194439],[134.411776,35.186019],[134.406141,35.165505],[134.411632,35.151962],[134.367393,35.146961],[134.350348,35.091037],[134.318924,35.083282],[134.316874,35.043529],[134.281591,35.037232],[134.264359,35.016561],[134.265762,35.004967],[134.286681,34.996112],[134.270885,34.983767],[134.276973,34.963204],[134.254326,34.946218],[134.254094,34.937657],[134.274842,34.931125],[134.294939,34.904077],[134.262839,34.884307],[134.267062,34.875388],[134.252738,34.851899]]]]}},{"type":"Feature","id":"JP-08","properties":{"name":"Ibaraki","shapeName":"Ibaraki","shapeISO":"JP-08","shapeID":"47310658B31759366295450","shapeGroup":"JPN","shapeType":"ADM1"},"geometry":{"type":"Polygon","coordinates":[[[139.687938,36.199682],[139.695383,36.158],[139.726373,36.11252],[139.729824,36.087795],[139.767589,36.080458],[139.786769,36.104101],[139.803416,36.087718],[139.812984,36.063145],[139.876011,36.011044],[139.884158,35.988829],[139.9366518,35.9664071],[139.931649,35.950767],[139.937961,35.941011],[139.994309,35.909807],[140.020894,35.909228],[140.073668,35.876719],[140.092818,35.883866],[140.124591,35.87251],[140.150725,35.843378],[140.205426,35.861321],[140.241478,35.854585],[140.278291,35.874045],[140.3194,35.864645],[140.361601,35.898558],[140.398305,35.909301],[140.424791,35.907221],[140.448458,35.91502],[140.45843,35.926542],[140.502794,35.905522],[140.487168,35.928594],[140.511236,35.958737],[140.607984,35.895814],[140.630678,35.859126],[140.683548,35.849054],[140.706567,35.836257],[140.74436,35.783242],[140.818047,35.740366],[140.849894,35.741442],[140.8467998,35.7592863],[140.8487173,35.7478928],[140.8427504,35.7465114],[140.8365926,35.7524649],[140.8446835,35.7528385],[140.8412302,35.7575223],[140.835326,35.753669],[140.824058,35.761641],[140.744058,35.865235],[140.708483,35.920628],[140.712616,35.954657],[140.710238,35.926878],[140.677154,35.911842],[140.690984,35.88279],[140.674621,35.897014],[140.669978,35.918419],[140.652346,35.926606],[140.6525381,35.9322409],[140.676948,35.919137],[140.6939,35.928817],[140.703641,35.93866],[140.6848301,35.9645097],[140.7006551,35.9626036],[140.670505,35.973196],[140.60618,36.093988],[140.571907,36.183107],[140.558897,36.26243],[140.560802,36.294102],[140.571549,36.309076],[140.584712,36.310791],[140.579561,36.300802],[140.587788,36.310316],[140.594122,36.338132],[140.620455,36.360292],[140.626933,36.377689],[140.6127317,36.3931167],[140.619167,36.411388],[140.609737,36.405261],[140.615721,36.411045],[140.609358,36.41164],[140.60957,36.421145],[140.624084,36.426519],[140.608101,36.428437],[140.626976,36.431476],[140.627301,36.441591],[140.605985,36.441545],[140.611578,36.44277],[140.612784,36.480589],[140.623359,36.481804],[140.611697,36.487053],[140.628049,36.495116],[140.652901,36.572985],[140.689407,36.620858],[140.69366,36.643775],[140.7166,36.661691],[140.716923,36.693911],[140.749232,36.785777],[140.775073,36.824304],[140.805765,36.830346],[140.798339,36.857793],[140.786148,36.856231],[140.772049,36.868604],[140.766162,36.861754],[140.760087,36.872369],[140.758362,36.867303],[140.740827,36.875561],[140.714252,36.872788],[140.695065,36.888774],[140.654941,36.901044],[140.615502,36.903273],[140.592772,36.92657],[140.594443,36.938057],[140.586096,36.945287],[140.567428,36.936678],[140.564941,36.91286],[140.580756,36.904411],[140.591968,36.873023],[140.53802,36.85886],[140.513899,36.823446],[140.487985,36.818366],[140.478606,36.796945],[140.464178,36.791405],[140.438486,36.821545],[140.430955,36.817042],[140.415084,36.832029],[140.377045,36.838061],[140.365198,36.884327],[140.326512,36.891304],[140.321651,36.908024],[140.29269,36.933199],[140.257759,36.932681],[140.248371,36.921317],[140.256714,36.873251],[140.251556,36.852248],[140.267388,36.817784],[140.266378,36.790491],[140.253668,36.783379],[140.261064,36.767512],[140.254877,36.760025],[140.283324,36.734141],[140.292247,36.712566],[140.268177,36.702218],[140.231399,36.699732],[140.220408,36.687148],[140.221554,36.674288],[140.240918,36.650925],[140.242808,36.636708],[140.233755,36.634403],[140.234684,36.62376],[140.248474,36.610678],[140.243771,36.562822],[140.251528,36.554582],[140.247736,36.534492],[140.260183,36.517483],[140.229447,36.502083],[140.227154,36.485947],[140.202596,36.454075],[140.203251,36.420745],[140.192612,36.4047],[140.156499,36.397994],[140.144252,36.414046],[140.131823,36.414922],[140.114087,36.41081],[140.111178,36.39798],[140.100977,36.39411],[140.066389,36.403774],[140.069139,36.388929],[140.048157,36.375584],[140.000423,36.376634],[140.002233,36.368019],[139.989305,36.367116],[139.973532,36.378538],[139.964493,36.350943],[139.914324,36.336712],[139.910345,36.300921],[139.878811,36.310704],[139.88067,36.322964],[139.848022,36.31075],[139.835349,36.293497],[139.841685,36.275902],[139.8218,36.23977],[139.72748,36.201581],[139.717593,36.211522],[139.687938,36.199682]]]}},{"type":"Feature","id":"JP-17","properties":{"name":"Ishikawa","shapeName":"Ishikawa Prefecture","shapeISO":"JP-17","shapeID":"47310658B64524405341851","shapeGroup":"JPN","shapeType":"ADM1"},"geometry":{"type":"MultiPolygon","coordinates":[[[[136.2440524088097,36.29527537129256],[136.258592,36.289321],[136.256265,36.279657],[136.264218,36.278327],[136.26681,36.265102],[136.301202,36.258218],[136.316968,36.234758],[136.332281,36.229781],[136.327915,36.208802],[136.335664,36.184871],[136.358042,36.165101],[136.409304,36.172227],[136.414283,36.156624],[136.440603,36.137256],[136.456637,36.136267],[136.488043,36.159142],[136.510714,36.146125],[136.559794,36.153158],[136.563159,36.1446],[136.601716,36.129517],[136.614888,36.10816],[136.651342,36.092233],[136.662288,36.067629],[136.754282,36.086291],[136.779988,36.134193],[136.766446,36.162556],[136.798404,36.172565],[136.802056,36.18706],[136.8226,36.201498],[136.820991,36.210742],[136.851821,36.247103],[136.833669,36.265828],[136.814576,36.266403],[136.795458,36.292496],[136.784656,36.343788],[136.808187,36.358689],[136.79514,36.401265],[136.769796,36.414998],[136.768379,36.42341],[136.769613,36.430861],[136.796722,36.444689],[136.788199,36.452686],[136.798359,36.461649],[136.795547,36.474886],[136.802814,36.485008],[136.793946,36.496982],[136.795103,36.510809],[136.81723,36.552387],[136.80244,36.568772],[136.791004,36.569623],[136.795315,36.584842],[136.783145,36.616833],[136.784816,36.628505],[136.799899,36.636406],[136.800564,36.646573],[136.823831,36.670173],[136.822566,36.680998],[136.810021,36.686587],[136.815577,36.700508],[136.789211,36.719028],[136.796097,36.729579],[136.819857,36.730651],[136.821956,36.740301],[136.839309,36.745204],[136.84916,36.759236],[136.852661,36.77033],[136.843131,36.782316],[136.854049,36.794662],[136.848805,36.81316],[136.867224,36.85092],[136.862384,36.860328],[136.883027,36.876826],[136.878971,36.906272],[136.895577,36.924721],[136.947963,36.955365],[136.973742,36.944313],[136.986944,36.967298],[137.005083,36.961132],[137.037666,36.96712],[137.051731,36.959156],[137.056635,36.967902],[137.045577,37.037715],[137.054425,37.074645],[137.049447,37.101155],[137.058101,37.107837],[137.021389,37.101008],[137.011641,37.073386],[137.001951,37.068056],[137.005041,37.056944],[136.99482,37.059542],[136.988549,37.056395],[136.992163,37.050472],[136.982432,37.046603],[136.9760331,37.0531916],[136.9725163,37.0469857],[136.9557456,37.0570877],[136.962649,37.06726],[136.938738,37.06901],[136.9353075,37.0788317],[136.943802,37.083703],[136.934522,37.087148],[136.9074802,37.0893615],[136.9059817,37.0771893],[136.888171,37.068264],[136.8591025,37.0762591],[136.871987,37.087775],[136.86687,37.105797],[136.859322,37.105799],[136.873642,37.114113],[136.892877,37.110753],[136.9006687,37.1357348],[136.886144,37.144365],[136.8798407,37.1352653],[136.8733174,37.1456893],[136.912879,37.194404],[136.906544,37.203266],[136.924394,37.205857],[136.925731,37.198551],[136.929672,37.205269],[136.906434,37.218358],[136.915952,37.227702],[136.91923,37.220688],[136.932139,37.220555],[136.924433,37.233894],[136.943209,37.224349],[136.94787,37.233343],[136.962137,37.236479],[136.966489,37.233147],[136.946023,37.216318],[136.954116,37.219782],[136.957211,37.208548],[136.965232,37.20347],[136.966891,37.20922],[136.971034,37.200986],[136.982766,37.205275],[137.010842,37.183223],[137.033755,37.195558],[137.025579,37.204711],[137.057632,37.208058],[137.069471,37.217876],[137.067925,37.23157],[137.09428,37.256363],[137.098512,37.278731],[137.143735,37.298838],[137.154654,37.295184],[137.150659,37.306554],[137.161233,37.299029],[137.163649,37.304763],[137.234157,37.294644],[137.230429,37.311949],[137.239086,37.30298],[137.246309,37.307082],[137.267576,37.336309],[137.252507,37.340334],[137.266742,37.357333],[137.248912,37.354169],[137.237406,37.380749],[137.253332,37.428108],[137.284534,37.441765],[137.310901,37.436471],[137.360429,37.450475],[137.357721,37.464941],[137.339416,37.48507],[137.351102,37.501996],[137.346074,37.515358],[137.328746,37.519379],[137.32779,37.529301],[137.282412,37.527037],[137.275297,37.533427],[137.220321,37.516376],[137.210272,37.506149],[137.144454,37.499001],[137.093853,37.479099],[137.072816,37.455449],[137.04602,37.45048],[137.029481,37.43279],[136.92395,37.394892],[136.903199,37.397395],[136.898814,37.407561],[136.892736,37.401191],[136.871982,37.407364],[136.843121,37.400654],[136.801532,37.376046],[136.756383,37.364881],[136.748723,37.343131],[136.737191,37.347753],[136.739683,37.339617],[136.721206,37.320425],[136.733874,37.279501],[136.72087,37.255897],[136.699617,37.242445],[136.701621,37.223586],[136.679682,37.206971],[136.669561,37.150011],[136.684805,37.135731],[136.699954,37.138722],[136.703212,37.150061],[136.727328,37.135333],[136.729601,37.098112],[136.721298,37.086377],[136.727946,37.082649],[136.717907,37.078453],[136.719084,37.059319],[136.746377,37.030373],[136.742947,37.012262],[136.76987,36.99703],[136.767409,36.959858],[136.755989,36.952065],[136.761826,36.943929],[136.748759,36.92887],[136.765412,36.919678],[136.767487,36.904282],[136.74392,36.82775],[136.649666,36.673834],[136.526256,36.533931],[136.40356,36.40853],[136.344711,36.364528],[136.299448,36.352412],[136.275137,36.318653],[136.2440524088097,36.29527537129256]]],[[[136.901575,37.152163],[136.906228,37.133548],[136.940355,37.11433],[136.945797,37.091029],[136.963461,37.104199],[136.975585,37.096882],[136.995461,37.118438],[137.004777,37.112068],[137.007137,37.120792],[137.021754,37.111207],[137.041101,37.11714],[137.050255,37.129275],[137.041198,37.140378],[137.054266,37.148768],[137.037226,37.168101],[137.025595,37.158898],[137.022042,37.142343],[137.008681,37.143007],[137.004937,37.13526],[136.988953,37.14227],[136.986481,37.150975],[136.978424,37.146816],[136.967478,37.155293],[136.977044,37.139987],[136.963532,37.146908],[136.949365,37.138744],[136.943509,37.146203],[136.925593,37.130277],[136.924114,37.147057],[136.901575,37.152163]]]]}},{"type":"Feature","id":"JP-03","properties":{"name":"Iwate","shapeName":"Iwate","shapeISO":"JP-03","shapeID":"47310658B25007192225139","shapeGroup":"JPN","shapeType":"ADM1"},"geometry":{"type":"Polygon","coordinates":[[[140.653107,39.391007],[140.678955,39.383191],[140.675621,39.368351],[140.692712,39.358606],[140.688434,39.347534],[140.708183,39.334469],[140.694025,39.319774],[140.693566,39.299602],[140.717308,39.296518],[140.717809,39.272619],[140.751329,39.262817],[140.788641,39.238439],[140.787603,39.226795],[140.770206,39.223418],[140.763029,39.213237],[140.764827,39.197771],[140.808173,39.180427],[140.78372,39.165423],[140.774109,39.167863],[140.748919,39.138132],[140.769958,39.124175],[140.755932,39.118312],[140.763223,39.108868],[140.752677,39.086206],[140.802363,39.077905],[140.799507,39.060984],[140.810226,39.057419],[140.793534,39.041872],[140.795262,39.029439],[140.778663,39.008155],[140.764008,39.000202],[140.773564,38.958095],[140.824429,38.964092],[140.881504,38.927914],[140.910345,38.927456],[140.914539,38.916838],[140.922132,38.914354],[140.926506,38.921422],[140.957833,38.908142],[140.9895674,38.874329],[141.0204534,38.886409],[141.0370144,38.876697],[141.093316,38.887874],[141.107364,38.877531],[141.139795,38.877518],[141.146746,38.85628],[141.123117,38.835872],[141.104788,38.83736],[141.104778,38.822854],[141.123833,38.825359],[141.123581,38.816562],[141.142359,38.812136],[141.13864,38.79064],[141.167946,38.777202],[141.180932,38.784539],[141.195561,38.776825],[141.215839,38.748471],[141.232549,38.747651],[141.25753,38.761674],[141.258023,38.776205],[141.272441,38.79698],[141.304507,38.793476],[141.309254,38.822245],[141.334256,38.806986],[141.35268,38.812537],[141.371277,38.807491],[141.379139,38.796107],[141.393767,38.799856],[141.396813,38.790122],[141.414818,38.786219],[141.409835,38.767839],[141.422847,38.771678],[141.421649,38.779845],[141.437885,38.782256],[141.436362,38.805449],[141.429333,38.810563],[141.458626,38.813977],[141.449789,38.837407],[141.466068,38.856269],[141.452624,38.862569],[141.450808,38.875814],[141.491817,38.912831],[141.485529,38.935745],[141.493921,38.955367],[141.483493,38.978183],[141.490413,38.997961],[141.517837,39.001675],[141.523093,38.991363],[141.567087,38.995978],[141.575163,38.987042],[141.605002,38.985154],[141.628015,38.970432],[141.634068,38.972165],[141.6252904,38.9817458],[141.6233182,39.0033861],[141.6322231,39.0094679],[141.6495985,39.0086634],[141.657643,39.000293],[141.671214,39.004599],[141.681318,38.998344],[141.66762,38.988995],[141.668415,38.974718],[141.688216,38.964994],[141.689002,38.946805],[141.704996,38.938279],[141.713276,38.951195],[141.728488,38.952483],[141.717941,38.967876],[141.696527,38.969757],[141.709149,38.984146],[141.717594,38.981905],[141.710694,38.996187],[141.741168,38.984716],[141.744296,38.990371],[141.732346,39.017843],[141.721973,39.019284],[141.718989,39.012782],[141.709701,39.023855],[141.724951,39.040782],[141.722113,39.065684],[141.729688,39.070751],[141.739992,39.05858],[141.73421,39.050931],[141.741058,39.052342],[141.730447,39.03253],[141.738451,39.030696],[141.727987,39.028131],[141.732948,39.019623],[141.745079,39.024703],[141.758954,39.017689],[141.76812,39.034096],[141.7824,39.027271],[141.796374,39.043389],[141.799267,39.024252],[141.852933,39.029295],[141.814142,39.057629],[141.875868,39.06471],[141.86979,39.072056],[141.823367,39.075166],[141.824128,39.086047],[141.808775,39.090122],[141.815863,39.094632],[141.811246,39.111876],[141.860809,39.103797],[141.880632,39.083893],[141.892321,39.09598],[141.921288,39.104159],[141.900517,39.120049],[141.874234,39.115348],[141.872701,39.130576],[141.837328,39.146802],[141.850046,39.156895],[141.887094,39.155657],[141.921926,39.177874],[141.920116,39.18601],[141.891705,39.181142],[141.867262,39.191523],[141.872837,39.197481],[141.8669016,39.206442],[141.890128,39.197611],[141.887412,39.208877],[141.904256,39.205077],[141.92737,39.215151],[141.924382,39.222437],[141.94751,39.216739],[141.957319,39.222659],[141.944471,39.241798],[141.97102,39.247649],[141.938444,39.248475],[141.93265,39.241905],[141.927875,39.246815],[141.921987,39.237586],[141.904869,39.251094],[141.8909215,39.2467589],[141.903122,39.256607],[141.882886,39.2676346],[141.8972076,39.2652332],[141.8868052,39.2686377],[141.8891574,39.2737801],[141.92245,39.265516],[141.929605,39.270767],[141.921293,39.279626],[141.925642,39.285671],[141.887424,39.303284],[141.906905,39.309375],[141.917669,39.303005],[141.945712,39.315982],[141.970867,39.31315],[141.980523,39.336473],[141.997049,39.350733],[141.969889,39.33588],[141.955055,39.340219],[141.944597,39.329578],[141.9232,39.332878],[141.915258,39.323891],[141.902472,39.327469],[141.898935,39.337363],[141.91539,39.345722],[141.908228,39.35582],[141.939326,39.34812],[141.95747,39.355914],[141.966649,39.37773],[141.949217,39.370792],[141.938171,39.385226],[141.974562,39.426646],[141.982469,39.425942],[141.98303,39.408247],[142.005293,39.410451],[142.010531,39.426303],[142.028318,39.415565],[142.044276,39.425272],[142.037987,39.445634],[142.061473,39.471367],[142.052674,39.474548],[142.051585,39.484554],[142.03583,39.483546],[142.008845,39.465026],[142.004715,39.445239],[141.994875,39.452562],[141.979701,39.439156],[141.97058,39.449436],[141.961013,39.448405],[141.954544,39.47219],[141.97628,39.482749],[142.010972,39.476642],[142.01055,39.500595],[142.025771,39.504223],[142.033453,39.529279],[142.058473,39.522393],[142.06238,39.52605],[142.051916,39.532331],[142.065472,39.53339],[142.072492,39.546769],[142.06801,39.562319],[142.057199,39.561069],[142.057467,39.574247],[142.027427,39.575041],[142.034451,39.59817],[142.02589,39.606901],[142.034553,39.609631],[142.022406,39.615804],[142.028254,39.631317],[142.022999,39.635617],[142.028722,39.636812],[142.024771,39.65648],[142.016091,39.655474],[141.958985,39.586537],[141.945973,39.586669],[141.945231,39.598809],[141.957486,39.604047],[141.963445,39.623322],[141.97144,39.625913],[141.969427,39.646465],[141.985584,39.650539],[141.969834,39.652869],[141.986331,39.685266],[141.96708,39.69078],[141.986733,39.709959],[141.987875,39.723443],[141.971977,39.73186],[142.004017,39.7517],[141.98852,39.758007],[141.990058,39.767502],[142.004314,39.775842],[141.983645,39.788618],[141.983719,39.814093],[141.991283,39.820304],[141.986249,39.830072],[141.978349,39.829439],[141.976744,39.872213],[141.971102,39.884772],[141.95499,39.891126],[141.949746,39.91156],[141.939956,39.91908],[141.943242,39.94342],[141.961866,39.94587],[141.955963,39.983723],[141.936443,40.009502],[141.9062696,40.0095587],[141.877447,40.048516],[141.851632,40.055384],[141.833385,40.074532],[141.829197,40.114076],[141.846211,40.13367],[141.86561,40.1323],[141.876825,40.143982],[141.852661,40.16958],[141.79404,40.190607],[141.80648,40.197429],[141.812699,40.189199],[141.799329,40.204107],[141.817662,40.221077],[141.833665,40.22009],[141.832001,40.234709],[141.816173,40.271377],[141.774745,40.32097],[141.771401,40.345397],[141.764043,40.347889],[141.769162,40.349424],[141.754871,40.355379],[141.754672,40.368561],[141.720447,40.399679],[141.723145,40.406919],[141.712778,40.420455],[141.682681,40.450301],[141.676026,40.448542],[141.65495,40.428595],[141.586916,40.406967],[141.581234,40.398433],[141.585603,40.378347],[141.537195,40.347392],[141.479977,40.376366],[141.441714,40.376063],[141.427282,40.361816],[141.40712,40.357132],[141.397247,40.367256],[141.381568,40.342147],[141.350989,40.33108],[141.333997,40.345608],[141.336331,40.360204],[141.315996,40.372629],[141.293483,40.363239],[141.292311,40.351676],[141.279526,40.344758],[141.262422,40.349483],[141.260123,40.34188],[141.226153,40.327841],[141.218478,40.315229],[141.138366,40.300504],[141.099841,40.280965],[141.110046,40.261059],[141.104162,40.25582],[141.076397,40.252646],[141.022362,40.220275],[140.979478,40.219752],[140.955065,40.247636],[140.940157,40.240483],[140.940951,40.226906],[140.90932,40.223541],[140.895778,40.213654],[140.892684,40.192466],[140.859181,40.171433],[140.868782,40.159524],[140.883597,40.157325],[140.866979,40.132376],[140.871193,40.115959],[140.881017,40.113734],[140.875326,40.094574],[140.844468,40.074599],[140.855431,40.046351],[140.848053,39.958367],[140.857342,39.952871],[140.854683,39.923297],[140.868043,39.911669],[140.878129,39.874604],[140.852912,39.865796],[140.825805,39.886246],[140.815638,39.87936],[140.799215,39.881644],[140.782223,39.867857],[140.789083,39.850192],[140.786635,39.823407],[140.821306,39.815431],[140.848256,39.79326],[140.805315,39.756653],[140.803712,39.74476],[140.774807,39.734561],[140.794445,39.709604],[140.809888,39.708031],[140.811335,39.695547],[140.822561,39.688184],[140.822289,39.649962],[140.797525,39.604098],[140.78218,39.603978],[140.780646,39.590335],[140.763847,39.587576],[140.75428,39.570728],[140.729603,39.565137],[140.727463,39.555963],[140.741343,39.536194],[140.737822,39.522406],[140.724664,39.518603],[140.72395,39.504427],[140.713558,39.498862],[140.724388,39.480543],[140.681884,39.457232],[140.676778,39.4478],[140.684991,39.42451],[140.679653,39.417076],[140.658363,39.415104],[140.663692,39.403679],[140.653107,39.391007]]]}},{"type":"Feature","id":"JP-37","properties":{"name":"Kagawa","shapeName":"Kagawa Prefecture","shapeISO":"JP-37","shapeID":"47310658B61159371292051","shapeGroup":"JPN","shapeType":"ADM1"},"geometry":{"type":"MultiPolygon","coordinates":[[[[133.557109,34.262063],[133.574495,34.257983],[133.579755,34.24892],[133.573041,34.243053],[133.605705,34.233482],[133.609748,34.222607],[133.634678,34.210253],[133.634493,34.202373],[133.641114,34.205412],[133.649042,34.193284],[133.640071,34.130862],[133.633756,34.125979],[133.639174,34.124738],[133.629653,34.119196],[133.637391,34.112976],[133.639271,34.093114],[133.630928,34.059049],[133.622618,34.049423],[133.598556,34.043468],[133.61331,34.032321],[133.626878,34.037767],[133.63946,34.025932],[133.665203,34.027239],[133.6795502,34.0125328],[133.72132,34.022292],[133.728994,34.04416],[133.778469,34.07946],[133.797828,34.06976],[133.817739,34.0722623],[133.822935,34.093037],[133.858539,34.105274],[133.867084,34.100153],[133.892855,34.108197],[133.9036163,34.1007411],[133.922296,34.114412],[133.939116,34.115396],[133.945604,34.092173],[133.972607,34.072806],[133.993934,34.072617],[134.0100256,34.0866884],[134.026258,34.085088],[134.0502908,34.1178282],[134.0615468,34.1111981],[134.0791092,34.1210894],[134.0961042,34.1145359],[134.1225652,34.1188894],[134.1390897,34.133906],[134.13524,34.151577],[134.146316,34.165285],[134.173746,34.177002],[134.195064,34.171874],[134.266077,34.183213],[134.292233,34.179143],[134.297906,34.168639],[134.314563,34.177256],[134.344193,34.17238],[134.35553,34.18529],[134.385487,34.165097],[134.402499,34.167886],[134.414328,34.156917],[134.433336,34.1684],[134.429196,34.183193],[134.440701,34.199659],[134.440204,34.207894],[134.407858,34.224362],[134.404422,34.230699],[134.411669,34.235646],[134.396873,34.237799],[134.393697,34.251215],[134.378316,34.261818],[134.368663,34.249777],[134.343244,34.252397],[134.306741,34.278134],[134.289697,34.274693],[134.271076,34.290194],[134.2682801,34.2829778],[134.257796,34.285407],[134.2464,34.306642],[134.265627,34.319097],[134.266951,34.333022],[134.250017,34.351572],[134.233693,34.3372422],[134.206865,34.369706],[134.2103725,34.346472],[134.1912333,34.3441695],[134.182545,34.352881],[134.190492,34.3311427],[134.1792465,34.333106],[134.1767819,34.3244342],[134.1626877,34.32787],[134.1532779,34.3435114],[134.1637631,34.3824076],[134.136622,34.400316],[134.1194184,34.3970561],[134.1290226,34.3870746],[134.1163851,34.3761809],[134.1213794,34.3497705],[134.1180425,34.3620075],[134.0915898,34.3847953],[134.0912797,34.3587081],[134.0874087,34.3472528],[134.0818362,34.3507639],[134.0883054,34.3406061],[134.0748049,34.3463777],[134.0798285,34.3614513],[134.0689702,34.3471153],[134.0705079,34.3620503],[134.0633417,34.3625768],[134.0549627,34.3563347],[134.0639727,34.3535931],[134.0597528,34.3477427],[134.0472928,34.3555096],[134.0517292,34.3615409],[134.0337643,34.3528809],[134.0377856,34.3494189],[134.0235252,34.3550808],[134.0196995,34.3480651],[134.0190697,34.3564188],[134.0144888,34.3517173],[134.009579,34.356133],[134.0180517,34.3570251],[134.0095044,34.3573472],[134.0075536,34.349465],[134.0034075,34.3592433],[134.0003015,34.3507804],[133.9764643,34.3732631],[133.9653439,34.36279],[133.9571231,34.3653392],[133.9642041,34.3709422],[133.9592064,34.3776287],[133.9475396,34.3809264],[133.9465087,34.371856],[133.9411886,34.3735483],[133.9276868,34.3897073],[133.921165,34.371678],[133.909739,34.382027],[133.903525,34.374394],[133.89351,34.382396],[133.888041,34.375194],[133.8949315,34.3546022],[133.8838877,34.3414498],[133.8678613,34.3374432],[133.8658739,34.327606],[133.8570104,34.3307297],[133.852907,34.3198963],[133.8292364,34.3308432],[133.8576257,34.3458067],[133.853671,34.360621],[133.8289566,34.3421985],[133.8407245,34.36063],[133.822949,34.348497],[133.819374,34.35316],[133.8272166,34.3201461],[133.788919,34.308029],[133.7983257,34.2991045],[133.775441,34.296513],[133.777704,34.289211],[133.765527,34.302599],[133.771866,34.2849088],[133.760987,34.287043],[133.752004,34.278312],[133.74671,34.285348],[133.740357,34.281911],[133.74788,34.276273],[133.743379,34.271744],[133.731269,34.278674],[133.736783,34.262595],[133.701254,34.235467],[133.681576,34.233913],[133.674139,34.221924],[133.678248,34.236307],[133.669339,34.22509],[133.666762,34.234353],[133.672788,34.246923],[133.654626,34.233638],[133.621452,34.235614],[133.612609,34.25045],[133.59149,34.260678],[133.557109,34.262063]]],[[[133.751637,34.394618],[133.760255,34.378782],[133.755221,34.370012],[133.795372,34.388374],[133.777782,34.400983],[133.761401,34.389986],[133.751637,34.394618]]],[[[133.684445,34.361713],[133.699527,34.351631],[133.72995,34.368421],[133.718847,34.396443],[133.709064,34.400629],[133.709138,34.387244],[133.691251,34.37957],[133.684445,34.361713]]],[[[134.140914,34.46956],[134.151449,34.459756],[134.163488,34.462492],[134.1731259,34.4755718],[134.1923141,34.4813728],[134.157168,34.492995],[134.140914,34.46956]]],[[[134.156037,34.504777],[134.164198,34.507622],[134.173096,34.492454],[134.211487,34.482019],[134.216249,34.47314],[134.2267792,34.4809958],[134.233349,34.476694],[134.229292,34.469004],[134.236841,34.4699],[134.242875,34.458787],[134.223499,34.438607],[134.2378763,34.4359061],[134.224667,34.425623],[134.23154,34.414871],[134.251351,34.424315],[134.246746,34.430084],[134.267794,34.468129],[134.296958,34.479773],[134.313768,34.475406],[134.316636,34.460027],[134.284304,34.460793],[134.286716,34.447526],[134.278068,34.447458],[134.283973,34.441949],[134.302966,34.457767],[134.319539,34.457957],[134.336786,34.432899],[134.335343,34.447872],[134.352711,34.470109],[134.342701,34.488291],[134.351968,34.491733],[134.347515,34.502691],[134.356192,34.511101],[134.355356,34.539025],[134.362072,34.541375],[134.3435513,34.5449961],[134.366555,34.561461],[134.34763,34.555758],[134.350596,34.564048],[134.329093,34.563925],[134.283969,34.545763],[134.264373,34.553275],[134.230408,34.526795],[134.186906,34.51568],[134.172923,34.528563],[134.156037,34.504777]]],[[[133.964932,34.47553],[133.976282,34.449016],[134.001349,34.443244],[134.012639,34.453017],[134.0018025,34.4510235],[133.982694,34.476752],[133.964932,34.47553]]],[[[134.036024,34.48115],[134.081319,34.459166],[134.104577,34.487013],[134.0843815,34.5002047],[134.05741,34.486711],[134.043192,34.489431],[134.036024,34.48115]]]]}},{"type":"Feature","id":"JP-46","properties":{"name":"Kagoshima","shapeName":"Kagoshima Prefecture","shapeISO":"JP-46","shapeID":"47310658B56795339529760","shapeGroup":"JPN","shapeType":"ADM1"},"geometry":{"type":"MultiPolygon","coordinates":[[[[128.395366,27.047405],[128.398317,27.03705],[128.424794,27.022434],[128.458284,27.024586],[128.453477,27.051832],[128.440463,27.065819],[128.419736,27.065117],[128.412047,27.047643],[128.395366,27.047405]]],[[[128.519982,27.375721],[128.543321,27.337224],[128.5764023,27.3299132],[128.636682,27.365732],[128.675843,27.413505],[128.713746,27.434821],[128.691459,27.440791],[128.634569,27.409131],[128.61312,27.409098],[128.595305,27.397144],[128.5529267,27.3962512],[128.531473,27.404388],[128.519982,27.375721]]],[[[128.878859,27.82807],[128.891728,27.819234],[128.889237,27.787111],[128.907253,27.763505],[128.899768,27.736048],[128.880874,27.722593],[128.916653,27.696162],[128.924533,27.666884],[128.936214,27.660996],[128.987019,27.670065],[129.006036,27.7093],[129.021298,27.717599],[129.020567,27.741188],[129.03217,27.746395],[129.037955,27.768839],[129.01455,27.780939],[128.997254,27.805701],[128.986054,27.8044277],[128.968716,27.817589],[128.971592,27.855358],[128.955788,27.862087],[128.975649,27.871823],[128.97234,27.891314],[128.899656,27.892857],[128.889676,27.882691],[128.893265,27.858185],[128.88358,27.835709],[128.881576,27.846415],[128.878859,27.82807]]],[[[129.175758,28.188351],[129.184185,28.16069],[129.198412,28.151698],[129.195028,28.144934],[129.219573,28.140294],[129.212098,28.127484],[129.224447,28.099005],[129.219558,28.087464],[129.209797,28.085994],[129.215315,28.077028],[129.248741,28.099858],[129.24305,28.106288],[129.252412,28.111176],[129.266054,28.086808],[129.261339,28.078233],[129.274517,28.065946],[129.289003,28.065516],[129.284762,28.083493],[129.292213,28.091182],[129.303901,28.086448],[129.314633,28.096339],[129.325271,28.089265],[129.315107,28.070428],[129.319054,28.062155],[129.341043,28.076919],[129.354746,28.104696],[129.341329,28.11879],[129.337267,28.110288],[129.325023,28.113892],[129.321081,28.100888],[129.302697,28.122208],[129.295483,28.107578],[129.287619,28.112259],[129.287643,28.126033],[129.275067,28.113083],[129.270931,28.125434],[129.260377,28.11701],[129.275021,28.142044],[129.245215,28.122102],[129.250064,28.132283],[129.242254,28.137312],[129.261458,28.144525],[129.245809,28.142622],[129.255757,28.148284],[129.244955,28.148795],[129.274875,28.151117],[129.270115,28.167749],[129.262478,28.17053],[129.259714,28.157503],[129.255871,28.17405],[129.255528,28.158945],[129.241188,28.150608],[129.234797,28.159239],[129.232373,28.15365],[129.220704,28.158491],[129.223673,28.167161],[129.212089,28.1639],[129.215549,28.174473],[129.203239,28.181412],[129.230874,28.191906],[129.239151,28.184968],[129.240022,28.193876],[129.2118,28.192582],[129.209309,28.201294],[129.191139,28.195032],[129.189446,28.187319],[129.175758,28.188351]]],[[[129.205218875,28.037209375],[129.21424,28.020192],[129.232802,28.024066],[129.257268,28.005134],[129.269162,28.015822],[129.26829,28.035736],[129.255253,28.029753],[129.251545,28.040902],[129.23379,28.031255],[129.216227,28.054973],[129.205218875,28.037209375]]],[[[129.144265,28.019036],[129.150567,28.014023],[129.165441,28.021301],[129.16611,28.046215],[129.17887,28.048609],[129.169924,28.05966],[129.172301,28.069364],[129.148082,28.049697],[129.144265,28.019036]]],[[[129.91318,28.311855],[129.919378,28.290936],[129.930117,28.292218],[129.944577,28.27432],[129.972789,28.28371],[130.006013,28.330317],[130.000828,28.336955],[130.017865,28.337983],[130.030859,28.35331],[130.026934,28.357455],[130.033585,28.357258],[130.033311,28.369266],[130.020239,28.3783],[130.009391,28.376257],[129.952209,28.327222],[129.923094,28.323645],[129.91318,28.311855]]],[[[129.186907,29.152156],[129.221769,29.127941],[129.219947,29.157966],[129.186907,29.152156]]],[[[129.583984,29.462991],[129.594697,29.456821],[129.5962,29.445308],[129.620174,29.449618],[129.600938,29.476448],[129.583984,29.462991]]],[[[129.683613,29.652227],[129.697621,29.603145],[129.706044,29.602036],[129.734211,29.628002],[129.742827,29.669683],[129.707211,29.666347],[129.683613,29.652227]]],[[[129.834076,29.859998],[129.867404,29.817538],[129.917726,29.819825],[129.895231,29.844111],[129.892771,29.869705],[129.866997,29.883073],[129.846027,29.881454],[129.834076,29.859998]]],[[[129.178412,28.297637],[129.193963,28.283955],[129.221617,28.283721],[129.20395,28.302365],[129.184062,28.307161],[129.178412,28.297637]]],[[[129.133856,28.253981],[129.15031,28.245885],[129.151907,28.236537],[129.170326,28.242472],[129.177705,28.22368],[129.194582,28.227778],[129.212906,28.219099],[129.218578,28.229091],[129.240716,28.21809],[129.247152,28.203609],[129.257678,28.205742],[129.248095,28.213905],[129.254124,28.233262],[129.263057,28.224456],[129.266329,28.232061],[129.277379,28.231423],[129.262357,28.215236],[129.294132,28.223099],[129.287449,28.21165],[129.272704,28.207119],[129.263141,28.183061],[129.274933,28.181934],[129.283299,28.19744],[129.290253,28.188691],[129.282726,28.178075],[129.292743,28.182286],[129.289749,28.174588],[129.297468,28.171437],[129.284011,28.165775],[129.296822,28.1610566],[129.295737,28.148393],[129.314188,28.145718],[129.333026,28.129149],[129.341282,28.138611],[129.349025,28.130182],[129.358525,28.136022],[129.36747,28.130172],[129.358334,28.125882],[129.366337,28.111649],[129.378279,28.108998],[129.379004,28.125089],[129.364987,28.150867],[129.357353,28.149789],[129.337089,28.168734],[129.350769,28.174049],[129.363072,28.162973],[129.381768,28.165694],[129.401005,28.153846],[129.409266,28.182103],[129.4043,28.192263],[129.419211,28.186948],[129.434445,28.199152],[129.451266,28.195339],[129.463719,28.21297],[129.475623,28.20902],[129.456727,28.232131],[129.448826,28.22554],[129.407309,28.248609],[129.445859,28.248609],[129.446977,28.25924],[129.459989,28.267979],[129.455152,28.294068],[129.450923,28.287759],[129.44444,28.292365],[129.462275,28.297358],[129.485726,28.289003],[129.537838,28.306493],[129.544873,28.312233],[129.533473,28.327385],[129.564982,28.334714],[129.61293,28.40068],[129.630174,28.407289],[129.66456,28.397521],[129.670793,28.409993],[129.694465,28.413354],[129.708383,28.429621],[129.710362,28.422044],[129.718965,28.439115],[129.708804,28.43351],[129.722125,28.458029],[129.719197,28.47447],[129.704131,28.476552],[129.69372,28.490432],[129.689963,28.530766],[129.676261,28.526924],[129.659406,28.500423],[129.645832,28.501246],[129.674123,28.461594],[129.66594,28.447633],[129.672621,28.442139],[129.665863,28.438962],[129.64788,28.468077],[129.648232,28.448807],[129.658742,28.435026],[129.6536537,28.4224722],[129.646334,28.433815],[129.639356,28.416479],[129.620678,28.41795],[129.619177,28.427863],[129.630193,28.435765],[129.620537,28.450888],[129.617722,28.432269],[129.612914,28.437269],[129.603044,28.431738],[129.602033,28.415299],[129.589747,28.413737],[129.5965207,28.4356518],[129.6071659,28.4365881],[129.605462,28.453045],[129.621169,28.466937],[129.622105,28.478212],[129.576599,28.466758],[129.559625,28.448073],[129.544186,28.462505],[129.518309,28.441144],[129.511137,28.410967],[129.522865,28.400131],[129.508084,28.399447],[129.49958,28.382475],[129.492996,28.384119],[129.5007349,28.3993474],[129.490339,28.412824],[129.476962,28.399668],[129.466943,28.401915],[129.47126,28.408178],[129.463016,28.413666],[129.456262,28.411289],[129.446642,28.380136],[129.425717,28.38943],[129.394955,28.386041],[129.41129,28.364432],[129.401047,28.355971],[129.388989,28.373559],[129.366689,28.354624],[129.339042,28.36849],[129.326455,28.349965],[129.309696,28.348562],[129.314416,28.333246],[129.265101,28.327619],[129.234493,28.307705],[129.210849,28.306713],[129.249274,28.273901],[129.26468,28.273986],[129.267529,28.28856],[129.29376,28.284498],[129.295415,28.272958],[129.278616,28.276413],[129.274302,28.261235],[129.25523,28.265415],[129.246622,28.25314],[129.245227,28.265792],[129.235751,28.263457],[129.226984,28.273624],[129.21367,28.270534],[129.212095,28.252648],[129.180791,28.270889],[129.164739,28.255371],[129.133856,28.253981]]],[[[129.899479,29.976148],[129.907169,29.961533],[129.931296,29.949413],[129.947213,29.959354],[129.916725,30.007393],[129.909162,30.001844],[129.914599,29.991425],[129.899479,29.976148]]],[[[130.37636,30.382797],[130.391038,30.322152],[130.413015,30.297218],[130.41316,30.266058],[130.418997,30.269967],[130.442518,30.235912],[130.522224,30.22634],[130.530727,30.234191],[130.537665,30.228028],[130.582202,30.238883],[130.604131,30.251863],[130.665225,30.315468],[130.655522,30.312461],[130.6629262,30.316859],[130.671558,30.371863],[130.661907,30.387156],[130.638607,30.40123],[130.597952,30.410416],[130.597759,30.4174],[130.5730536,30.4248575],[130.5745928,30.4324762],[130.543735,30.447353],[130.527056,30.443761],[130.513619,30.455566],[130.499577,30.452632],[130.498499,30.469413],[130.493442,30.454356],[130.471344,30.46152],[130.464127,30.457092],[130.464172,30.436871],[130.447032,30.429602],[130.4263182,30.3982613],[130.390654,30.396733],[130.378569,30.392969],[130.37636,30.382797]]],[[[130.142988,30.489551],[130.167158,30.469472],[130.169011,30.456645],[130.1955424,30.4623175],[130.191422,30.4415],[130.209755,30.422076],[130.231219,30.423399],[130.234367,30.434931],[130.260874,30.433054],[130.26614,30.439297],[130.265078,30.448083],[130.235187,30.470106],[130.200162,30.482559],[130.191012,30.471869],[130.181029,30.484151],[130.165667,30.48232],[130.167582,30.490117],[130.142988,30.489551]]],[[[130.209873,32.254326],[130.214847,32.250093],[130.230188,32.263048],[130.242255,32.253203],[130.235091,32.262416],[130.260328,32.274202],[130.258865,32.280991],[130.268941,32.279852],[130.267481,32.295783],[130.253471,32.301703],[130.257477,32.308146],[130.229132,32.298567],[130.235846,32.289522],[130.220064,32.291784],[130.209873,32.254326]]],[[[130.106587,31.412496],[130.131992,31.411608],[130.163902,31.37466],[130.174735,31.366367],[130.188908,31.368157],[130.18963,31.355029],[130.200241,31.358616],[130.2097,31.347527],[130.204455,31.33472],[130.173259,31.324004],[130.205752,31.314057],[130.2066029,31.3215742],[130.214299,31.321147],[130.216607,31.309041],[130.225512,31.308649],[130.221865,31.298837],[130.216618,31.303371],[130.199063,31.295732],[130.200574,31.282425],[130.215711,31.289988],[130.21497,31.282475],[130.229437,31.281466],[130.214938,31.27536],[130.229278,31.26807],[130.214151,31.261315],[130.216416,31.248201],[130.237149,31.259613],[130.242774,31.251634],[130.258429,31.25799],[130.27759,31.246612],[130.2868006,31.2697535],[130.2930056,31.2611335],[130.2878836,31.2696523],[130.2970856,31.2677537],[130.2920013,31.2587758],[130.3078562,31.2668355],[130.318994,31.255898],[130.353836,31.249937],[130.361533,31.25552],[130.434244,31.245805],[130.439021,31.252105],[130.459538,31.251274],[130.508047,31.214173],[130.515704,31.198291],[130.506131,31.178215],[130.518115,31.165858],[130.542242,31.167114],[130.554713,31.178936],[130.586995,31.155202],[130.596868,31.161539],[130.587858,31.16872],[130.594983,31.17927],[130.626095,31.180956],[130.639892,31.18951],[130.645037,31.204418],[130.636636,31.210261],[130.630248,31.201571],[130.629713,31.21079],[130.657311,31.219775],[130.649974,31.244498],[130.667706,31.267308],[130.624139,31.274958],[130.567962,31.317637],[130.547064,31.370602],[130.550602,31.379917],[130.543486,31.383578],[130.558141,31.38593],[130.550111,31.396282],[130.534841,31.394695],[130.5134413,31.4586886],[130.5137185,31.4674804],[130.5322239,31.4623026],[130.533816,31.474089],[130.519196,31.471604],[130.513572,31.49082],[130.5214372,31.5092489],[130.533176,31.50713],[130.547639,31.549254],[130.558886,31.546566],[130.5711561,31.5819814],[130.564918,31.579024],[130.570642,31.583525],[130.5628402,31.5858079],[130.5628013,31.5971591],[130.575541,31.615565],[130.602168,31.631447],[130.606467,31.650273],[130.619377,31.657516],[130.609319,31.679889],[130.628143,31.714052],[130.687995,31.735654],[130.716672,31.727011],[130.734279,31.707442],[130.79501,31.701863],[130.79634,31.688645],[130.817477,31.674252],[130.821373,31.649582],[130.801026,31.631942],[130.786569,31.603664],[130.787484,31.585976],[130.766926,31.563539],[130.706511,31.557135],[130.721462,31.564533],[130.7102785,31.5673193],[130.716154,31.574587],[130.7082422,31.5821764],[130.718318,31.586959],[130.70967,31.599545],[130.717296,31.602495],[130.69735,31.624368],[130.68541,31.621197],[130.679016,31.62937],[130.624582,31.619928],[130.591047,31.5903795],[130.5916991,31.5811006],[130.639133,31.545218],[130.6758992,31.5539461],[130.6759181,31.5448291],[130.682216,31.544364],[130.685425,31.553078],[130.698462,31.555534],[130.707244,31.533784],[130.697746,31.529822],[130.6982351,31.4951403],[130.6904004,31.4839406],[130.698511,31.461733],[130.731619,31.450804],[130.755863,31.425333],[130.777674,31.371673],[130.803126,31.336486],[130.790259,31.30581],[130.795822,31.29169],[130.789792,31.251099],[130.753393,31.211318],[130.766794,31.180852],[130.744377,31.131739],[130.653211,31.070528],[130.678205,31.062011],[130.672641,31.057279],[130.678853,31.05327],[130.676877,31.034051],[130.655386,31.002298],[130.660097,30.994347],[130.668666,31.008685],[130.682862,31.003871],[130.688644,31.016005],[130.684142,31.025474],[130.716797,31.026754],[130.716311,31.04541],[130.743062,31.052355],[130.744855,31.059843],[130.761292,31.055402],[130.764946,31.064563],[130.791998,31.073186],[130.79293,31.082304],[130.807417,31.080299],[130.811217,31.088863],[130.873846,31.095009],[130.9015,31.113382],[130.915522,31.112917],[130.920838,31.124928],[130.962561,31.138222],[130.979199,31.151906],[130.972584,31.166505],[130.995265,31.169152],[130.985017,31.179674],[131.002869,31.188728],[131.006859,31.217343],[131.017022,31.227961],[131.065479,31.227398],[131.086141,31.250423],[131.129693,31.276895],[131.130942,31.284955],[131.122687,31.287091],[131.108185,31.275872],[131.092453,31.279135],[131.0769681,31.271459],[131.083559,31.274925],[131.073609,31.29177],[131.105267,31.311507],[131.108867,31.33055],[131.017427,31.356835],[131.01637,31.37958],[131.049017,31.434973],[131.078261,31.457905],[131.0912586,31.4485786],[131.083869,31.459745],[131.095789,31.456809],[131.1086886,31.4762976],[131.13861,31.461164],[131.146184,31.468179],[131.160301,31.461861],[131.169996,31.499859],[131.200758,31.517739],[131.196893,31.549484],[131.188908,31.557527],[131.205448,31.579949],[131.186446,31.605176],[131.188351,31.624633],[131.16442,31.639452],[131.128028,31.626477],[131.079214,31.660117],[131.054365,31.633369],[131.044658,31.654385],[131.025595,31.666898],[131.029192,31.696917],[131.013057,31.713127],[131.016797,31.747323],[130.978517,31.751568],[130.990059,31.777847],[130.930899,31.785701],[130.916936,31.804314],[130.883641,31.80593],[130.875022,31.842685],[130.888391,31.848552],[130.894696,31.878214],[130.914003,31.885792],[130.897022,31.887777],[130.882396,31.921132],[130.865626,31.933946],[130.799719,31.949948],[130.794564,31.973201],[130.781961,31.983091],[130.777458,32.01607],[130.7371331,32.047749],[130.7033971,32.058388],[130.7034801,32.077024],[130.7159851,32.085693],[130.7206021,32.100799],[130.6550091,32.135681],[130.6516441,32.151266],[130.6226961,32.156059],[130.6108721,32.186268],[130.5917211,32.185958],[130.5967691,32.175969],[130.5826781,32.154914],[130.5419581,32.149485],[130.5402931,32.136676],[130.4769021,32.138988],[130.4735021,32.118613],[130.4537351,32.112905],[130.4024131,32.120355],[130.3866241,32.147452],[130.36097059470438,32.16806623533659],[130.363631,32.152062],[130.350772,32.133889],[130.314186,32.115832],[130.3050138,32.1029127],[130.271182,32.116834],[130.270612,32.128074],[130.261811,32.127297],[130.2636029,32.1191249],[130.252037,32.127894],[130.22676,32.128765],[130.180937,32.110463],[130.171269,32.088049],[130.17136,32.078271],[130.183212,32.070841],[130.180965,32.07967],[130.1928698,32.0846764],[130.2069181,32.0590243],[130.2122892,32.0613737],[130.202372,32.037306],[130.189194,32.030795],[130.1930232,32.0160639],[130.179215,32.01544],[130.182366,31.992452],[130.173146,31.992057],[130.187161,31.996075],[130.190994,31.986374],[130.197994,31.990846],[130.203057,31.983939],[130.198529,31.981238],[130.212265,31.964624],[130.224348,31.910061],[130.210945,31.873403],[130.192054,31.858573],[130.206422,31.848415],[130.206284,31.83984],[130.190809,31.843521],[130.179803,31.834355],[130.187767,31.836784],[130.166987,31.791615],[130.185327,31.770858],[130.188839,31.746619],[130.211957,31.755939],[130.248269,31.731686],[130.251107,31.71918],[130.264678,31.724644],[130.254719,31.710999],[130.263251,31.715726],[130.262921,31.708314],[130.252048,31.710095],[130.275117,31.705372],[130.298822,31.661079],[130.320987,31.650297],[130.334992,31.57881],[130.319608,31.504856],[130.289232,31.446208],[130.226057,31.397809],[130.193105,31.408608],[130.192713,31.429524],[130.186517,31.42567],[130.18882,31.410519],[130.18117,31.423032],[130.17099,31.420104],[130.159776,31.440187],[130.135931,31.413212],[130.115833,31.423987],[130.106587,31.412496]]],[[[129.65814,31.659188],[129.664792,31.634113],[129.680892,31.63318],[129.68877,31.621267],[129.708216,31.636687],[129.714056,31.62203],[129.711762,31.633621],[129.738583,31.656037],[129.724962,31.668479],[129.743884,31.687547],[129.738692,31.704672],[129.749946,31.717861],[129.758582,31.710012],[129.771446,31.715538],[129.778505,31.744486],[129.801413,31.762235],[129.793298,31.776894],[129.802117,31.78518],[129.781824,31.790623],[129.786685,31.780973],[129.780887,31.775158],[129.789186,31.768922],[129.775266,31.758086],[129.780726,31.752126],[129.774925,31.740826],[129.743509,31.736704],[129.696807,31.716465],[129.702239,31.707371],[129.688473,31.703176],[129.693306,31.692593],[129.676523,31.666865],[129.682234,31.662364],[129.65814,31.659188]]],[[[129.811218,31.799293],[129.816443,31.779096],[129.828631,31.774821],[129.83275,31.783403],[129.824822,31.789522],[129.845803,31.801419],[129.835942,31.805547],[129.839522,31.819012],[129.821648,31.81399],[129.811218,31.799293]]],[[[129.81678,31.860897],[129.821176,31.843336],[129.835636,31.837686],[129.833653,31.85266],[129.842499,31.869931],[129.846862,31.855395],[129.865674,31.860019],[129.860093,31.852059],[129.841357,31.853098],[129.84898,31.836594],[129.835176,31.825473],[129.841536,31.820665],[129.861396,31.836596],[129.866152,31.833118],[129.856445,31.82122],[129.873429,31.820281],[129.872065,31.800814],[129.900313,31.814208],[129.903888,31.824865],[129.918893,31.816919],[129.930576,31.825139],[129.931525,31.836104],[129.919462,31.843334],[129.930911,31.849732],[129.923828,31.86165],[129.927863,31.86916],[129.904725,31.868582],[129.918674,31.851398],[129.910713,31.84285],[129.852851,31.883053],[129.835721,31.882353],[129.81678,31.860897]]],[[[130.09074,32.180576],[130.10972,32.170026],[130.107796,32.161008],[130.11565,32.157085],[130.111134,32.125787],[130.1477,32.104955],[130.14844,32.094066],[130.157224,32.089513],[130.169018,32.094616],[130.167421,32.105379],[130.177941,32.117928],[130.171069,32.133691],[130.17734,32.127963],[130.179526,32.137249],[130.209464,32.153683],[130.205113,32.169355],[130.185863,32.164275],[130.187811,32.189556],[130.200518,32.197623],[130.19149,32.197612],[130.17515,32.229287],[130.164028,32.221892],[130.164492,32.212267],[130.155589,32.228375],[130.154523,32.213801],[130.145507,32.217071],[130.158924,32.204347],[130.155385,32.197114],[130.131428,32.216423],[130.125669,32.215678],[130.12932,32.210893],[130.105704,32.213805],[130.111928,32.207255],[130.105526,32.203674],[130.121912,32.200259],[130.098037,32.194192],[130.109391,32.187794],[130.094961,32.18878],[130.09074,32.180576]]],[[[130.849065,30.466943],[130.866425,30.410338],[130.857441,30.370701],[130.871524,30.34518],[130.883895,30.3439],[130.896358,30.359377],[130.936792,30.375412],[130.967912,30.372813],[130.965112,30.39204],[130.981302,30.398769],[130.966239,30.420079],[130.979353,30.438028],[130.95866,30.45803],[130.969022,30.463206],[130.96277,30.480084],[130.97624,30.4942],[130.999339,30.547972],[131.028347,30.554756],[131.03484,30.566427],[131.032716,30.587204],[131.055119,30.604884],[131.053581,30.665941],[131.065423,30.690214],[131.078575,30.696372],[131.071845,30.763849],[131.082585,30.788956],[131.071434,30.797512],[131.072664,30.812344],[131.065879,30.812055],[131.05635,30.839897],[131.046498,30.824479],[131.032576,30.824264],[131.030905,30.812873],[131.002778,30.784884],[131.009041,30.765504],[130.989137,30.738539],[130.993762,30.72642],[130.978614,30.725517],[130.958885,30.686538],[130.940051,30.669159],[130.947679,30.665434],[130.941758,30.648272],[130.950293,30.633924],[130.946619,30.600711],[130.953322,30.59284],[130.916772,30.519496],[130.882356,30.486603],[130.872335,30.465827],[130.849065,30.466943]]],[[[130.836456,30.729028],[130.856898,30.725337],[130.865217,30.731928],[130.857515,30.765821],[130.841075,30.749983],[130.836456,30.729028]]],[[[129.904488,30.831951],[129.911584,30.819311],[129.930042,30.8118],[129.964171,30.828468],[129.939416,30.851559],[129.90457,30.838379],[129.904488,30.831951]]],[[[130.261788,30.781994],[130.277762,30.772409],[130.276521,30.780673],[130.313578,30.78093],[130.321787,30.792379],[130.303353,30.808544],[130.266047,30.792764],[130.261788,30.781994]]]]}},{"type":"Feature","id":"JP-14","properties":{"name":"Kanagawa","shapeName":"Kanagawa","shapeISO":"JP-14","shapeID":"47310658B16920518838967","shapeGroup":"JPN","shapeType":"ADM1"},"geometry":{"type":"Polygon","coordinates":[[[138.915816,35.405532],[139.001418,35.399749],[138.998616,35.384041],[139.01901,35.329307],[139.004611,35.289898],[138.975471,35.263753],[138.974395,35.248144],[138.987639,35.200954],[139.021576,35.182038],[139.029146,35.150091],[139.089843,35.140195],[139.131275,35.1508913],[139.1609,35.140991],[139.1417139,35.1522082],[139.145452,35.168362],[139.136002,35.181371],[139.1477565,35.2408986],[139.206312,35.276414],[139.255199,35.294449],[139.331732,35.312505],[139.435198,35.319085],[139.471994,35.314046],[139.4826896,35.303974],[139.525675,35.301607],[139.541158,35.309157],[139.5520771,35.2945161],[139.571345,35.292924],[139.5736131,35.2872754],[139.5647304,35.2845076],[139.576125,35.253598],[139.59646,35.242408],[139.6040579,35.2231113],[139.6274331,35.2157182],[139.6215828,35.2071884],[139.609058,35.21074],[139.598881,35.195853],[139.6200784,35.1841197],[139.613808,35.182949],[139.6166436,35.1652456],[139.63003,35.163485],[139.61081,35.163556],[139.6192876,35.1545922],[139.606817,35.154535],[139.6171966,35.1476116],[139.6048701,35.14457],[139.6296,35.136066],[139.6373074,35.1421087],[139.662873,35.138914],[139.6661153,35.1465732],[139.677757,35.138819],[139.681993,35.151025],[139.662103,35.160577],[139.6565871,35.1850866],[139.6906828,35.208877],[139.7250514,35.2113389],[139.7133324,35.223969],[139.7286923,35.2237062],[139.729597,35.233227],[139.7166787,35.2461168],[139.7331303,35.2408305],[139.7341884,35.2485966],[139.7470271,35.2534841],[139.7312481,35.2662007],[139.690967,35.2664937],[139.671991,35.286643],[139.6850746,35.2886241],[139.6740189,35.3005678],[139.6617199,35.3006235],[139.6607378,35.2829569],[139.642734,35.2990619],[139.631087,35.2999534],[139.661871,35.3282074],[139.6216232,35.3232644],[139.6289111,35.3263169],[139.6235226,35.3335272],[139.6374561,35.3331085],[139.6383039,35.3437087],[139.6570358,35.3419046],[139.650935,35.366406],[139.658265,35.3785421],[139.6504887,35.373084],[139.6432258,35.3789601],[139.6532683,35.3872501],[139.645691,35.3905331],[139.628584,35.384194],[139.638354,35.390887],[139.6244369,35.3917104],[139.626011,35.4016215],[139.6454919,35.4029745],[139.6307909,35.4049869],[139.6293858,35.4132026],[139.6525592,35.4129659],[139.669588,35.4028201],[139.6834074,35.4168655],[139.6752042,35.4235154],[139.6816743,35.4226566],[139.6906435,35.4392712],[139.6753605,35.4315873],[139.6815074,35.4415724],[139.6753043,35.4457066],[139.6645494,35.4327641],[139.65336,35.4431934],[139.6658154,35.4494776],[139.6577532,35.4526065],[139.6518612,35.4451185],[139.6487648,35.4537478],[139.6434742,35.4490737],[139.6455152,35.457783],[139.6317997,35.4530732],[139.639401,35.4584867],[139.6329402,35.4645025],[139.6408732,35.4711953],[139.6344855,35.4730372],[139.6497721,35.48488],[139.656435,35.47659],[139.6739676,35.4844906],[139.6677184,35.4687544],[139.6759353,35.4692106],[139.692782,35.481384],[139.688488,35.495387],[139.7127121,35.4642317],[139.7418514,35.4770215],[139.735664,35.494178],[139.7455931,35.485002],[139.7843947,35.5019714],[139.7649847,35.5116345],[139.7987586,35.5091718],[139.7907661,35.5077808],[139.79577068036855,35.523355428900985],[139.756851,35.544502],[139.702224,35.537027],[139.697759,35.543757],[139.703733,35.552607],[139.678787,35.562987],[139.66449,35.589522],[139.618518,35.613786],[139.525515,35.642667],[139.516072,35.625619],[139.494675,35.617286],[139.499738,35.605448],[139.489284,35.604409],[139.4630468,35.6248197],[139.449278,35.611776],[139.453514,35.604476],[139.466046,35.6095],[139.507589,35.575141],[139.491029,35.561426],[139.482866,35.571384],[139.489761,35.584317],[139.473342,35.576869],[139.468263,35.563139],[139.481858,35.555956],[139.487796,35.527882],[139.476971,35.511396],[139.484936,35.503969],[139.468684,35.502004],[139.463283,35.517838],[139.454347,35.520639],[139.458259,35.528038],[139.399794,35.584426],[139.339887,35.605256],[139.303865,35.604299],[139.285701,35.612883],[139.252221,35.601667],[139.219638,35.625895],[139.211459,35.649117],[139.198255,35.653],[139.179084,35.645572],[139.166952,35.651066],[139.161601,35.667907],[139.1313389,35.6719948],[139.117166,35.654538],[139.127551,35.641081],[139.123488,35.623952],[139.134411,35.61651],[139.121436,35.586988],[139.129853,35.566374],[139.111959,35.549794],[139.110124,35.532289],[139.085788,35.512086],[139.046113,35.509736],[139.027548,35.480968],[138.98882,35.473641],[138.937369,35.448867],[138.927403,35.437645],[138.930169,35.420871],[138.915816,35.405532]]]}},{"type":"Feature","id":"JP-39","properties":{"name":"Kochi","shapeName":"Kochi Prefecture","shapeISO":"JP-39","shapeID":"47310658B3517091690","shapeGroup":"JPN","shapeType":"ADM1"},"geometry":{"type":"MultiPolygon","coordinates":[[[[132.614879,33.169043],[132.632295,33.149244],[132.628503,33.133627],[132.66397,33.108231],[132.669502,33.071183],[132.657674,33.057057],[132.67823,33.03771],[132.676884,33.010635],[132.691516,32.973571],[132.681132,32.964124],[132.683392,32.946832],[132.652489,32.939451],[132.65527345802806,32.925088562295876],[132.685913,32.919613],[132.693761,32.930385],[132.694158,32.92048],[132.702673,32.918204],[132.687566,32.915446],[132.695966,32.910136],[132.71163,32.924893],[132.717121,32.908558],[132.71128,32.900021],[132.721903,32.898656],[132.703873,32.896137],[132.720975,32.877578],[132.713549,32.875248],[132.713551,32.882213],[132.707282,32.875495],[132.707358,32.888483],[132.696256,32.886783],[132.6901,32.874523],[132.656846,32.854258],[132.674389,32.840885],[132.659635,32.839419],[132.663979,32.831442],[132.644043,32.819826],[132.646986,32.809895],[132.640232,32.808932],[132.656988,32.80179],[132.62654,32.796755],[132.64468,32.786765],[132.633699,32.784361],[132.640394,32.769482],[132.628698,32.762916],[132.650118,32.765631],[132.654564,32.781134],[132.697018,32.784418],[132.682885,32.794006],[132.710777,32.799096],[132.757447,32.753065],[132.770367,32.761933],[132.802384,32.746832],[132.815527,32.753293],[132.815154,32.76162],[132.833086,32.765788],[132.839466,32.781309],[132.845929,32.778085],[132.861644,32.790657],[132.871497,32.785715],[132.868346,32.765626],[132.879095,32.769933],[132.879611,32.789738],[132.916355,32.786927],[132.919995,32.77819],[132.934777,32.778496],[132.935271,32.786904],[132.946797,32.782615],[132.939409,32.77543],[132.94535,32.764844],[132.955647,32.778946],[132.969885,32.777798],[132.952146,32.762846],[132.971417,32.747581],[132.965709,32.729393],[132.986897,32.733514],[133.002792,32.721515],[133.020129,32.723418],[133.017918,32.761555],[133.002705,32.787145],[132.96546,32.7989],[132.950659,32.821505],[132.961003,32.829502],[132.949287,32.856413],[132.954773,32.865103],[132.956418,32.858484],[132.987179,32.86804],[132.993406,32.862338],[133.009374,32.881205],[133.009123,32.912597],[132.99746,32.923378],[133.000613,32.930761],[132.9883928,32.9329095],[133.000355,32.943122],[132.992729,32.952938],[133.005249,32.975224],[132.998896,32.980443],[133.008572,33.010783],[133.039776,33.038639],[133.070821,33.037881],[133.096476,33.02468],[133.093031,33.034061],[133.099263,33.058056],[133.10871,33.062681],[133.10741,33.077775],[133.115299,33.074624],[133.117908,33.08616],[133.143432,33.098091],[133.170573,33.150422],[133.193481,33.167522],[133.206995,33.165016],[133.208135,33.14926],[133.223005,33.153297],[133.214407,33.164824],[133.224421,33.170556],[133.211011,33.184959],[133.218642,33.193943],[133.241222,33.196737],[133.234666,33.203582],[133.23865,33.215991],[133.256325,33.225595],[133.247666,33.249564],[133.26422,33.257363],[133.255307,33.267508],[133.259695,33.279801],[133.243667,33.274053],[133.2459,33.292042],[133.238514,33.296623],[133.260903,33.310316],[133.231539,33.326389],[133.243471,33.334555],[133.249487,33.327668],[133.264078,33.340632],[133.259238,33.366412],[133.281201,33.376681],[133.2775264,33.3855992],[133.295627,33.389523],[133.285793,33.404341],[133.2948548,33.4059448],[133.304466,33.392144],[133.289828,33.382826],[133.299437,33.373915],[133.324489,33.379187],[133.323759,33.364928],[133.311392,33.366566],[133.319026,33.354879],[133.331396,33.362288],[133.329351,33.386917],[133.345862,33.400791],[133.371477,33.40215],[133.378601,33.392764],[133.376303,33.401382],[133.390267,33.406002],[133.409613,33.397972],[133.412532,33.41105],[133.428688,33.407541],[133.429409,33.415261],[133.457617,33.419679],[133.461067,33.432332],[133.442269,33.439764],[133.432102,33.426734],[133.417342,33.439527],[133.410784,33.424297],[133.404816,33.428019],[133.403072,33.414123],[133.396641,33.42479],[133.392969,33.416855],[133.384319,33.42119],[133.384123,33.410742],[133.370971,33.424851],[133.367095,33.406679],[133.358604,33.408902],[133.364533,33.415821],[133.348336,33.416205],[133.368485,33.430147],[133.405406,33.431981],[133.407917,33.439214],[133.397967,33.445326],[133.424768,33.44937],[133.423268,33.440568],[133.435507,33.437644],[133.442209,33.450112],[133.458196,33.445446],[133.514582,33.475546],[133.574563,33.495374],[133.582742,33.501091],[133.559026,33.498097],[133.5597,33.508405],[133.546073,33.517469],[133.561657,33.531814],[133.5527,33.540781],[133.5660049,33.5433881],[133.573268,33.536524],[133.565413,33.531064],[133.564921,33.521538],[133.570405,33.527655],[133.57388,33.517907],[133.564752,33.511977],[133.564935,33.501081],[133.617038,33.522968],[133.694324,33.537417],[133.7470241,33.5366467],[133.7575757,33.5281926],[133.7498748,33.5279666],[133.7538863,33.5206527],[133.767012,33.515941],[133.8301086,33.5140154],[133.93471,33.48704],[133.954423,33.445181],[134.031125,33.412342],[134.036943,33.37144],[134.052787,33.368966],[134.080528,33.337315],[134.101877,33.328404],[134.110685,33.293938],[134.140561,33.295112],[134.176578,33.242999],[134.213349,33.382219],[134.208812,33.395615],[134.241332,33.450139],[134.242085,33.463917],[134.289633,33.519655],[134.285171,33.530788],[134.292178,33.54178],[134.304065,33.541723],[134.296928,33.547559],[134.303977,33.545528],[134.306462,33.553824],[134.281715,33.561022],[134.237756,33.552049],[134.218479,33.567611],[134.19317,33.561627],[134.184719,33.588686],[134.170525,33.597085],[134.175933,33.607326],[134.155956,33.611789],[134.149251,33.627141],[134.184173,33.649023],[134.171312,33.657504],[134.174654,33.684285],[134.147707,33.684947],[134.126012,33.695906],[134.058057,33.691033],[134.070102,33.711196],[134.068359,33.729333],[134.056084,33.751478],[134.058133,33.781141],[134.033311,33.809278],[134.032828,33.8284],[133.997705,33.821086],[133.9851083,33.8407905],[133.959783,33.83466],[133.951086,33.828925],[133.947474,33.803744],[133.91339,33.791181],[133.893375,33.804936],[133.872359,33.806193],[133.838422,33.845268],[133.817773,33.837321],[133.78858,33.836244],[133.785659,33.842414],[133.748,33.836778],[133.738129,33.8498317],[133.701572,33.849806],[133.677293,33.858579],[133.660748,33.881809],[133.643419,33.883363],[133.627308,33.872031],[133.597641,33.88024],[133.583034,33.86765],[133.556867,33.882329],[133.540052,33.878613],[133.526354,33.853661],[133.50954,33.84827],[133.499058,33.829085],[133.415306,33.839915],[133.391407,33.824314],[133.355622,33.834311],[133.325691,33.814684],[133.277357,33.830924],[133.249881,33.788329],[133.219844,33.780431],[133.205713,33.794514],[133.192846,33.793858],[133.182622,33.766565],[133.157807,33.750245],[133.16121,33.731526],[133.139817,33.715691],[133.144581,33.704652],[133.120284,33.690608],[133.116611,33.660218],[133.07502,33.650619],[133.067234,33.621665],[133.07962,33.6087],[133.056611,33.595755],[133.046592,33.576328],[133.062327,33.561623],[133.06414,33.54251],[133.037796,33.526234],[133.034395,33.511992],[133.01329,33.490437],[133.015286,33.480802],[132.959021,33.466281],[132.87229,33.471069],[132.846938,33.479181],[132.809436,33.464794],[132.808167,33.453539],[132.826562,33.445604],[132.823403,33.429468],[132.834013,33.420152],[132.835754,33.400179],[132.854437,33.398398],[132.86002,33.368455],[132.883797,33.362349],[132.900436,33.343737],[132.895786,33.312137],[132.849563,33.289574],[132.792643,33.27458],[132.771964,33.241276],[132.775591,33.205972],[132.740787,33.201477],[132.737772,33.181783],[132.695835,33.137587],[132.686416,33.135046],[132.66238,33.154419],[132.634498,33.178415],[132.635659,33.1864],[132.619444,33.180879],[132.614879,33.169043]]],[[[132.535186,32.73124],[132.550693,32.715673],[132.541794,32.702917],[132.571837,32.713394],[132.56661,32.727415],[132.57202,32.734981],[132.545576,32.755178],[132.548153,32.738947],[132.535186,32.73124]]]]}},{"type":"Feature","id":"JP-43","properties":{"name":"Kumamoto","shapeName":"Kumamoto","shapeISO":"JP-43","shapeID":"47310658B50146545060878","shapeGroup":"JPN","shapeType":"ADM1"},"geometry":{"type":"MultiPolygon","coordinates":[[[[130.460208,32.571951],[130.463868,32.539388],[130.487367,32.570419],[130.473329,32.588067],[130.460208,32.571951]]],[[[130.473527,32.603902],[130.483627,32.598824],[130.479932,32.590542],[130.494481,32.587363],[130.486455,32.582611],[130.488829,32.576039],[130.511178,32.593433],[130.509233,32.607142],[130.473527,32.603902]]],[[[130.300431,32.304391],[130.328786,32.304307],[130.344895,32.312333],[130.374864,32.34696],[130.357141,32.348899],[130.35975,32.35647],[130.34718,32.350568],[130.32933,32.333238],[130.330451,32.312746],[130.321873,32.317447],[130.300431,32.304391]]],[[[130.299197,32.357664],[130.30192,32.350674],[130.323992,32.348837],[130.3102,32.339252],[130.339245,32.347314],[130.342285,32.355601],[130.327969,32.357444],[130.327802,32.364687],[130.324204,32.356926],[130.321952,32.368116],[130.299197,32.357664]]],[[[129.967282,32.243541],[129.985915,32.241692],[129.999278,32.253729],[129.988334,32.240148],[130.003905,32.235283],[130.006575,32.242634],[130.014703,32.222417],[130.003959,32.211142],[130.006648,32.221318],[130.000479,32.221645],[129.990636,32.197233],[130.001574,32.19007],[130.011436,32.201828],[130.013074,32.189459],[130.022466,32.188535],[130.031998,32.195532],[130.028842,32.214491],[130.043617,32.209548],[130.045056,32.19909],[130.057093,32.211002],[130.077614,32.212103],[130.08635,32.219746],[130.072297,32.224792],[130.082968,32.23083],[130.079714,32.242472],[130.091724,32.243618],[130.084129,32.237777],[130.089942,32.226744],[130.102058,32.235077],[130.102892,32.248957],[130.093666,32.246877],[130.09156,32.2541],[130.106756,32.253529],[130.109104,32.265429],[130.136662,32.291584],[130.144518,32.281469],[130.160699,32.28951],[130.163439,32.301828],[130.14589,32.30388],[130.139608,32.297374],[130.142917,32.317253],[130.157023,32.312365],[130.151629,32.322276],[130.16014,32.321397],[130.157599,32.335254],[130.163876,32.329098],[130.177878,32.337999],[130.167332,32.325112],[130.173058,32.310393],[130.204432,32.325181],[130.210428,32.357026],[130.225588,32.368182],[130.217466,32.376305],[130.223576,32.38324],[130.2155,32.387687],[130.219259,32.392626],[130.207831,32.396251],[130.199417,32.385077],[130.19324,32.387894],[130.201382,32.391797],[130.197798,32.405463],[130.209949,32.413749],[130.205774,32.420739],[130.217086,32.424217],[130.207634,32.427854],[130.198069,32.457676],[130.203624,32.457354],[130.19555,32.457456],[130.208575,32.472243],[130.192145,32.496202],[130.198657,32.509929],[130.190381,32.513828],[130.199854,32.535825],[130.188218,32.536007],[130.187466,32.547749],[130.118817,32.548632],[130.08515,32.524943],[130.045955,32.512578],[130.033976,32.521664],[130.032492,32.530722],[130.042485,32.528341],[130.037727,32.536099],[130.012562,32.529714],[130.033964,32.51926],[130.047311,32.491284],[130.034178,32.483909],[130.035216,32.47666],[130.041942,32.481616],[130.038386,32.475013],[130.031267,32.486063],[130.037994,32.466366],[130.007685,32.430246],[129.997236,32.404832],[130.003161,32.402158],[129.98826,32.383774],[129.994694,32.378131],[129.977329,32.362463],[129.976884,32.329139],[129.986956,32.317328],[129.994307,32.322188],[129.9943,32.306532],[130.002394,32.306324],[130.005074,32.315783],[130.021588,32.308585],[130.026895,32.316173],[130.032064,32.302868],[130.04066,32.314944],[130.057381,32.303286],[130.076919,32.310187],[130.061216,32.296109],[130.067227,32.2878],[130.061973,32.27704],[130.051716,32.278768],[130.045134,32.29205],[130.050143,32.304724],[130.045386,32.297699],[130.042427,32.303201],[130.028408,32.298646],[130.029722,32.287082],[130.036927,32.28573],[130.032581,32.274442],[130.026173,32.300416],[130.010894,32.298391],[129.991906,32.284872],[129.967282,32.243541]]],[[[130.2045671,32.4514266],[130.221058,32.415655],[130.228595,32.411719],[130.228558,32.420819],[130.246065,32.408332],[130.246836,32.395101],[130.240396,32.396533],[130.233736,32.38527],[130.252287,32.387425],[130.26151,32.410559],[130.270875,32.413051],[130.286209,32.397325],[130.329342,32.397913],[130.349357,32.421728],[130.355263,32.408192],[130.344953,32.394801],[130.350703,32.398691],[130.351979,32.37878],[130.366865,32.389762],[130.380471,32.382394],[130.392308,32.394914],[130.403828,32.394288],[130.411045,32.415208],[130.402222,32.427162],[130.415893,32.422423],[130.423967,32.432507],[130.406302,32.435223],[130.418657,32.439119],[130.416271,32.447873],[130.437303,32.469389],[130.437456,32.486086],[130.461067,32.530098],[130.455194,32.522174],[130.437972,32.527606],[130.42884,32.516159],[130.417737,32.524653],[130.394616,32.499993],[130.390318,32.514462],[130.37921,32.511537],[130.384617,32.524337],[130.370069,32.512851],[130.367262,32.528003],[130.361861,32.521109],[130.361096,32.528334],[130.343294,32.52166],[130.339862,32.514065],[130.334779,32.521891],[130.316017,32.51766],[130.293932,32.497938],[130.289513,32.483721],[130.259034,32.479003],[130.234791,32.460759],[130.2045671,32.4514266]]],[[[130.393573,32.588522],[130.419513,32.57505],[130.407212,32.567605],[130.405044,32.550852],[130.422353,32.54565],[130.421162,32.552639],[130.438922,32.547973],[130.441603,32.555604],[130.444883,32.547877],[130.453318,32.554072],[130.442281,32.571921],[130.459131,32.588455],[130.444685,32.591764],[130.440784,32.601759],[130.451642,32.601511],[130.457714,32.614657],[130.443939,32.618698],[130.442913,32.625857],[130.4297875,32.61340390210711],[130.419624,32.617543],[130.42513,32.603765],[130.415477,32.606736],[130.417925,32.61677],[130.41055,32.614447],[130.412147,32.605846],[130.393573,32.588522]]],[[[130.360705,32.182141],[130.368646,32.17282],[130.36097059470438,32.16806623533659],[130.3866241,32.147452],[130.4024131,32.120355],[130.4288371,32.113825],[130.4735021,32.118613],[130.4769021,32.138988],[130.5402931,32.136676],[130.5419581,32.149485],[130.5826781,32.154914],[130.5967691,32.175969],[130.5917211,32.185958],[130.6086071,32.187394],[130.6226961,32.156059],[130.6516441,32.151266],[130.6550091,32.135681],[130.6990731,32.106999],[130.7206021,32.100799],[130.7352361,32.108948],[130.7419921,32.097884],[130.7516241,32.104069],[130.7594181,32.096808],[130.7756,32.101913],[130.820797,32.094924],[130.838701,32.107266],[130.857448,32.099693],[130.869093,32.114895],[130.906012,32.133594],[130.933085,32.116083],[130.974526,32.120836],[130.974778,32.137052],[131.012126,32.174331],[131.037354,32.170212],[131.058765,32.154827],[131.071799,32.160283],[131.097218,32.152197],[131.108966,32.160149],[131.100532,32.201543],[131.084211,32.206213],[131.068966,32.225714],[131.071564,32.236891],[131.042703,32.248163],[131.043335,32.261297],[131.054244,32.267064],[131.050506,32.285825],[131.078594,32.281223],[131.111916,32.329956],[131.094199,32.350341],[131.073266,32.358896],[131.079857,32.374288],[131.069308,32.384319],[131.068121,32.407484],[131.043566,32.408228],[131.019892,32.438674],[131.016379,32.473616],[131.006959,32.490059],[131.009406,32.515407],[131.025614,32.52111],[131.018104,32.546861],[131.038961,32.554428],[131.041628,32.579895],[131.051924,32.587636],[131.108036,32.581757],[131.105936,32.589076],[131.120622,32.605322],[131.115549,32.642106],[131.143535,32.676281],[131.175103,32.671933],[131.179968,32.712078],[131.235061,32.744378],[131.246465,32.769396],[131.234533,32.780814],[131.245371,32.786551],[131.265184,32.826461],[131.329506,32.833014],[131.314406,32.850802],[131.294242,32.85712],[131.273438,32.870996],[131.273393,32.881677],[131.264168,32.879127],[131.257387,32.887431],[131.245803,32.939675],[131.252989,32.956067],[131.245981,32.960002],[131.26351,32.976558],[131.247125,32.98253],[131.247303,32.995871],[131.223625,33.017164],[131.216097,33.054201],[131.193301,33.077546],[131.18576,33.0739],[131.174548,33.083084],[131.173189,33.104825],[131.163586,33.116489],[131.166929,33.128737],[131.147841,33.155028],[131.119513,33.169007],[131.103304,33.187233],[131.06002,33.195174],[131.038846,33.194133],[131.015543,33.177453],[130.992218,33.183203],[130.982058,33.15742],[130.984402,33.142401],[130.978332,33.1409],[131.02405,33.087542],[131.010782,33.070948],[131.017743,33.063691],[131.01179,33.043111],[130.990851,33.02382],[130.976845,33.022923],[130.955172,33.048562],[130.915851,33.053485],[130.897191,33.065418],[130.886197,33.087455],[130.8633641,33.095312],[130.8457451,33.092177],[130.839823,33.1040521],[130.8203792,33.106569],[130.8185131,33.1143],[130.7708892,33.1243311],[130.7323681,33.1544841],[130.6920542,33.151547],[130.6907703,33.164065],[130.6800211,33.171308],[130.6665091,33.155046],[130.6689001,33.138953],[130.6543993,33.113948],[130.6595701,33.109484],[130.5768773,33.115017],[130.561796,33.104189],[130.5656121,33.0871049],[130.5413663,33.082011],[130.5314391,33.06397],[130.5168733,33.065566],[130.4967283,33.051757],[130.5157931,33.014018],[130.5060241,33.0027089],[130.41404103597074,33.00228391956291],[130.416926,32.992832],[130.429824,32.995916],[130.444133,32.91459],[130.45578,32.914102],[130.451674,32.909029],[130.461456,32.919519],[130.457081,32.905375],[130.46263,32.901414],[130.476652,32.90483],[130.523676,32.88143],[130.526872,32.84973],[130.5843,32.842072],[130.578051,32.839418],[130.586203,32.831171],[130.578406,32.828995],[130.591166,32.825214],[130.591726,32.813621],[130.614703,32.792156],[130.597584,32.776227],[130.607364,32.742553],[130.6013722,32.7126399],[130.56099,32.69459],[130.537907,32.664981],[130.460376,32.633287],[130.450989,32.623862],[130.461542,32.617019],[130.459646,32.607222],[130.513393,32.611878],[130.541348,32.624991],[130.593826,32.622306],[130.65175,32.642755],[130.661433,32.631929],[130.654181,32.629212],[130.6537699,32.6128053],[130.6407308,32.6238004],[130.617702,32.619037],[130.6339615,32.6033129],[130.590663,32.577134],[130.5623202,32.5377889],[130.556716,32.54298],[130.543978,32.538156],[130.536244,32.5259],[130.572601,32.507605],[130.5329433,32.5226677],[130.545443,32.513387],[130.5449617,32.479089],[130.564957,32.476044],[130.5744693,32.439288],[130.568688,32.436607],[130.5754285,32.434285],[130.547404,32.422324],[130.489106,32.366324],[130.486395,32.359662],[130.4955458,32.362412],[130.507136,32.353769],[130.482599,32.344826],[130.482797,32.328032],[130.465092,32.326213],[130.471993,32.301471],[130.490866,32.298783],[130.477655,32.286809],[130.464576,32.295835],[130.466189,32.277081],[130.458904,32.29057],[130.448755,32.287616],[130.450738,32.272258],[130.428158,32.264419],[130.436077,32.253385],[130.424149,32.249956],[130.434952,32.233361],[130.402338,32.235361],[130.388329,32.214274],[130.377811,32.211799],[130.384744,32.207684],[130.372297,32.202549],[130.3798,32.198129],[130.378044,32.17645],[130.36968,32.177724],[130.371907,32.183912],[130.360705,32.182141]]]]}},{"type":"Feature","id":"JP-26","properties":{"name":"Kyoto","shapeName":"Kyoto Prefecture","shapeISO":"JP-26","shapeID":"47310658B94014236912993","shapeGroup":"JPN","shapeType":"ADM1"},"geometry":{"type":"Polygon","coordinates":[[[134.853727,35.58908],[134.914569,35.545309],[134.915129,35.527708],[134.9268994,35.5125279],[134.960548,35.512928],[134.993133,35.534204],[135.030032,35.540268],[135.042961,35.520009],[135.045156,35.508693],[135.032164,35.497158],[135.042704,35.492269],[135.035099,35.476631],[135.051835,35.442539],[135.049167,35.407743],[135.030034,35.4101],[135.019241,35.394123],[134.991081,35.385635],[134.985478,35.396214],[134.959553,35.408967],[134.946149,35.41331],[134.933568,35.40707],[134.923408,35.394282],[134.927207,35.379766],[134.918928,35.364515],[134.923449,35.354004],[134.917149,35.340292],[134.928061,35.330239],[134.9247,35.31166],[134.999117,35.290938],[135.011727,35.28112],[135.010851,35.269582],[135.03747,35.260689],[135.056789,35.264603],[135.067875,35.237351],[135.10877,35.26628],[135.15753,35.261093],[135.166858,35.240345],[135.154778,35.226502],[135.197058,35.203017],[135.199104,35.193582],[135.186713,35.190224],[135.186867,35.173166],[135.206213,35.160685],[135.22801,35.165334],[135.232189,35.177504],[135.273985,35.177263],[135.289784,35.171754],[135.291966,35.160494],[135.278376,35.151023],[135.287771,35.142643],[135.340458,35.150093],[135.34247,35.135874],[135.38981,35.128765],[135.388026,35.097125],[135.404347,35.08885],[135.399686,35.076163],[135.368729,35.05489],[135.380096,35.039004],[135.381693,35.010247],[135.409767,35.011526],[135.421013,35.002156],[135.440184,35.007693],[135.493056,34.989068],[135.483163,34.981868],[135.490916,34.968022],[135.481936,34.96523],[135.487329,34.957167],[135.481137,34.949739],[135.494355,34.940855],[135.514594,34.94412],[135.517271,34.93348],[135.538146,34.9254],[135.541314,34.915226],[135.581258,34.922452],[135.581053,34.937036],[135.5628,34.933418],[135.564712,34.942364],[135.557327,34.934686],[135.563131,34.953664],[135.578578,34.955885],[135.572731,34.971238],[135.582552,34.976756],[135.592365,34.96604],[135.613264,34.971195],[135.618706,34.958136],[135.599322,34.928292],[135.632806,34.934706],[135.64947,34.925133],[135.648502,34.909547],[135.67577,34.899301],[135.694914,34.848282],[135.707721,34.849272],[135.746025,34.803642],[135.728635,34.777998],[135.733202,34.754879],[135.756956,34.736116],[135.755514,34.727532],[135.799155,34.72311],[135.8492181,34.7059858],[135.876137,34.713877],[135.890171,34.708316],[135.897386,34.730872],[135.924417,34.757672],[135.925569,34.740339],[135.942896,34.737492],[135.954775,34.748298],[135.958649,34.740262],[135.983799,34.734232],[135.986255,34.715195],[136.009322,34.716614],[136.013866,34.707799],[136.028765,34.706314],[136.043004,34.73611],[136.055476,34.738556],[136.0286,34.757457],[136.033778,34.778588],[136.010159,34.799724],[136.027858,34.821665],[136.005763,34.826158],[136.003993,34.844341],[135.969867,34.837779],[135.972054,34.846049],[135.961399,34.85466],[135.946351,34.851631],[135.941007,34.893683],[135.897891,34.871267],[135.866637,34.89214],[135.862934,34.903387],[135.871178,34.909949],[135.878748,34.947045],[135.852438,34.970789],[135.856695,34.982457],[135.849267,34.991734],[135.826905,34.991204],[135.836559,35.001226],[135.820239,35.015194],[135.835464,35.012329],[135.834518,35.022081],[135.827374,35.022133],[135.814757,35.0452],[135.834852,35.055554],[135.835046,35.091327],[135.856763,35.153615],[135.845313,35.165544],[135.829308,35.220346],[135.838056,35.226105],[135.834526,35.241119],[135.858431,35.289229],[135.840082,35.275554],[135.829623,35.276735],[135.80929,35.316433],[135.791136,35.323527],[135.780818,35.340562],[135.764072,35.344557],[135.768785,35.356014],[135.740235,35.358409],[135.731479,35.350552],[135.718385,35.355417],[135.700883,35.343678],[135.642056,35.366906],[135.527588,35.380113],[135.525793,35.420419],[135.502049,35.420031],[135.495276,35.42615],[135.497943,35.437424],[135.458346,35.468301],[135.476207,35.489447],[135.476224,35.505493],[135.449442,35.526047],[135.460484,35.548457],[135.486599,35.557936],[135.473692,35.556966],[135.465626,35.571013],[135.451732,35.567779],[135.447784,35.578515],[135.456102,35.584746],[135.452105,35.591196],[135.46312,35.592589],[135.462474,35.60379],[135.43413,35.590831],[135.426647,35.56645],[135.412756,35.570289],[135.402135,35.561229],[135.398453,35.566818],[135.389819,35.556646],[135.379323,35.561965],[135.348138,35.542839],[135.342353,35.551817],[135.336202,35.533918],[135.349756,35.518889],[135.343582,35.504044],[135.379813,35.502318],[135.395041,35.516782],[135.390805,35.506273],[135.402435,35.495429],[135.398221,35.478883],[135.371597,35.47696],[135.382644,35.484886],[135.379417,35.49067],[135.360529,35.48756],[135.347376,35.494564],[135.349514,35.486347],[135.340781,35.479992],[135.348757,35.481732],[135.347297,35.475197],[135.316721,35.451182],[135.310683,35.458026],[135.321915,35.475834],[135.316772,35.479451],[135.33218,35.495258],[135.331871,35.515845],[135.32338,35.525912],[135.31074,35.512355],[135.289363,35.515917],[135.269423,35.533378],[135.241416,35.538576],[135.236503,35.549997],[135.242395,35.560118],[135.251265,35.560616],[135.253747,35.552329],[135.274753,35.560227],[135.250754,35.570613],[135.247406,35.586395],[135.256183,35.588137],[135.254494,35.599627],[135.237701,35.581601],[135.227972,35.585547],[135.225358,35.567919],[135.204288,35.559827],[135.21088,35.548289],[135.2020103,35.537486],[135.192577,35.54022],[135.185438,35.560286],[135.170623,35.563517],[135.154328,35.555247],[135.162396,35.557665],[135.158106,35.568801],[135.194241,35.581562],[135.1879415,35.5584714],[135.213746,35.597443],[135.244627,35.620498],[135.251119,35.645759],[135.267375,35.666695],[135.287399,35.675828],[135.295011,35.671117],[135.287721,35.664608],[135.30338,35.662933],[135.298448,35.679461],[135.30664,35.699084],[135.286173,35.705128],[135.288869,35.724399],[135.273313,35.731128],[135.2746,35.742741],[135.256966,35.744494],[135.250863,35.75136],[135.255153,35.758995],[135.246689,35.757235],[135.221221,35.77904],[135.221815,35.7718],[135.207004,35.763884],[135.186429,35.766384],[135.146123,35.749805],[135.136676,35.757183],[135.124682,35.745965],[135.082115,35.738313],[135.084545,35.724765],[135.06185,35.707832],[135.033729,35.701318],[135.027324,35.690214],[134.985542,35.692832],[134.965299,35.674892],[134.961749,35.661363],[134.923504,35.646279],[134.900924,35.648561],[134.900544,35.641474],[134.919357,35.641958],[134.928727,35.633261],[134.9055,35.615835],[134.910018,35.605851],[134.888571,35.612409],[134.909856,35.63282],[134.88786,35.628477],[134.901448,35.64691],[134.884443,35.646256],[134.885645,35.656642],[134.870174,35.659663],[134.864101,35.651658],[134.873877,35.620929],[134.853727,35.58908]]]}},{"type":"Feature","id":"JP-24","properties":{"name":"Mie","shapeName":"Mie Prefecture","shapeISO":"JP-24","shapeID":"47310658B36253982271084","shapeGroup":"JPN","shapeType":"ADM1"},"geometry":{"type":"MultiPolygon","coordinates":[[[[136.845974,34.507772],[136.875389,34.509008],[136.894251,34.523422],[136.904025,34.519472],[136.901266,34.537923],[136.867943,34.52879],[136.879395,34.526548],[136.845974,34.507772]]],[[[136.749805,34.269934],[136.765408,34.260057],[136.847497,34.24672],[136.8494472,34.2589982],[136.861357,34.262235],[136.851787,34.268564],[136.848383,34.262732],[136.851102,34.273668],[136.835206,34.258734],[136.835437,34.266988],[136.829659,34.266365],[136.830457,34.258372],[136.829218,34.271419],[136.817753,34.273608],[136.812135,34.262967],[136.811129,34.273546],[136.8034367,34.2700923],[136.792812,34.278033],[136.793739,34.270163],[136.784872,34.278778],[136.749805,34.269934]]],[[[135.853251,33.862299],[135.860587,33.848958],[135.856008,33.819311],[135.892401,33.800346],[135.906486,33.767431],[135.928371,33.75402],[135.938427,33.757091],[135.941804,33.734956],[135.976397,33.723283],[135.971865,33.732965],[135.9795,33.736879],[136.01157574459546,33.723652389715994],[136.057282,33.82649],[136.098137,33.88259],[136.117067,33.890447],[136.1187192,33.8993883],[136.130677,33.885005],[136.138771,33.891643],[136.134207,33.899013],[136.149168,33.897253],[136.138634,33.90854],[136.151933,33.912385],[136.149518,33.93098],[136.172368,33.925952],[136.166358,33.92447],[136.169746,33.913409],[136.179744,33.912814],[136.198816,33.9202],[136.197225,33.935905],[136.1817551,33.93946],[136.200925,33.944885],[136.2132836,33.9386011],[136.207447,33.935599],[136.213146,33.930942],[136.217248,33.947445],[136.231506,33.946095],[136.224983,33.966705],[136.216435,33.965246],[136.221884,33.974345],[136.202691,33.963192],[136.19164,33.971134],[136.215437,33.983319],[136.210839,33.999423],[136.251615,33.98523],[136.236109,33.981501],[136.237805,33.969234],[136.248543,33.972759],[136.254257,33.963784],[136.272165,33.972494],[136.272894,33.988022],[136.26021,33.9885],[136.25694,33.997807],[136.266454,33.993675],[136.272857,34.004844],[136.242057,34.014488],[136.263642,34.010516],[136.281129,34.022579],[136.244657,34.038214],[136.243095,34.059175],[136.252575,34.061956],[136.212674,34.063633],[136.200865,34.076021],[136.236525,34.086667],[136.227598,34.100012],[136.268443,34.129028],[136.275467,34.121187],[136.248059,34.102858],[136.249986,34.093752],[136.258259,34.087798],[136.259604,34.098971],[136.2736634,34.1022117],[136.264683,34.097522],[136.272475,34.084854],[136.266833,34.081601],[136.290261,34.096846],[136.297776,34.086619],[136.30787,34.113348],[136.315628,34.115394],[136.284243,34.11789],[136.292769,34.127089],[136.276577,34.137304],[136.286508,34.149644],[136.27778,34.160764],[136.288826,34.156845],[136.303926,34.180187],[136.3227413,34.1862926],[136.334545,34.181237],[136.3412757,34.2000469],[136.322153,34.196075],[136.336916,34.197941],[136.35297,34.212161],[136.359403,34.207258],[136.348096,34.2048727],[136.349451,34.194655],[136.358286,34.198918],[136.363959,34.189128],[136.390274,34.218993],[136.400213,34.219157],[136.402016,34.213787],[136.3907525,34.2124484],[136.398777,34.202674],[136.429676,34.219546],[136.452421,34.219533],[136.460187,34.224499],[136.452297,34.228601],[136.45531,34.242745],[136.439903,34.247311],[136.456385,34.245879],[136.466064,34.25717],[136.473911,34.248955],[136.4596029,34.2446954],[136.464108,34.231191],[136.483002,34.227835],[136.481209,34.219819],[136.507988,34.229161],[136.506571,34.237166],[136.484734,34.23959],[136.488275,34.246062],[136.504918,34.243088],[136.4999566,34.2523453],[136.4905647,34.2515381],[136.500741,34.25914],[136.510131,34.242232],[136.519235,34.240497],[136.50851,34.252233],[136.505697,34.279009],[136.523001,34.266534],[136.521986,34.273808],[136.530664,34.273244],[136.525993,34.259311],[136.541118,34.2784311],[136.537164,34.256226],[136.548342,34.249785],[136.558537,34.267393],[136.549029,34.28263],[136.559941,34.275139],[136.558566,34.284958],[136.581258,34.287905],[136.582023,34.294174],[136.589224,34.288616],[136.59092,34.29486],[136.5956382,34.2814797],[136.589031,34.286453],[136.5809232,34.2789745],[136.577287,34.2850768],[136.570899,34.274955],[136.590092,34.271733],[136.589669,34.266582],[136.580876,34.275144],[136.578113,34.2699009],[136.585983,34.257246],[136.605233,34.258432],[136.617684,34.272712],[136.636583,34.275727],[136.636612,34.285216],[136.660134,34.288938],[136.650167,34.292539],[136.6774506,34.3155203],[136.63692,34.308836],[136.651152,34.32321],[136.658197,34.318861],[136.658433,34.328101],[136.672594,34.32416],[136.664609,34.329394],[136.670974,34.337168],[136.656098,34.340331],[136.661942,34.345685],[136.676511,34.338577],[136.6911363,34.3454202],[136.6782,34.337304],[136.688137,34.336065],[136.683247,34.323624],[136.6954335,34.3350991],[136.692037,34.347858],[136.707882,34.348912],[136.706679,34.336089],[136.713511,34.347119],[136.715143,34.33919],[136.726603,34.3432991],[136.721982,34.334331],[136.73084,34.332511],[136.715283,34.331189],[136.716801,34.322137],[136.713211,34.33115],[136.704087,34.329104],[136.709364,34.317249],[136.702269,34.325735],[136.701439,34.317891],[136.693999,34.319087],[136.700269,34.312414],[136.688643,34.306341],[136.6907055,34.2936404],[136.682821,34.293995],[136.687109,34.284083],[136.7218161,34.3044324],[136.7638047,34.2923791],[136.7520457,34.2988299],[136.765533,34.304958],[136.7623915,34.315943],[136.76895,34.309427],[136.777986,34.314854],[136.771978,34.308661],[136.78223,34.306293],[136.773082,34.296115],[136.784615,34.299119],[136.777924,34.292008],[136.798667,34.289945],[136.800628,34.297514],[136.811633,34.298361],[136.7920161,34.3089973],[136.8110557,34.3280115],[136.802606,34.318493],[136.805564,34.308192],[136.824739,34.31593],[136.8371478,34.3074232],[136.8477736,34.3142067],[136.840282,34.309503],[136.852506,34.307245],[136.839518,34.307809],[136.840313,34.301065],[136.832461,34.306474],[136.829321,34.297616],[136.842526,34.294534],[136.851317,34.301657],[136.847745,34.291272],[136.866522,34.288627],[136.833699,34.291627],[136.838351,34.284512],[136.827865,34.285161],[136.832918,34.270281],[136.854789,34.281345],[136.859559,34.279349],[136.853228,34.274567],[136.8627033,34.2704523],[136.8522479,34.2696864],[136.868588,34.262044],[136.8696344,34.2732809],[136.901802,34.278271],[136.884597,34.298256],[136.892393,34.313059],[136.877501,34.334081],[136.909203,34.365186],[136.8918112,34.36552],[136.8668066,34.3426956],[136.8640347,34.3645953],[136.852095,34.355629],[136.853269,34.36738],[136.846552,34.37025],[136.837184,34.3549721],[136.826414,34.352661],[136.812462,34.367561],[136.833455,34.361465],[136.846856,34.372577],[136.857824,34.363727],[136.871367,34.370391],[136.8686717,34.3757854],[136.876928,34.371261],[136.869161,34.388606],[136.880471,34.380105],[136.8792598,34.3884724],[136.888142,34.39261],[136.886936,34.383466],[136.896918,34.389224],[136.897774,34.378676],[136.912565,34.375838],[136.909245,34.397731],[136.928198,34.413318],[136.91908,34.425974],[136.923039,34.445765],[136.911024,34.455685],[136.89724,34.453823],[136.89285,34.450684],[136.8993506,34.4476597],[136.882672,34.4399731],[136.890951,34.434869],[136.875807,34.428706],[136.884872,34.450021],[136.865458,34.454405],[136.872587,34.457357],[136.864322,34.460756],[136.872403,34.461737],[136.877244,34.474506],[136.866479,34.481112],[136.845891,34.4772918],[136.8467438,34.489663],[136.834885,34.491387],[136.83277,34.506075],[136.82293,34.504148],[136.828126,34.487198],[136.81508,34.484782],[136.809975,34.508204],[136.775053,34.509134],[136.722902,34.542474],[136.667909,34.557506],[136.647479,34.588623],[136.630092,34.597882],[136.574231,34.609803],[136.579746,34.604527],[136.569783,34.602819],[136.562615,34.61463],[136.541582,34.606581],[136.527141,34.610523],[136.528422,34.617615],[136.537066,34.617554],[136.53427,34.623943],[136.547351,34.628191],[136.543809,34.662994],[136.5574746,34.6713544],[136.5506946,34.6805456],[136.549296,34.670788],[136.542279,34.674678],[136.546829,34.680148],[136.536609,34.677285],[136.52257,34.686628],[136.5308,34.744705],[136.547873,34.779652],[136.625768,34.868433],[136.647106,34.90402],[136.644762,34.934153],[136.66677,34.936924],[136.662939,34.945459],[136.648129,34.94681],[136.641096,34.9388],[136.6338313,34.9489004],[136.64479,34.953919],[136.6378081,34.9596339],[136.646124,34.959075],[136.650467,34.99151],[136.650139,34.977307],[136.667514,34.973257],[136.677651,34.986996],[136.661288,34.993431],[136.675312,35.002066],[136.651713,34.993082],[136.665631,35.005611],[136.699997,35.007224],[136.7026231,35.0215535],[136.739887,35.032573],[136.752686,35.032287],[136.763727,35.021049],[136.772708,35.02439],[136.753401,35.053016],[136.750139,35.080248],[136.695066,35.124702],[136.66963,35.133729],[136.65547,35.161307],[136.646382,35.165813],[136.645218,35.144572],[136.615552,35.149929],[136.602301,35.178039],[136.587719,35.184464],[136.576056,35.202252],[136.55984,35.206579],[136.556988,35.220626],[136.547371,35.220316],[136.550445,35.233055],[136.540855,35.237413],[136.534175,35.257089],[136.516011,35.253894],[136.505985,35.235061],[136.482447,35.239806],[136.470273,35.232694],[136.466254,35.238054],[136.442218,35.21707],[136.430901,35.229404],[136.416033,35.220316],[136.418003,35.203778],[136.408653,35.187183],[136.424702,35.184381],[136.454608,35.162064],[136.454998,35.152415],[136.444299,35.149244],[136.435585,35.130778],[136.448055,35.123719],[136.439966,35.116632],[136.442109,35.085974],[136.435292,35.082709],[136.441556,35.066304],[136.417769,35.049468],[136.417939,35.030659],[136.424469,35.029404],[136.417097,35.019518],[136.415801,34.980529],[136.395113,34.951636],[136.37269,34.942257],[136.37524,34.924509],[136.367812,34.921901],[136.366034,34.904899],[136.313226,34.886972],[136.292932,34.870309],[136.277115,34.874214],[136.250675,34.857728],[136.198074,34.869862],[136.178742,34.879816],[136.178546,34.887117],[136.131216,34.883105],[136.110848,34.901856],[136.09804,34.889256],[136.087475,34.890622],[136.085621,34.877246],[136.103167,34.869694],[136.123988,34.872487],[136.126411,34.861852],[136.107074,34.852564],[136.104472,34.840581],[136.086052,34.837598],[136.095187,34.819104],[136.090616,34.812227],[136.020109,34.790247],[136.033778,34.778588],[136.0286,34.757457],[136.038139,34.756451],[136.068084,34.723826],[136.071079,34.714754],[136.053706,34.704488],[136.074933,34.697864],[136.086465,34.675347],[136.077781,34.658761],[136.064409,34.651926],[136.039552,34.661396],[136.064846,34.651564],[136.073565,34.634813],[136.046568,34.600557],[136.049806,34.580206],[136.083624,34.559115],[136.11015,34.556714],[136.114278,34.545893],[136.13806,34.560957],[136.155499,34.559731],[136.171,34.53745],[136.167522,34.519981],[136.182117,34.516751],[136.215207,34.528955],[136.214667,34.501312],[136.229864,34.492871],[136.21556,34.481153],[136.206248,34.448677],[136.158427,34.449078],[136.151437,34.441853],[136.129669,34.445505],[136.095898,34.435222],[136.088654,34.428633],[136.090265,34.416042],[136.069141,34.394257],[136.089361,34.374344],[136.102105,34.336362],[136.129505,34.316174],[136.094904,34.301451],[136.097829,34.288822],[136.120548,34.270172],[136.118064,34.260596],[136.131849,34.251896],[136.130306,34.242873],[136.109688,34.228103],[136.118245,34.21428],[136.097576,34.202472],[136.092652,34.190183],[136.109008,34.184996],[136.104505,34.173415],[136.114738,34.159981],[136.105625,34.152385],[136.108427,34.12686],[136.099404,34.118852],[136.107866,34.103196],[136.102264,34.09614],[136.118661,34.082364],[136.093309,34.082875],[136.092032,34.048335],[136.104089,34.025821],[136.052522,34.032126],[136.043459,34.040683],[136.031728,34.031867],[136.018379,34.035831],[136.00361,34.013354],[136.004641,34.002264],[135.995337,34.000718],[136.011943,33.966802],[135.999528,33.955743],[135.987151,33.968213],[135.977169,33.966611],[135.967911,33.928272],[135.929096,33.941422],[135.931368,33.933406],[135.921602,33.934194],[135.917367,33.923536],[135.933615,33.917463],[135.893945,33.920279],[135.894967,33.906319],[135.878925,33.908755],[135.888277,33.895253],[135.885337,33.883863],[135.892907,33.881957],[135.892342,33.89394],[135.901313,33.885406],[135.897633,33.869746],[135.878603,33.87195],[135.872169,33.858956],[135.862186,33.862721],[135.862122,33.876549],[135.853251,33.862299]]]]}},{"type":"Feature","id":"JP-04","properties":{"name":"Miyagi","shapeName":"Miyagi","shapeISO":"JP-04","shapeID":"47310658B93104231283628","shapeGroup":"JPN","shapeType":"ADM1"},"geometry":{"type":"MultiPolygon","coordinates":[[[[141.601724,38.873672],[141.612883,38.865424],[141.604612,38.860466],[141.615565,38.838504],[141.624239,38.830229],[141.62844,38.840079],[141.637236,38.83957],[141.636355,38.848384],[141.622324,38.851964],[141.627553,38.856269],[141.622434,38.86175],[141.634099,38.867662],[141.627749,38.882766],[141.601724,38.873672]]],[[[141.456212,38.273674],[141.479083,38.249888],[141.501823,38.245978],[141.475061,38.282053],[141.461456,38.283832],[141.456212,38.273674]]],[[[141.547766,38.300517],[141.572388,38.270082],[141.586258,38.277449],[141.579251,38.28681],[141.589786,38.301995],[141.568635,38.31385],[141.547766,38.300517]]],[[[141.131315,38.338457],[141.13744,38.32161],[141.146634,38.324635],[141.137776,38.329833],[141.141684,38.334099],[141.149371,38.333891],[141.145362,38.329777],[141.154497,38.321885],[141.164569,38.327705],[141.182676,38.321572],[141.166404,38.332548],[141.165661,38.352202],[141.159159,38.350884],[141.162522,38.340356],[141.154511,38.347866],[141.158117,38.353271],[141.140718,38.355005],[141.148002,38.338588],[141.131315,38.338457]]],[[[140.274867,37.982029],[140.316429,37.958114],[140.348568,37.95016],[140.358851,37.958973],[140.384467,37.95222],[140.388383,37.969119],[140.407428,37.973676],[140.409097,37.963817],[140.429103,37.954418],[140.444626,37.956987],[140.474854,37.946786],[140.467405,37.938173],[140.469506,37.917872],[140.488832,37.899474],[140.558919,37.909942],[140.566352,37.922795],[140.591278,37.906177],[140.612366,37.915286],[140.627314,37.899078],[140.662574,37.900225],[140.690051,37.888218],[140.681841,37.875929],[140.691978,37.850868],[140.679205,37.836342],[140.694344,37.803269],[140.712211,37.800299],[140.726941,37.781483],[140.74512,37.788467],[140.792056,37.773277],[140.80316,37.779906],[140.764408,37.796901],[140.775023,37.806362],[140.810355,37.795528],[140.851684,37.795313],[140.857878,37.802859],[140.850506,37.849237],[140.861433,37.861979],[140.856218,37.890906],[140.900186,37.904336],[140.901085,37.897644],[140.920174,37.892003],[140.930989,37.896172],[140.914895,37.976382],[140.931713,38.10245],[140.9502825,38.1508832],[140.9678428,38.1705609],[140.9553119,38.1707765],[140.9654332,38.1704746],[140.9622441,38.1792391],[140.991336,38.224774],[141.023259,38.264243],[141.0469101,38.2646405],[140.998859,38.273052],[141.042948,38.274889],[141.0416216,38.2699554],[141.071203,38.293816],[141.087992,38.295676],[141.076364,38.319602],[141.065405,38.321759],[141.036222,38.306567],[141.045513,38.318681],[141.024505,38.319846],[141.0539412,38.3306082],[141.050025,38.339789],[141.039214,38.334458],[141.037623,38.343525],[141.066065,38.351201],[141.06129,38.368381],[141.074275,38.377819],[141.098529,38.378347],[141.105337,38.367915],[141.116402,38.376349],[141.107199,38.386093],[141.133079,38.377216],[141.138091,38.371664],[141.132351,38.359933],[141.158594,38.353559],[141.172857,38.375944],[141.22986,38.400816],[141.26658,38.40778],[141.266427,38.419366],[141.273188,38.419981],[141.285212,38.41945],[141.272688,38.410944],[141.287345,38.410537],[141.286315,38.403302],[141.294635,38.404184],[141.293012,38.413689],[141.340531,38.406526],[141.327132,38.412079],[141.362472,38.412255],[141.370223,38.400377],[141.363719,38.388728],[141.372578,38.383163],[141.390176,38.385765],[141.408193,38.40375],[141.415041,38.391397],[141.429951,38.399598],[141.422674,38.384341],[141.438257,38.381387],[141.431852,38.373508],[141.458859,38.372837],[141.429814,38.364687],[141.415486,38.355101],[141.415916,38.346089],[141.431261,38.348287],[141.436415,38.34134],[141.448501,38.35416],[141.451541,38.340151],[141.462375,38.351434],[141.463071,38.335589],[141.474154,38.32925],[141.449262,38.315363],[141.467093,38.305896],[141.471927,38.320055],[141.47799,38.305319],[141.496931,38.304702],[141.491713,38.293605],[141.508231,38.29849],[141.511597,38.275736],[141.524968,38.272558],[141.525681,38.295798],[141.541262,38.309224],[141.524879,38.325536],[141.534379,38.339987],[141.514791,38.370954],[141.4891888,38.3674124],[141.4814289,38.3757673],[141.511693,38.391404],[141.53103,38.381396],[141.540634,38.389749],[141.538824,38.400833],[141.513789,38.39284],[141.5010736,38.4032522],[141.501728,38.415816],[141.469508,38.394414],[141.474463,38.421455],[141.463527,38.423895],[141.465676,38.430823],[141.4473811,38.4438604],[141.4606866,38.4466661],[141.48136,38.436617],[141.4899227,38.44306],[141.494442,38.436951],[141.512634,38.450215],[141.501815,38.447137],[141.4941786,38.4537702],[141.501742,38.460632],[141.476378,38.463693],[141.498544,38.478126],[141.4907555,38.4888134],[141.497129,38.495256],[141.475097,38.517805],[141.4647145,38.5121198],[141.469456,38.521124],[141.4831166,38.5199144],[141.4942,38.5087],[141.5135996,38.5130703],[141.514943,38.492932],[141.537342,38.489983],[141.53324,38.495604],[141.542346,38.504456],[141.533851,38.509091],[141.546331,38.524276],[141.530948,38.532547],[141.532366,38.548899],[141.521265,38.539476],[141.514298,38.544313],[141.5099835,38.5333633],[141.494495,38.532632],[141.485717,38.540844],[141.487945,38.554079],[141.47721,38.56295],[141.4601004,38.5623946],[141.468919,38.54611],[141.453807,38.543359],[141.464207,38.581392],[141.487361,38.583113],[141.504498,38.594711],[141.500719,38.602877],[141.50853,38.598164],[141.524219,38.609179],[141.530332,38.637129],[141.464131,38.64791],[141.457628,38.63925],[141.442664,38.643474],[141.450087,38.657625],[141.443465,38.673387],[141.4659451,38.6708303],[141.475496,38.679966],[141.494265,38.673947],[141.489741,38.68977],[141.499398,38.695642],[141.513968,38.687041],[141.52636,38.708541],[141.521808,38.715608],[141.528982,38.717699],[141.536159,38.705195],[141.546173,38.711409],[141.557051,38.706497],[141.554177,38.695621],[141.561742,38.69148],[141.566383,38.711008],[141.556706,38.719401],[141.566533,38.725833],[141.565224,38.739616],[141.547609,38.733217],[141.547034,38.7401],[141.535207,38.739659],[141.539958,38.747173],[141.530366,38.748266],[141.515673,38.770351],[141.52269,38.790143],[141.55515,38.800731],[141.558875,38.812247],[141.571423,38.807988],[141.579589,38.823689],[141.603689,38.827851],[141.583037,38.84862],[141.593638,38.889723],[141.5750548,38.9061631],[141.586761,38.909326],[141.588264,38.894481],[141.607412,38.879648],[141.62079,38.892758],[141.630893,38.89081],[141.6234549,38.8998124],[141.629259,38.895462],[141.63839,38.902232],[141.636834,38.885004],[141.64572,38.883167],[141.658117,38.861107],[141.674458,38.857432],[141.662952,38.881821],[141.667826,38.892788],[141.651445,38.902285],[141.653216,38.919155],[141.634358,38.930152],[141.648483,38.942249],[141.631448,38.954329],[141.644064,38.955517],[141.632392,38.963064],[141.635808,38.968032],[141.605002,38.985154],[141.575163,38.987042],[141.567087,38.995978],[141.523093,38.991363],[141.517837,39.001675],[141.490413,38.997961],[141.483493,38.978183],[141.493921,38.955367],[141.485529,38.935745],[141.491817,38.912831],[141.450808,38.875814],[141.452624,38.862569],[141.466068,38.856269],[141.449789,38.837407],[141.458626,38.813977],[141.429333,38.810563],[141.436362,38.805449],[141.437885,38.782256],[141.421649,38.779845],[141.422847,38.771678],[141.409835,38.767839],[141.414818,38.786219],[141.396813,38.790122],[141.393767,38.799856],[141.379139,38.796107],[141.371277,38.807491],[141.35268,38.812537],[141.334256,38.806986],[141.309254,38.822245],[141.304507,38.793476],[141.272441,38.79698],[141.258023,38.776205],[141.25753,38.761674],[141.232549,38.747651],[141.215839,38.748471],[141.206021,38.769498],[141.180932,38.784539],[141.167946,38.777202],[141.1462,38.784437],[141.13864,38.79064],[141.142359,38.812136],[141.123581,38.816562],[141.121132,38.826225],[141.104778,38.822854],[141.104788,38.83736],[141.123117,38.835872],[141.146746,38.85628],[141.139795,38.877518],[141.107364,38.877531],[141.093316,38.887874],[141.0370144,38.876697],[141.0204534,38.886409],[140.9895674,38.874329],[140.957833,38.908142],[140.926506,38.921422],[140.922132,38.914354],[140.914539,38.916838],[140.910345,38.927456],[140.881504,38.927914],[140.824429,38.964092],[140.745225,38.956382],[140.711564,38.923248],[140.685623,38.917614],[140.668875,38.897328],[140.639131,38.883236],[140.613565,38.893921],[140.561961,38.873021],[140.547126,38.889144],[140.540022,38.861899],[140.590703,38.836052],[140.598862,38.825275],[140.595647,38.802335],[140.6035,38.783713],[140.646436,38.769525],[140.607013,38.721321],[140.606614,38.703721],[140.623608,38.699793],[140.624397,38.687179],[140.601993,38.640612],[140.587835,38.63395],[140.546629,38.649711],[140.537373,38.635391],[140.562095,38.607261],[140.558419,38.597644],[140.569708,38.594073],[140.57844,38.570093],[140.554058,38.540766],[140.555712,38.529962],[140.571928,38.525646],[140.563439,38.510714],[140.567381,38.50131],[140.604202,38.48229],[140.608182,38.45841],[140.619933,38.454846],[140.597736,38.436536],[140.580365,38.437276],[140.571273,38.413121],[140.578189,38.392787],[140.545507,38.364127],[140.526286,38.357532],[140.521554,38.347337],[140.529715,38.320704],[140.520257,38.309521],[140.504315,38.314333],[140.492427,38.302232],[140.496922,38.283149],[140.471154,38.269367],[140.467045,38.232757],[140.479997,38.181571],[140.467633,38.156981],[140.443728,38.140934],[140.444906,38.131105],[140.425133,38.121912],[140.417649,38.080339],[140.402744,38.070348],[140.382991,38.071514],[140.373633,38.057012],[140.277562,38.056716],[140.28337,38.049976],[140.276046,38.028723],[140.289592,38.007209],[140.274867,37.982029]]]]}},{"type":"Feature","id":"JP-45","properties":{"name":"Miyazaki","shapeName":"Miyazaki Prefecture","shapeISO":"JP-45","shapeID":"47310658B9011809709100","shapeGroup":"JPN","shapeType":"ADM1"},"geometry":{"type":"Polygon","coordinates":[[[130.7033971,32.058388],[130.7371331,32.047749],[130.777458,32.01607],[130.781961,31.983091],[130.794564,31.973201],[130.799719,31.949948],[130.865626,31.933946],[130.882396,31.921132],[130.897022,31.887777],[130.914003,31.885792],[130.894696,31.878214],[130.888391,31.848552],[130.875022,31.842685],[130.881744,31.833514],[130.876853,31.815747],[130.883641,31.80593],[130.916936,31.804314],[130.930899,31.785701],[130.990059,31.777847],[130.978517,31.751568],[131.016797,31.747323],[131.013057,31.713127],[131.029192,31.696917],[131.025595,31.666898],[131.044658,31.654385],[131.054365,31.633369],[131.079214,31.660117],[131.117849,31.629329],[131.150322,31.629986],[131.16442,31.639452],[131.188351,31.624633],[131.186446,31.605176],[131.205448,31.579949],[131.188908,31.557527],[131.196893,31.549484],[131.200758,31.517739],[131.169996,31.499859],[131.160076,31.459519],[131.174464,31.449882],[131.181594,31.456464],[131.2058227,31.4528548],[131.227655,31.424228],[131.233459,31.430349],[131.243055,31.42624],[131.235503,31.405327],[131.253863,31.380737],[131.309343,31.390713],[131.323224,31.365179],[131.342386,31.361435],[131.35036,31.371974],[131.333795,31.3826],[131.332462,31.39635],[131.345625,31.398661],[131.343519,31.412141],[131.371161,31.428294],[131.363036,31.471753],[131.389621,31.485105],[131.38556,31.502342],[131.372997,31.506706],[131.374963,31.519082],[131.385247,31.510834],[131.380027,31.53266],[131.389825,31.542828],[131.384032,31.541219],[131.38147,31.554751],[131.397633,31.558813],[131.391051,31.564246],[131.401064,31.581939],[131.409568,31.576692],[131.406752,31.564885],[131.412135,31.569911],[131.40883,31.588089],[131.417874,31.602561],[131.456573,31.624068],[131.462177,31.633222],[131.452757,31.639124],[131.4579672,31.6465042],[131.469292,31.64531],[131.457712,31.658419],[131.461645,31.669608],[131.452052,31.66962],[131.450324,31.679704],[131.468783,31.686366],[131.456079,31.696799],[131.462981,31.703679],[131.459815,31.718127],[131.468249,31.720937],[131.463229,31.733909],[131.474238,31.738741],[131.4684286,31.7524326],[131.488463,31.784929],[131.4545739,31.8158935],[131.454815,31.87125],[131.461905,31.873314],[131.457244,31.883337],[131.469034,31.912647],[131.484015,31.921328],[131.464346,31.913451],[131.466897,31.923127],[131.475155,31.919341],[131.473,31.927844],[131.4670649,31.9243365],[131.4696,31.935475],[131.575295,32.240589],[131.577185,32.270229],[131.601604,32.322818],[131.6173804,32.3373734],[131.6123973,32.3400949],[131.629024,32.342443],[131.622259,32.360169],[131.635979,32.37117],[131.631038,32.382126],[131.643066,32.408097],[131.688724,32.422715],[131.653772,32.429169],[131.679491,32.429996],[131.674698,32.45407],[131.676069,32.443151],[131.662188,32.436451],[131.664035,32.449548],[131.651015,32.434818],[131.641784,32.439066],[131.656686,32.447261],[131.65025,32.459014],[131.659697,32.469127],[131.656832,32.479525],[131.667932,32.483507],[131.670892,32.476417],[131.678819,32.483584],[131.677707,32.473113],[131.69548,32.469119],[131.716823,32.482298],[131.713874,32.488807],[131.728929,32.492126],[131.723923,32.501254],[131.710272,32.502528],[131.714408,32.519898],[131.700261,32.517671],[131.700968,32.50575],[131.69264,32.515153],[131.692386,32.507592],[131.679687,32.50263],[131.689606,32.519772],[131.681998,32.541699],[131.693192,32.566887],[131.713009,32.589918],[131.742292,32.591733],[131.755355,32.602806],[131.752895,32.61067],[131.763271,32.613479],[131.76105,32.621644],[131.773605,32.640116],[131.75917,32.641124],[131.757601,32.634999],[131.750599,32.64533],[131.764099,32.642029],[131.76451,32.652128],[131.771061,32.65213],[131.762427,32.658295],[131.772015,32.657864],[131.777165,32.674028],[131.786062,32.673808],[131.789781,32.662044],[131.792264,32.677611],[131.816207,32.68725],[131.816813,32.702804],[131.826577,32.706612],[131.838645,32.69142],[131.851012,32.693324],[131.856321,32.697718],[131.845991,32.707659],[131.850119,32.722081],[131.865044,32.716375],[131.858109,32.731488],[131.87713,32.733812],[131.885707,32.745868],[131.847009,32.73593],[131.844209,32.776641],[131.860078,32.806071],[131.858975,32.820963],[131.8345,32.819698],[131.824428,32.829927],[131.793901,32.821945],[131.787272,32.833645],[131.767017,32.83894],[131.741552,32.834359],[131.711142,32.772378],[131.668859,32.766593],[131.592512,32.775314],[131.568361,32.754081],[131.511286,32.770331],[131.508745,32.784113],[131.517466,32.800804],[131.475256,32.837242],[131.43697,32.828626],[131.421209,32.811916],[131.364386,32.803371],[131.348636,32.810682],[131.349736,32.824629],[131.339921,32.833512],[131.265184,32.826461],[131.245371,32.786551],[131.234533,32.780814],[131.246465,32.769396],[131.235061,32.744378],[131.179968,32.712078],[131.175103,32.671933],[131.143535,32.676281],[131.115549,32.642106],[131.120622,32.605322],[131.105936,32.589076],[131.108036,32.581757],[131.051924,32.587636],[131.04325,32.582341],[131.038961,32.554428],[131.018104,32.546861],[131.025614,32.52111],[131.009406,32.515407],[131.006959,32.490059],[131.016379,32.473616],[131.019892,32.438674],[131.043566,32.408228],[131.068121,32.407484],[131.069308,32.384319],[131.079857,32.374288],[131.073266,32.358896],[131.094199,32.350341],[131.111916,32.329956],[131.078594,32.281223],[131.050506,32.285825],[131.054244,32.267064],[131.041622,32.2579],[131.046953,32.244197],[131.071564,32.236891],[131.068966,32.225714],[131.084211,32.206213],[131.100532,32.201543],[131.108966,32.160149],[131.097218,32.152197],[131.071799,32.160283],[131.058765,32.154827],[131.037354,32.170212],[131.012126,32.174331],[130.974778,32.137052],[130.974526,32.120836],[130.955595,32.115413],[130.933085,32.116083],[130.906012,32.133594],[130.869093,32.114895],[130.857448,32.099693],[130.838701,32.107266],[130.820797,32.094924],[130.7756,32.101913],[130.7594181,32.096808],[130.7516241,32.104069],[130.7419921,32.097884],[130.7352361,32.108948],[130.7034801,32.077024],[130.7033971,32.058388]]]}},{"type":"Feature","id":"JP-20","properties":{"name":"Nagano","shapeName":"Nagano","shapeISO":"JP-20","shapeID":"47310658B40291932252870","shapeGroup":"JPN","shapeType":"ADM1"},"geometry":{"type":"Polygon","coordinates":[[[137.324551,35.812021],[137.338113,35.798041],[137.391792,35.798583],[137.393261,35.777727],[137.434266,35.771157],[137.440178,35.758554],[137.459695,35.761354],[137.46663,35.741031],[137.485211,35.724704],[137.485718,35.706029],[137.497633,35.698139],[137.497196,35.688482],[137.535373,35.665805],[137.545447,35.651082],[137.526598,35.63426],[137.513808,35.608023],[137.5376031,35.5844524],[137.571303,35.584161],[137.564118,35.568613],[137.573946,35.544725],[137.607809,35.533296],[137.631587,35.509914],[137.624429,35.493827],[137.631749,35.470044],[137.593011,35.44703],[137.615537,35.430595],[137.621493,35.412385],[137.632045,35.410704],[137.634917,35.401163],[137.618113,35.391723],[137.575227,35.400009],[137.577363,35.390436],[137.598543,35.379028],[137.603914,35.333234],[137.556987,35.309875],[137.556384,35.295537],[137.570752,35.282727],[137.555759,35.274546],[137.557896,35.26523],[137.546005,35.251681],[137.578726,35.219435],[137.578737,35.198428],[137.614859,35.210461],[137.644579,35.208991],[137.653983,35.226776],[137.681537,35.235235],[137.721639,35.230851],[137.723183,35.221626],[137.759567,35.222102],[137.779287,35.202737],[137.822963,35.21588],[137.838115,35.212467],[137.847337,35.221884],[137.873548,35.219479],[137.884891,35.23625],[137.882465,35.248096],[137.895509,35.258006],[137.918407,35.254254],[137.929252,35.27547],[137.966983,35.282848],[137.992093,35.301704],[138.019723,35.301496],[138.037556,35.332925],[138.061209,35.347146],[138.095989,35.339642],[138.096899,35.354226],[138.141298,35.369629],[138.153129,35.397236],[138.134778,35.407823],[138.139802,35.422655],[138.120352,35.4301],[138.119784,35.453394],[138.156912,35.459981],[138.164661,35.493717],[138.140327,35.4997],[138.146338,35.518506],[138.138292,35.522154],[138.159434,35.544959],[138.141392,35.555076],[138.162049,35.581295],[138.189489,35.576781],[138.206072,35.608179],[138.20337,35.632116],[138.218669,35.644549],[138.193339,35.672153],[138.193603,35.696929],[138.180103,35.714365],[138.236899,35.757987],[138.185172,35.79108],[138.205691,35.815734],[138.204698,35.828139],[138.238667,35.88289],[138.251454,35.885011],[138.283639,35.859316],[138.326464,35.903294],[138.345044,35.941333],[138.359913,35.950713],[138.370458,35.971381],[138.444676,35.950213],[138.454352,35.93848],[138.44437,35.917807],[138.454583,35.899859],[138.4716,35.896197],[138.49013,35.896375],[138.494699,35.911342],[138.510569,35.922339],[138.576508,35.911422],[138.591015,35.919769],[138.612254,35.909154],[138.604986,35.893751],[138.610871,35.873611],[138.676174,35.869802],[138.685844,35.893866],[138.708058,35.909753],[138.729009,35.909221],[138.739252,35.939108],[138.714181,35.965516],[138.712547,35.985333],[138.688693,35.991775],[138.679581,36.011715],[138.661985,36.011505],[138.631962,36.027054],[138.644188,36.04969],[138.63053,36.091181],[138.64518,36.098807],[138.640162,36.117226],[138.645374,36.120197],[138.63432,36.133947],[138.600764,36.135513],[138.577271,36.168074],[138.583386,36.178832],[138.609541,36.161413],[138.613163,36.168732],[138.636339,36.172067],[138.622794,36.196928],[138.636703,36.204271],[138.634657,36.213675],[138.622241,36.214586],[138.611759,36.229503],[138.600332,36.2784],[138.6445,36.293256],[138.653527,36.303115],[138.647825,36.315577],[138.657159,36.368902],[138.649554,36.379238],[138.647831,36.409282],[138.592392,36.424392],[138.555004,36.417774],[138.538922,36.402503],[138.491818,36.413076],[138.488953,36.400934],[138.459646,36.404751],[138.45696,36.420241],[138.401228,36.434211],[138.397022,36.489529],[138.404074,36.521711],[138.428902,36.556451],[138.420277,36.574509],[138.426313,36.593525],[138.441292,36.59969],[138.441578,36.61067],[138.454969,36.613852],[138.458183,36.633699],[138.473092,36.644049],[138.524072,36.650378],[138.534612,36.665639],[138.518267,36.67621],[138.51433,36.690786],[138.543634,36.703835],[138.574763,36.707235],[138.584051,36.701199],[138.595723,36.714536],[138.610856,36.706381],[138.622206,36.720389],[138.695926,36.738513],[138.688084,36.765747],[138.668986,36.778816],[138.686691,36.790341],[138.695841,36.807941],[138.679581,36.821051],[138.690201,36.832664],[138.693197,36.854817],[138.681517,36.865424],[138.625419,36.882446],[138.617766,36.892041],[138.621009,36.904082],[138.588758,36.913972],[138.592079,36.925349],[138.582918,36.928687],[138.586657,36.988246],[138.565882,37.02126],[138.536504,37.020927],[138.51408,37.029687],[138.490727,37.019925],[138.455125,37.019616],[138.394675,36.997177],[138.343199,36.920798],[138.317564,36.925186],[138.29632,36.910821],[138.290283,36.896812],[138.299362,36.886722],[138.288522,36.868951],[138.296104,36.855784],[138.287607,36.845707],[138.271832,36.842626],[138.27164,36.855463],[138.254702,36.870022],[138.235002,36.863719],[138.213782,36.871151],[138.203379,36.85714],[138.168853,36.84504],[138.112388,36.849495],[138.08157,36.830074],[138.070697,36.805301],[138.054146,36.800078],[138.051514,36.807643],[138.033791,36.808834],[138.003456,36.826415],[138.020224,36.842393],[138.013669,36.860434],[138.03249,36.880969],[138.031154,36.89128],[138.015677,36.893097],[138.013732,36.904022],[137.969569,36.910814],[137.95786,36.902798],[137.948484,36.912784],[137.920604,36.920027],[137.893254,36.909961],[137.863612,36.913134],[137.871611,36.901109],[137.861547,36.891066],[137.876452,36.866208],[137.831551,36.819451],[137.830444,36.807563],[137.784781,36.774346],[137.769067,36.771367],[137.751767,36.751109],[137.759289,36.740742],[137.750019,36.704746],[137.761858,36.666008],[137.753449,36.657769],[137.754616,36.63912],[137.74424,36.61751],[137.751031,36.5885],[137.724303,36.586492],[137.687733,36.562076],[137.684593,36.537808],[137.710549,36.535743],[137.705436,36.517821],[137.668741,36.509462],[137.666816,36.493817],[137.651996,36.488201],[137.655406,36.459173],[137.639908,36.445831],[137.636541,36.428413],[137.608075,36.419417],[137.605357,36.402539],[137.587343,36.389801],[137.587083,36.371965],[137.617508,36.365379],[137.635467,36.342551],[137.645419,36.341716],[137.653054,36.304675],[137.647817,36.289052],[137.614736,36.264778],[137.583022,36.220397],[137.573055,36.218656],[137.578567,36.197539],[137.595086,36.190741],[137.595061,36.172049],[137.554719,36.1402],[137.560549,36.130242],[137.550198,36.112894],[137.554883,36.105533],[137.577993,36.085091],[137.613948,36.076388],[137.613721,36.059617],[137.597858,36.042408],[137.594774,36.012916],[137.575714,35.995493],[137.543456,35.982871],[137.541981,35.966629],[137.524517,35.942464],[137.503555,35.939888],[137.476519,35.894169],[137.458329,35.889395],[137.434898,35.905489],[137.380815,35.892423],[137.364369,35.878873],[137.361126,35.846208],[137.333316,35.841966],[137.324551,35.812021]]]}},{"type":"Feature","id":"JP-42","properties":{"name":"Nagasaki","shapeName":"Nagasaki Prefecture","shapeISO":"JP-42","shapeID":"47310658B82893106270036","shapeGroup":"JPN","shapeType":"ADM1"},"geometry":{"type":"MultiPolygon","coordinates":[[[[128.615229,32.655087],[128.621655,32.637975],[128.628801,32.637541],[128.636026,32.64659],[128.62735,32.654879],[128.635681,32.658662],[128.627589,32.664233],[128.640475,32.663912],[128.634485,32.679885],[128.615229,32.655087]]],[[[128.87273,32.861629],[128.89026,32.851986],[128.891936,32.863976],[128.912779,32.839707],[128.920077,32.843236],[128.928772,32.823318],[128.914254,32.820832],[128.932242,32.817607],[128.935092,32.828759],[128.943179,32.79997],[128.952073,32.81604],[128.941484,32.827293],[128.947255,32.83371],[128.960353,32.830474],[128.953751,32.846203],[128.964723,32.85144],[128.948179,32.881692],[128.94052,32.884049],[128.949363,32.873321],[128.942518,32.848932],[128.92777,32.872091],[128.922641,32.870225],[128.937,32.849377],[128.932561,32.837786],[128.916311,32.870135],[128.906633,32.874791],[128.901225,32.86988],[128.888501,32.877502],[128.88899,32.865906],[128.87273,32.861629]]],[[[128.960902,32.899582],[128.974966,32.878298],[128.967466,32.871117],[128.981304,32.871394],[128.976443,32.859514],[128.996144,32.869652],[129.007611,32.860091],[129.013314,32.868378],[129.022656,32.862074],[129.010648,32.856633],[129.023405,32.855378],[129.013039,32.852683],[129.027639,32.84488],[129.02319,32.863586],[129.029074,32.870418],[129.020498,32.873334],[129.032333,32.890242],[129.021674,32.88837],[129.033341,32.895197],[129.021426,32.90228],[129.02379,32.912674],[129.013157,32.91738],[129.014179,32.924817],[129.001525,32.919551],[128.989203,32.932997],[128.982586,32.93021],[128.990478,32.923217],[128.97765,32.918743],[128.988262,32.897852],[129.001292,32.902599],[128.996764,32.895049],[129.004431,32.881441],[128.998875,32.878289],[128.993911,32.893713],[128.985864,32.889553],[128.986345,32.880114],[128.983281,32.894841],[128.97184,32.895726],[128.971526,32.903415],[128.960902,32.899582]]],[[[129.59225,32.936007],[129.61083,32.916112],[129.625584,32.926502],[129.623384,32.938031],[129.602181,32.939826],[129.602778,32.950262],[129.59225,32.936007]]],[[[128.598105,32.613155],[128.624452,32.608685],[128.638224,32.592774],[128.6565,32.590439],[128.655592,32.601868],[128.665638,32.608403],[128.688401,32.602523],[128.735426,32.607441],[128.752009,32.590142],[128.753297,32.578421],[128.771915,32.573927],[128.79384,32.599293],[128.791902,32.609481],[128.761685,32.619844],[128.770176,32.644697],[128.809058,32.655264],[128.818142,32.637142],[128.826386,32.635479],[128.868189,32.644372],[128.874164,32.638113],[128.892737,32.640752],[128.897346,32.650653],[128.857201,32.692442],[128.84895,32.688765],[128.8531595,32.6981242],[128.847356,32.696581],[128.839543,32.724757],[128.844237,32.743757],[128.857068,32.743357],[128.851868,32.750179],[128.835878,32.744867],[128.832058,32.751899],[128.826519,32.739517],[128.835256,32.760429],[128.813494,32.746994],[128.803741,32.751984],[128.826123,32.760193],[128.804305,32.774931],[128.810597,32.798071],[128.789613,32.78937],[128.797553,32.785006],[128.792562,32.777045],[128.775755,32.778217],[128.765719,32.761663],[128.775035,32.755383],[128.781406,32.764213],[128.796379,32.761281],[128.798247,32.75408],[128.792823,32.761044],[128.773264,32.750466],[128.778603,32.734645],[128.769937,32.735179],[128.768551,32.753122],[128.755078,32.769427],[128.753564,32.758861],[128.739167,32.752196],[128.750093,32.753448],[128.738559,32.736786],[128.735167,32.743885],[128.7422,32.750922],[128.724548,32.746901],[128.737524,32.757496],[128.709318,32.749924],[128.706658,32.738433],[128.692131,32.739301],[128.697146,32.766647],[128.664406,32.784783],[128.640294,32.76116],[128.65311,32.744285],[128.64589,32.721371],[128.663989,32.700646],[128.646823,32.697696],[128.65313,32.691285],[128.650196,32.67913],[128.679179,32.671976],[128.663345,32.667008],[128.671464,32.651282],[128.649772,32.657314],[128.667168,32.645079],[128.643805,32.654032],[128.655087,32.642147],[128.643579,32.64324],[128.635767,32.628429],[128.642206,32.618946],[128.653282,32.629499],[128.667628,32.63002],[128.650645,32.620185],[128.655765,32.612557],[128.641787,32.603373],[128.647608,32.61063],[128.625184,32.617469],[128.626262,32.627397],[128.618638,32.630706],[128.612484,32.621128],[128.622661,32.634124],[128.611526,32.646957],[128.598105,32.613155]]],[[[128.962677,32.75049],[128.986367,32.741825],[128.987671,32.754782],[129.004478,32.750582],[129.007586,32.771747],[128.998939,32.78683],[128.992294,32.791435],[128.992608,32.781224],[128.985369,32.778254],[128.991854,32.769724],[128.988038,32.756563],[128.979216,32.76046],[128.962677,32.75049]]],[[[128.83234,32.829405],[128.839658,32.830466],[128.834897,32.782334],[128.842455,32.778144],[128.840688,32.784905],[128.864534,32.763666],[128.882909,32.76467],[128.892976,32.784498],[128.910592,32.796982],[128.90105,32.821187],[128.886958,32.824118],[128.884202,32.833861],[128.864788,32.844629],[128.867562,32.821903],[128.87843,32.817849],[128.876288,32.797668],[128.861693,32.804122],[128.871338,32.80642],[128.861943,32.816394],[128.862718,32.833393],[128.847826,32.829429],[128.837516,32.838145],[128.83234,32.829405]]],[[[129.642446,33.767352],[129.654363,33.762252],[129.646197,33.751531],[129.65672,33.737874],[129.65695,33.74669],[129.667325,33.747964],[129.674082,33.759051],[129.6771917,33.746846],[129.689128,33.74199],[129.677,33.727713],[129.690261,33.721062],[129.695371,33.72693],[129.691583,33.712106],[129.716304,33.704012],[129.722923,33.71093],[129.7183,33.716418],[129.734217,33.727962],[129.734398,33.739404],[129.788646,33.740775],[129.787809,33.755142],[129.797405,33.753812],[129.798781,33.761579],[129.778179,33.773304],[129.765908,33.767058],[129.757733,33.774369],[129.765013,33.784695],[129.795857,33.779437],[129.799138,33.785722],[129.748641,33.806621],[129.76437,33.811227],[129.760091,33.816181],[129.772711,33.842689],[129.768077,33.846584],[129.726618,33.849942],[129.703963,33.863233],[129.695432,33.857268],[129.704935,33.85471],[129.693792,33.851147],[129.689003,33.857223],[129.680167,33.839523],[129.676664,33.845644],[129.67149,33.838068],[129.672624,33.819954],[129.688697,33.805457],[129.677461,33.805204],[129.675612,33.796917],[129.661626,33.813337],[129.649539,33.807153],[129.6673,33.800503],[129.650397,33.8],[129.661368,33.78844],[129.656031,33.789752],[129.655821,33.780542],[129.677785,33.777787],[129.676059,33.769242],[129.685911,33.759417],[129.651043,33.773869],[129.642446,33.767352]]],[[[129.166954,34.105331],[129.183661,34.11856],[129.202841,34.103307],[129.214168,34.113008],[129.214556,34.083877],[129.219372,34.096227],[129.229805,34.094783],[129.231136,34.114035],[129.239974,34.101543],[129.246829,34.112168],[129.262365,34.11644],[129.254352,34.126327],[129.282439,34.130613],[129.274057,34.14644],[129.285296,34.144857],[129.283081,34.164635],[129.295533,34.160652],[129.29719,34.17272],[129.288706,34.175887],[129.297604,34.18539],[129.282942,34.187358],[129.288883,34.199888],[129.29936,34.194476],[129.304514,34.210575],[129.297394,34.221527],[129.306832,34.215856],[129.325822,34.225997],[129.315302,34.242511],[129.324127,34.258013],[129.316634,34.261153],[129.326986,34.262662],[129.329217,34.276146],[129.334995,34.271304],[129.35248,34.276924],[129.347898,34.297496],[129.343093,34.291269],[129.338578,34.299352],[129.341606,34.293242],[129.334438,34.289082],[129.334525,34.297992],[129.323089,34.293163],[129.315072,34.29889],[129.320759,34.294364],[129.311753,34.284092],[129.3180484,34.2760995],[129.30878,34.289166],[129.305183,34.276845],[129.298321,34.282059],[129.305929,34.294279],[129.299962,34.296573],[129.310184,34.308207],[129.301483,34.309684],[129.296528,34.300468],[129.29473,34.320162],[129.286971,34.313511],[129.288363,34.320263],[129.280386,34.315894],[129.277366,34.32701],[129.267515,34.32135],[129.266735,34.328171],[129.273436,34.310636],[129.280881,34.31338],[129.276789,34.309305],[129.289523,34.304378],[129.283428,34.298263],[129.29344,34.290818],[129.284419,34.289888],[129.291133,34.278494],[129.281988,34.284552],[129.279931,34.306019],[129.266382,34.304982],[129.262948,34.291161],[129.256682,34.292006],[129.260049,34.30045],[129.252222,34.303437],[129.261549,34.306645],[129.255854,34.311469],[129.244531,34.297936],[129.237803,34.300484],[129.231901,34.291989],[129.227845,34.297631],[129.222211,34.290152],[129.227873,34.324066],[129.221301,34.331326],[129.204569,34.331146],[129.196051,34.312381],[129.19383,34.27429],[129.199255,34.270114],[129.185361,34.249195],[129.191357,34.233385],[129.179727,34.219384],[129.181711,34.186868],[129.172665,34.165184],[129.176031,34.148486],[129.167591,34.141829],[129.166954,34.105331]]],[[[129.347444,34.285604],[129.359593,34.270628],[129.393601,34.299937],[129.374018,34.303343],[129.377405,34.291088],[129.369022,34.302661],[129.347444,34.285604]]],[[[129.227392,34.362338],[129.243889,34.350327],[129.271463,34.357625],[129.283719,34.343473],[129.280926,34.354301],[129.287845,34.339015],[129.287817,34.356583],[129.29892,34.354634],[129.277984,34.363893],[129.292661,34.373156],[129.281287,34.383393],[129.287776,34.388646],[129.29472,34.375342],[129.300183,34.379818],[129.295326,34.384538],[129.309179,34.385821],[129.306061,34.37141],[129.298382,34.369858],[129.305605,34.367705],[129.305368,34.354443],[129.312515,34.359741],[129.299858,34.349515],[129.302528,34.340863],[129.311965,34.34707],[129.30882,34.336829],[129.319779,34.356725],[129.325942,34.350587],[129.321246,34.360626],[129.328837,34.35965],[129.320317,34.370284],[129.328898,34.364132],[129.337989,34.380619],[129.333877,34.363342],[129.347131,34.377276],[129.354941,34.374948],[129.346503,34.367469],[129.350296,34.361131],[129.340103,34.356404],[129.350288,34.352775],[129.346543,34.345413],[129.353964,34.346822],[129.347413,34.341271],[129.360758,34.339754],[129.343344,34.336687],[129.350883,34.336288],[129.342907,34.326464],[129.354238,34.318336],[129.344672,34.323516],[129.333168,34.318532],[129.334757,34.307074],[129.340509,34.313314],[129.334404,34.305265],[129.341334,34.311273],[129.34595,34.299854],[129.357041,34.309177],[129.348373,34.300688],[129.352941,34.295309],[129.3663,34.306302],[129.364114,34.314283],[129.371615,34.311729],[129.36074,34.318674],[129.370214,34.315583],[129.371206,34.323002],[129.373549,34.31183],[129.379786,34.312732],[129.37118,34.320624],[129.3786904,34.3256795],[129.363659,34.33028],[129.371587,34.33267],[129.364325,34.338492],[129.387021,34.336914],[129.389683,34.329079],[129.390383,34.340544],[129.406422,34.335365],[129.405305,34.344461],[129.398966,34.341852],[129.412969,34.36279],[129.402404,34.359459],[129.406074,34.350729],[129.398669,34.348703],[129.403042,34.353548],[129.395453,34.35933],[129.389147,34.339738],[129.388352,34.347026],[129.384439,34.34135],[129.365148,34.34467],[129.384397,34.348226],[129.393611,34.359713],[129.388855,34.370411],[129.375612,34.370287],[129.383119,34.372417],[129.373804,34.388893],[129.385124,34.390872],[129.391415,34.382957],[129.387543,34.38963],[129.399223,34.412606],[129.389989,34.400662],[129.383894,34.403396],[129.384866,34.39542],[129.376583,34.398288],[129.35183,34.385815],[129.379525,34.411608],[129.375513,34.425929],[129.368944,34.428157],[129.365133,34.419482],[129.368985,34.43987],[129.385737,34.42762],[129.384104,34.439812],[129.368359,34.452191],[129.386225,34.457278],[129.397224,34.480663],[129.399815,34.475257],[129.408121,34.491079],[129.451251,34.522959],[129.445157,34.530529],[129.455893,34.53187],[129.463669,34.543583],[129.455792,34.554067],[129.473227,34.554992],[129.471177,34.587718],[129.479267,34.59541],[129.472193,34.595462],[129.470959,34.608268],[129.453491,34.60267],[129.449171,34.614614],[129.433181,34.617234],[129.437196,34.624341],[129.457833,34.612527],[129.441926,34.624651],[129.446641,34.631662],[129.460402,34.613627],[129.479586,34.617205],[129.470972,34.627362],[129.481624,34.626911],[129.491179,34.645016],[129.471802,34.643838],[129.478761,34.650708],[129.46539,34.654145],[129.471115,34.659528],[129.480738,34.652218],[129.497353,34.667029],[129.484247,34.667452],[129.49448,34.683256],[129.478571,34.67217],[129.471525,34.677766],[129.47132,34.686705],[129.482685,34.694447],[129.471777,34.689359],[129.463836,34.70116],[129.45754,34.692272],[129.458543,34.70201],[129.448187,34.696939],[129.449325,34.706644],[129.440464,34.692859],[129.417823,34.695197],[129.414902,34.682331],[129.429617,34.681536],[129.434968,34.673045],[129.408354,34.678194],[129.395417,34.652328],[129.3836,34.649513],[129.396999,34.639592],[129.374175,34.646823],[129.364633,34.638593],[129.353367,34.649889],[129.335358,34.637859],[129.333766,34.649533],[129.319733,34.647036],[129.305976,34.58886],[129.285765,34.562543],[129.2952,34.555873],[129.306457,34.567781],[129.309889,34.556599],[129.316083,34.558199],[129.314164,34.54899],[129.328231,34.550382],[129.328251,34.533226],[129.33809,34.537847],[129.344864,34.532042],[129.328517,34.527696],[129.318221,34.536737],[129.315152,34.515421],[129.308145,34.526884],[129.293236,34.486217],[129.274056,34.469082],[129.281764,34.448352],[129.304602,34.464072],[129.31209,34.450016],[129.299589,34.453391],[129.292257,34.444886],[129.294625,34.432931],[129.285783,34.443601],[129.274214,34.441176],[129.272867,34.434143],[129.280599,34.432114],[129.273976,34.430569],[129.281062,34.427909],[129.27084,34.424803],[129.285336,34.41537],[129.272107,34.415841],[129.268316,34.385586],[129.275483,34.386866],[129.276642,34.373005],[129.253021,34.367004],[129.251133,34.354746],[129.24382,34.36923],[129.227392,34.362338]]],[[[129.718898,33.414216],[129.744706,33.406804],[129.751321,33.415435],[129.747251,33.421292],[129.758131,33.41539],[129.763437,33.433614],[129.790474,33.424917],[129.793243,33.430237],[129.766446,33.440002],[129.770999,33.461443],[129.752936,33.470219],[129.752043,33.455011],[129.759827,33.454886],[129.739197,33.437741],[129.744327,33.428958],[129.718898,33.414216]]],[[[129.496618,33.471906],[129.521337,33.471539],[129.513205,33.480693],[129.528414,33.486455],[129.534752,33.474696],[129.553764,33.469381],[129.557024,33.477782],[129.562194,33.473128],[129.575692,33.481461],[129.583544,33.495233],[129.565413,33.501365],[129.567195,33.491669],[129.553842,33.489281],[129.556384,33.510794],[129.547403,33.508811],[129.496618,33.471906]]],[[[129.221749,33.000935],[129.240125,33.000964],[129.233943,32.988723],[129.245661,32.993234],[129.261114,33.020425],[129.250067,33.013153],[129.247283,33.023284],[129.221749,33.000935]]],[[[128.991691,32.943849],[129.006738,32.940185],[129.014258,32.949131],[129.013803,32.936869],[129.022829,32.932039],[129.035495,32.945302],[129.040978,32.929999],[129.032374,32.932687],[129.026213,32.919528],[129.036712,32.925629],[129.051065,32.921458],[129.051899,32.910752],[129.067801,32.90441],[129.062677,32.894905],[129.059038,32.906573],[129.051899,32.907233],[129.053242,32.899002],[129.037989,32.908502],[129.043205,32.892756],[129.0523,32.888465],[129.054924,32.895366],[129.059988,32.888995],[129.057584,32.878087],[129.042945,32.885601],[129.049884,32.87441],[129.039806,32.881678],[129.04754,32.868159],[129.041276,32.859358],[129.048823,32.85336],[129.045281,32.829303],[129.051872,32.827336],[129.043247,32.82238],[129.059392,32.816313],[129.068739,32.828464],[129.061245,32.838996],[129.064844,32.84709],[129.056917,32.847389],[129.065939,32.862758],[129.091002,32.854894],[129.100178,32.859923],[129.094728,32.881847],[129.082179,32.882124],[129.09245,32.890829],[129.081164,32.895835],[129.085044,32.904466],[129.095435,32.903249],[129.089251,32.909828],[129.096677,32.914851],[129.084253,32.926837],[129.109395,32.926425],[129.104983,32.932987],[129.111441,32.941207],[129.101412,32.949952],[129.101647,32.961323],[129.117804,32.938519],[129.13098,32.944987],[129.140419,32.936834],[129.148079,32.956128],[129.183092,32.972991],[129.174408,32.99714],[129.183299,33.002163],[129.174924,33.007208],[129.169662,32.998656],[129.16555,33.008793],[129.158396,33.000044],[129.133284,33.002044],[129.13255,32.991728],[129.12079,32.984026],[129.115148,32.99034],[129.108585,32.98084],[129.087026,32.984094],[129.096551,33.000607],[129.089539,33.017668],[129.097637,33.032507],[129.091254,33.038479],[129.105043,33.048927],[129.099255,33.055579],[129.114152,33.06291],[129.108643,33.068017],[129.120196,33.098876],[129.117389,33.114615],[129.102983,33.12416],[129.114127,33.141772],[129.115017,33.164058],[129.094284,33.121415],[129.104477,33.113397],[129.098068,33.104456],[129.109494,33.101261],[129.107733,33.088159],[129.085478,33.076144],[129.082533,33.058974],[129.074227,33.056518],[129.084261,33.043318],[129.077394,33.036694],[129.088442,33.025611],[129.069609,33.019704],[129.068177,33.045965],[129.050181,33.041167],[129.053281,33.036326],[129.042299,33.027718],[129.041208,33.003398],[129.049363,32.995666],[129.043776,32.986449],[129.065776,32.981877],[129.052506,32.977716],[129.054312,32.958306],[129.052091,32.964124],[129.048544,32.956688],[129.047712,32.976234],[129.032639,32.972179],[129.03002,32.960587],[129.01961,32.976628],[129.017326,32.964084],[129.012311,32.976503],[128.997058,32.965092],[129.003748,32.95968],[128.997829,32.953284],[129.007432,32.952549],[128.997519,32.949228],[129.004946,32.945461],[128.991691,32.943849]]],[[[129.552633,33.217725],[129.584755,33.218212],[129.583824,33.211571],[129.594583,33.214739],[129.595897,33.208915],[129.614619,33.224213],[129.600582,33.207139],[129.61594,33.203498],[129.621664,33.216628],[129.618066,33.195814],[129.626365,33.188171],[129.638932,33.199079],[129.63879,33.223648],[129.650295,33.206948],[129.643357,33.195296],[129.649022,33.192653],[129.651482,33.200211],[129.65706,33.193447],[129.650959,33.191609],[129.656236,33.184073],[129.643137,33.181006],[129.635617,33.167019],[129.648715,33.174134],[129.662411,33.171379],[129.666812,33.161715],[129.673769,33.168039],[129.6815375,33.1627398],[129.682032,33.145739],[129.698133,33.142446],[129.696646,33.136031],[129.684604,33.139132],[129.681309,33.126097],[129.664265,33.123776],[129.65704,33.131516],[129.665726,33.101582],[129.674947,33.120122],[129.679621,33.113933],[129.711734,33.115935],[129.699117,33.123889],[129.710307,33.124312],[129.709631,33.138957],[129.702164,33.142684],[129.706122,33.154392],[129.6954462,33.1617807],[129.705338,33.158953],[129.709932,33.1653593],[129.714439,33.158869],[129.7169098,33.166614],[129.729753,33.157686],[129.7209794,33.1540997],[129.72869,33.145914],[129.719743,33.140694],[129.731355,33.124194],[129.730565,33.136556],[129.735976,33.140306],[129.741795,33.13194],[129.754586,33.147285],[129.754961,33.14136],[129.767852,33.147188],[129.793961,33.138356],[129.796801,33.114104],[129.788109,33.102621],[129.799239,33.077077],[129.8073489,33.0764239],[129.798102,33.066366],[129.812059,33.068069],[129.819412,33.06077],[129.82332,33.067792],[129.837555,33.059141],[129.821118,33.055561],[129.82653,33.053305],[129.821419,33.036997],[129.832251,33.039681],[129.839342,33.056305],[129.844528,33.047686],[129.856001,33.065264],[129.863925,33.0596342],[129.874674,33.065405],[129.944844,33.016125],[129.950932,32.986536],[129.9428619,32.9723299],[129.928178,32.968765],[129.9308065,32.9237235],[129.9572052,32.9071727],[129.9496334,32.89547],[129.9724899,32.885896],[129.962699,32.875999],[130.004977,32.840372],[129.976151,32.83753],[129.9751,32.849284],[129.957394,32.846905],[129.951571,32.863201],[129.933127,32.857053],[129.930422,32.866487],[129.91286,32.865902],[129.898107,32.879984],[129.892455,32.868171],[129.880693,32.882241],[129.881038,32.864503],[129.870202,32.860866],[129.8689997,32.8444018],[129.850756,32.859107],[129.854653,32.8447484],[129.8479772,32.8317799],[129.817269,32.863419],[129.799839,32.863891],[129.795239,32.873662],[129.788889,32.868092],[129.790574,32.885077],[129.796421,32.889216],[129.794504,32.882936],[129.802991,32.880077],[129.810944,32.895016],[129.804701,32.8943],[129.806804,32.90898],[129.79268,32.908398],[129.789816,32.899463],[129.782992,32.908122],[129.793903,32.91482],[129.785055,32.918157],[129.783371,32.941229],[129.798363,32.954527],[129.794099,32.932756],[129.801953,32.938829],[129.797027,32.925147],[129.809795,32.917],[129.818443,32.947494],[129.806792,32.961885],[129.817011,32.973883],[129.824571,32.970731],[129.822639,32.981949],[129.811262,32.983679],[129.815212,32.994965],[129.800612,33.008376],[129.786443,33.005326],[129.764124,33.021891],[129.75198,33.003803],[129.762704,33.005534],[129.76386,32.999592],[129.755733,32.99966],[129.75989,32.993475],[129.752237,33.000629],[129.745042,32.987356],[129.738729,32.988611],[129.732267,33.001853],[129.740987,33.002676],[129.731601,33.005612],[129.732938,33.016615],[129.74686,33.041128],[129.762222,33.048969],[129.74967,33.060267],[129.740003,33.057825],[129.741743,33.048782],[129.737367,33.053947],[129.736089,33.046245],[129.726307,33.046461],[129.730958,33.05066],[129.724322,33.052994],[129.73728,33.064032],[129.729719,33.075352],[129.713823,33.071107],[129.718995,33.081805],[129.708607,33.087906],[129.706464,33.07848],[129.700651,33.090943],[129.677338,33.099292],[129.678536,33.085961],[129.66161,33.077036],[129.678089,33.07755],[129.659898,33.069887],[129.678383,33.062432],[129.66226,33.061071],[129.659925,33.039491],[129.64694,33.037422],[129.648343,33.017663],[129.661825,33.000451],[129.651238,32.998963],[129.651971,32.986714],[129.642517,32.994982],[129.626853,32.97814],[129.632836,32.963726],[129.626565,32.957564],[129.635216,32.951053],[129.624842,32.952322],[129.638592,32.947598],[129.633726,32.92546],[129.639776,32.925833],[129.638923,32.918171],[129.6422639,32.9326803],[129.650751,32.931718],[129.6625848,32.9162997],[129.659503,32.9102018],[129.679979,32.879573],[129.675152,32.881332],[129.677651,32.867301],[129.701945,32.839976],[129.701722,32.831086],[129.718148,32.833483],[129.719449,32.821992],[129.737609,32.805593],[129.7459496,32.8220962],[129.7582089,32.8155198],[129.7624368,32.823417],[129.7686191,32.8150279],[129.7770955,32.8189785],[129.76539,32.799981],[129.801982,32.776578],[129.791563,32.76596],[129.8074455,32.7544902],[129.8093292,32.7616204],[129.8149208,32.7577619],[129.804787,32.744177],[129.8162399,32.7378523],[129.8244167,32.748304],[129.829744,32.744064],[129.831138,32.733262],[129.814954,32.717911],[129.836197,32.720449],[129.8401793,32.729747],[129.8455931,32.7200977],[129.859706,32.745204],[129.8726907,32.750584],[129.8576033,32.7266212],[129.8611424,32.722006],[129.8525933,32.7215491],[129.8497157,32.7049643],[129.8429016,32.7056795],[129.846596,32.697937],[129.8332811,32.6974688],[129.8366919,32.6887159],[129.828955,32.6862441],[129.8200082,32.6951262],[129.8282721,32.7015097],[129.8179682,32.7059258],[129.8287952,32.7029498],[129.830075,32.7083416],[129.817734,32.706427],[129.805309,32.690794],[129.792537,32.694959],[129.790652,32.687834],[129.802857,32.677629],[129.811022,32.687692],[129.820507,32.684858],[129.817207,32.654651],[129.802645,32.648274],[129.7803816,32.6038736],[129.753223,32.59257],[129.758204,32.588156],[129.752735,32.581402],[129.750153,32.592503],[129.735758,32.580972],[129.738774,32.569518],[129.764682,32.583196],[129.781413,32.571623],[129.7796461,32.5827737],[129.804431,32.590734],[129.837812,32.621069],[129.8390529,32.6413901],[129.871678,32.644183],[129.872862,32.651302],[129.895756,32.66166],[129.914503,32.693716],[129.913229,32.712563],[129.925392,32.707709],[129.929237,32.723015],[129.934064,32.717581],[129.956618,32.74224],[129.949466,32.760394],[129.9805634,32.7635381],[129.991186,32.75352],[129.99877,32.761985],[130.024365,32.758423],[130.084069,32.794912],[130.127329,32.787901],[130.1451,32.79648],[130.179095,32.794552],[130.193147,32.782942],[130.184294,32.763183],[130.20796,32.752962],[130.206529,32.727449],[130.171679,32.702057],[130.171326,32.692215],[130.159868,32.693984],[130.158422,32.685428],[130.142225,32.67789],[130.125767,32.687666],[130.133127,32.678679],[130.129556,32.640755],[130.168319,32.621115],[130.174918,32.606928],[130.165716,32.597774],[130.168402,32.591063],[130.197751,32.60101],[130.18707,32.611535],[130.203916,32.604133],[130.232235,32.611056],[130.237992,32.626087],[130.259423,32.633256],[130.255154,32.63954],[130.266034,32.648361],[130.259248,32.652657],[130.302478,32.651891],[130.355123,32.682304],[130.358202,32.693307],[130.345678,32.708484],[130.376647,32.739942],[130.369098,32.764408],[130.381792,32.779766],[130.37208,32.786236],[130.380232,32.784219],[130.341164,32.854759],[130.294546,32.879574],[130.261121,32.871522],[130.243213,32.875454],[130.20918,32.853384],[130.195168,32.848024],[130.188994,32.853503],[130.19175,32.848879],[130.180988,32.843176],[130.162789,32.843713],[130.142473,32.857507],[130.142497,32.868927],[130.120498,32.880631],[130.153833,32.896697],[130.166978,32.915193],[130.185082,32.9142],[130.191667,32.93001],[130.20143,32.929011],[130.20364990081376,32.9570621059162],[130.1500921,32.962591],[130.1439111,32.97171],[130.0886821,32.974032],[130.0760481,32.987569],[130.0598651,32.986586],[130.0280141,33.012446],[130.0279691,33.020023],[130.0149521,33.017479],[130.0008341,33.025872],[129.9963861,33.044847],[129.9828731,33.057116],[129.9395931,33.072886],[129.9333351,33.088105],[129.922357,33.090493],[129.9266211,33.107642],[129.9513861,33.109986],[129.9566651,33.118043],[129.9433161,33.164489],[129.8879141,33.156175],[129.8527031,33.176853],[129.8378012,33.173255],[129.8171482,33.184536],[129.8068972,33.211169],[129.8144522,33.242265],[129.7589672,33.290851],[129.7766172,33.332994],[129.792959,33.344572],[129.788694,33.371624],[129.776095,33.372092],[129.7667127,33.3520635],[129.745399,33.367185],[129.725722,33.350954],[129.704789,33.346645],[129.693211,33.351149],[129.697066,33.361347],[129.678024,33.351436],[129.668375,33.362773],[129.67413,33.38539],[129.685742,33.387465],[129.672518,33.39962],[129.657348,33.377537],[129.659551,33.367238],[129.631754,33.371279],[129.630592,33.360747],[129.618455,33.376423],[129.60575,33.368441],[129.598933,33.374037],[129.592236,33.369441],[129.597523,33.3814],[129.569355,33.377717],[129.577824,33.362776],[129.571659,33.345656],[129.576038,33.332291],[129.563242,33.33312],[129.562189,33.324534],[129.587172,33.304713],[129.612015,33.316135],[129.622513,33.31001],[129.606606,33.31184],[129.590779,33.291077],[129.583862,33.29207],[129.592275,33.276891],[129.579926,33.265875],[129.580895,33.279775],[129.571865,33.273929],[129.575006,33.267633],[129.568705,33.266347],[129.577367,33.262633],[129.57212,33.257661],[129.56784,33.263303],[129.566019,33.247646],[129.556012,33.245311],[129.562567,33.239872],[129.566429,33.245165],[129.568614,33.22934],[129.552633,33.217725]]],[[[129.728924,33.10032],[129.739668,33.078548],[129.744585,33.08369],[129.74985,33.075955],[129.7397,33.071783],[129.741527,33.062937],[129.75646,33.06423],[129.755517,33.054776],[129.767461,33.050131],[129.764657,33.058468],[129.781489,33.061744],[129.75768,33.080696],[129.758784,33.089287],[129.769887,33.100157],[129.765948,33.076694],[129.7933253,33.0825498],[129.7864593,33.1041652],[129.794665,33.112644],[129.794084,33.137463],[129.76607,33.143277],[129.758296,33.131347],[129.773557,33.126043],[129.758189,33.128146],[129.760761,33.113832],[129.750943,33.125046],[129.74375,33.121606],[129.754298,33.100084],[129.728924,33.10032]]],[[[129.587142,33.035691],[129.587504,33.027843],[129.609387,33.022127],[129.612839,33.034111],[129.620472,33.030617],[129.629109,33.039772],[129.623178,33.041903],[129.634649,33.050827],[129.630059,33.047022],[129.627617,33.057947],[129.638469,33.060214],[129.6087803,33.0656211],[129.609727,33.053482],[129.603285,33.057101],[129.587142,33.035691]]],[[[129.069591,33.2707],[129.073705,33.258799],[129.083904,33.265209],[129.096989,33.248139],[129.118507,33.245225],[129.13131,33.250011],[129.131984,33.262993],[129.156849,33.271941],[129.140318,33.278137],[129.141659,33.296102],[129.128186,33.303228],[129.122094,33.28874],[129.091821,33.287566],[129.069591,33.2707]]],[[[129.114921,33.20797],[129.124655,33.188825],[129.124173,33.163032],[129.132317,33.158516],[129.131357,33.1853],[129.143599,33.192169],[129.122965,33.213704],[129.114921,33.20797]]],[[[129.028373,33.200978],[129.046693,33.195972],[129.049658,33.182802],[129.061958,33.185081],[129.063841,33.194934],[129.088979,33.186073],[129.094409,33.192551],[129.081973,33.196356],[129.079788,33.208087],[129.09953,33.211551],[129.088007,33.215006],[129.067601,33.206751],[129.053779,33.212546],[129.057125,33.219941],[129.046472,33.219369],[129.043174,33.205071],[129.038501,33.211137],[129.028373,33.200978]]],[[[129.795959,33.412272],[129.812838,33.4026],[129.807499,33.392955],[129.813824,33.383046],[129.807854,33.381846],[129.814575,33.36661],[129.803529,33.362319],[129.81226,33.34829],[129.822407,33.360409],[129.818585,33.365669],[129.836491,33.362484],[129.842515,33.366447],[129.836813,33.371261],[129.847188,33.367366],[129.859887,33.378589],[129.843246,33.387766],[129.837437,33.379987],[129.828694,33.390619],[129.832911,33.404929],[129.795959,33.412272]]],[[[129.397362,33.360603],[129.415811,33.350925],[129.435911,33.355907],[129.429975,33.379105],[129.436904,33.395379],[129.42789,33.422117],[129.437251,33.431323],[129.434912,33.442563],[129.420569,33.4322],[129.421678,33.408626],[129.397362,33.360603]]],[[[129.34851,33.182294],[129.370179,33.16926],[129.393796,33.173386],[129.433993,33.190926],[129.45232,33.213652],[129.463535,33.213809],[129.504717,33.269412],[129.489531,33.27775],[129.488258,33.287209],[129.476744,33.28797],[129.492782,33.29067],[129.494969,33.282552],[129.51001,33.287655],[129.500249,33.300619],[129.527368,33.302947],[129.532104,33.311382],[129.51374,33.330311],[129.544335,33.330769],[129.545682,33.348706],[129.570169,33.357967],[129.553139,33.368976],[129.562921,33.381613],[129.553867,33.390091],[129.561886,33.391574],[129.555001,33.40933],[129.517844,33.400084],[129.527514,33.3942],[129.517809,33.391257],[129.521941,33.386883],[129.542067,33.390395],[129.552275,33.381145],[129.541397,33.372527],[129.52468,33.380153],[129.531794,33.36782],[129.52301,33.353672],[129.513695,33.356782],[129.522082,33.375706],[129.512209,33.381737],[129.498623,33.35543],[129.43747,33.347983],[129.442933,33.325022],[129.432527,33.314386],[129.447109,33.291668],[129.424033,33.290686],[129.427316,33.279947],[129.405945,33.27887],[129.403684,33.265374],[129.412192,33.260689],[129.405637,33.254698],[129.410479,33.248953],[129.427645,33.24707],[129.4231,33.241117],[129.434937,33.235738],[129.427705,33.232227],[129.420292,33.239561],[129.423904,33.225977],[129.411303,33.239149],[129.398252,33.23987],[129.382272,33.227631],[129.380416,33.207989],[129.393091,33.196958],[129.406672,33.197831],[129.400418,33.180548],[129.37319,33.184476],[129.371535,33.191157],[129.366155,33.186882],[129.369976,33.192214],[129.356483,33.207543],[129.351603,33.202509],[129.358463,33.188935],[129.34851,33.182294]]]]}},{"type":"Feature","id":"JP-29","properties":{"name":"Nara","shapeName":"Nara Prefecture","shapeISO":"JP-29","shapeID":"47310658B6129583352403","shapeGroup":"JPN","shapeType":"ADM1"},"geometry":{"type":"Polygon","coordinates":[[[135.539844,34.075182],[135.567062,34.057346],[135.58049,34.05791],[135.59966,34.032019],[135.593849,34.012981],[135.622193,34.009668],[135.638676,33.985149],[135.637231,33.950649],[135.616932,33.953816],[135.61053,33.913328],[135.600004,33.908438],[135.606203,33.899119],[135.622872,33.897959],[135.626567,33.883361],[135.617964,33.872064],[135.647988,33.876898],[135.662204,33.889083],[135.660604,33.897566],[135.685958,33.903955],[135.72411,33.903288],[135.756115,33.885165],[135.80168,33.895707],[135.808603,33.906468],[135.851328,33.894316],[135.85309,33.877325],[135.862122,33.876549],[135.862186,33.862721],[135.872169,33.858956],[135.882688,33.878871],[135.871441,33.888731],[135.861094,33.887142],[135.865859,33.922072],[135.880428,33.917786],[135.88505,33.906919],[135.894967,33.906319],[135.893945,33.920279],[135.909084,33.918474],[135.892449,33.945824],[135.926563,33.981447],[135.941404,33.97569],[135.975046,33.98613],[136.001059,34.005985],[136.018379,34.035831],[136.031728,34.031867],[136.037502,34.040924],[136.052522,34.032126],[136.104089,34.025821],[136.092032,34.048335],[136.093309,34.082875],[136.118661,34.082364],[136.102264,34.09614],[136.107866,34.103196],[136.099404,34.118852],[136.108427,34.12686],[136.105625,34.152385],[136.114738,34.159981],[136.104505,34.173415],[136.109008,34.184996],[136.092652,34.190183],[136.097576,34.202472],[136.118245,34.21428],[136.109688,34.228103],[136.130306,34.242873],[136.131849,34.251896],[136.118064,34.260596],[136.120548,34.270172],[136.097829,34.288822],[136.094904,34.301451],[136.129505,34.316174],[136.102105,34.336362],[136.089361,34.374344],[136.069141,34.394257],[136.090265,34.416042],[136.088654,34.428633],[136.095898,34.435222],[136.129669,34.445505],[136.151437,34.441853],[136.158427,34.449078],[136.206248,34.448677],[136.21556,34.481153],[136.229864,34.492871],[136.214667,34.501312],[136.215207,34.528955],[136.182117,34.516751],[136.167522,34.519981],[136.171,34.53745],[136.155499,34.559731],[136.13806,34.560957],[136.114278,34.545893],[136.11015,34.556714],[136.083624,34.559115],[136.049806,34.580206],[136.046568,34.600557],[136.073565,34.634813],[136.064846,34.651564],[136.039552,34.661396],[136.064409,34.651926],[136.077781,34.658761],[136.086465,34.675347],[136.074933,34.697864],[136.053706,34.704488],[136.071079,34.714754],[136.055476,34.738556],[136.043004,34.73611],[136.028765,34.706314],[136.013866,34.707799],[136.009322,34.716614],[135.986255,34.715195],[135.976109,34.741141],[135.958649,34.740262],[135.954775,34.748298],[135.942896,34.737492],[135.925569,34.740339],[135.924417,34.757672],[135.897386,34.730872],[135.890171,34.708316],[135.876137,34.713877],[135.851038,34.705754],[135.791396,34.724882],[135.755514,34.727532],[135.756956,34.736116],[135.733202,34.754879],[135.728635,34.777998],[135.709749,34.780372],[135.710216,34.753871],[135.696793,34.743695],[135.704136,34.723781],[135.673019,34.701636],[135.678705,34.677759],[135.664321,34.651295],[135.659097,34.614818],[135.650121,34.607833],[135.675694,34.601739],[135.681744,34.584862],[135.656923,34.56228],[135.650285,34.544112],[135.659497,34.543891],[135.662287,34.530041],[135.677144,34.525162],[135.67302,34.502788],[135.684726,34.485416],[135.686978,34.451461],[135.678979,34.432761],[135.664285,34.423227],[135.680093,34.409199],[135.676227,34.400241],[135.651129,34.383206],[135.663525,34.355444],[135.658954,34.332877],[135.668935,34.322904],[135.672684,34.281571],[135.680806,34.270616],[135.692469,34.278272],[135.716215,34.265582],[135.730204,34.228399],[135.708034,34.208197],[135.677694,34.223436],[135.641315,34.213701],[135.634131,34.198274],[135.644903,34.188457],[135.620603,34.168521],[135.621918,34.158422],[135.590321,34.148667],[135.578436,34.115814],[135.547372,34.100395],[135.549793,34.084985],[135.539844,34.075182]]]}},{"type":"Feature","id":"JP-15","properties":{"name":"Niigata","shapeName":"Niigata","shapeISO":"JP-15","shapeID":"47310658B84734951454670","shapeGroup":"JPN","shapeType":"ADM1"},"geometry":{"type":"MultiPolygon","coordinates":[[[[137.63498198547947,36.979749090640965],[137.6665,36.95024],[137.711292,36.944089],[137.720451,36.926691],[137.713512,36.891439],[137.734124,36.868833],[137.730076,36.826427],[137.749322,36.809577],[137.749497,36.780191],[137.762439,36.766156],[137.819977,36.798223],[137.857874,36.852754],[137.876452,36.866208],[137.861547,36.891066],[137.871611,36.901109],[137.862076,36.907683],[137.867657,36.915747],[137.893254,36.909961],[137.920604,36.920027],[137.948484,36.912784],[137.95786,36.902798],[137.969569,36.910814],[138.013732,36.904022],[138.015677,36.893097],[138.031154,36.89128],[138.03249,36.880969],[138.013669,36.860434],[138.020224,36.842393],[138.003456,36.826415],[138.033791,36.808834],[138.051514,36.807643],[138.054146,36.800078],[138.070697,36.805301],[138.08157,36.830074],[138.112388,36.849495],[138.168853,36.84504],[138.203379,36.85714],[138.213782,36.871151],[138.235002,36.863719],[138.254702,36.870022],[138.27164,36.855463],[138.271832,36.842626],[138.287607,36.845707],[138.296104,36.855784],[138.288522,36.868951],[138.299362,36.886722],[138.290283,36.896812],[138.29632,36.910821],[138.317564,36.925186],[138.343199,36.920798],[138.394675,36.997177],[138.455125,37.019616],[138.490727,37.019925],[138.51408,37.029687],[138.536504,37.020927],[138.565882,37.02126],[138.586657,36.988246],[138.582918,36.928687],[138.592079,36.925349],[138.588758,36.913972],[138.621009,36.904082],[138.617766,36.892041],[138.625419,36.882446],[138.681517,36.865424],[138.693197,36.854817],[138.690201,36.832664],[138.679581,36.821051],[138.695841,36.807941],[138.686691,36.790341],[138.668986,36.778816],[138.688084,36.765747],[138.695926,36.738513],[138.704969,36.736554],[138.721868,36.749691],[138.727022,36.764169],[138.789414,36.744874],[138.795339,36.758137],[138.821339,36.764062],[138.831757,36.7939],[138.821738,36.817627],[138.856439,36.811644],[138.881884,36.825786],[138.929061,36.832644],[138.916012,36.850839],[138.923142,36.8836],[138.940628,36.895159],[138.971463,36.887214],[138.979524,36.89178],[138.976684,36.920791],[138.96665,36.931154],[138.966547,36.979076],[139.047381,36.987294],[139.091123,37.019734],[139.097008,37.0586272],[139.122941,37.047145],[139.131898,37.025729],[139.170987,37.00198],[139.179593,36.990387],[139.175208,36.973297],[139.182722,36.961718],[139.206047,36.955863],[139.228707,36.961199],[139.237945,36.946572],[139.2318734,36.9404618],[139.241612,36.94155],[139.251154,36.962032],[139.247168,36.980486],[139.255657,36.988749],[139.243358,37.015136],[139.260318,37.047691],[139.235126,37.110519],[139.253837,37.164973],[139.243207,37.170381],[139.244421,37.1816],[139.220656,37.209179],[139.196575,37.19403],[139.164748,37.237427],[139.174739,37.256436],[139.212312,37.286241],[139.224277,37.319986],[139.217859,37.334152],[139.233617,37.343603],[139.238048,37.372632],[139.231492,37.387879],[139.212124,37.392096],[139.197391,37.411096],[139.208423,37.416792],[139.207522,37.42891],[139.223576,37.449172],[139.283956,37.449911],[139.304789,37.458841],[139.345717,37.460247],[139.362539,37.46997],[139.397501,37.459841],[139.406318,37.466048],[139.411234,37.505165],[139.429201,37.514663],[139.457187,37.51787],[139.476103,37.502556],[139.485782,37.510279],[139.523425,37.514541],[139.564737,37.501676],[139.585093,37.512899],[139.590535,37.528034],[139.578695,37.530019],[139.565725,37.546112],[139.572371,37.57035],[139.564974,37.597386],[139.548527,37.609638],[139.546027,37.628893],[139.555291,37.641082],[139.54928,37.64904],[139.596407,37.665866],[139.609399,37.684273],[139.62719,37.688286],[139.62405,37.710189],[139.649599,37.729064],[139.657874,37.755009],[139.721607,37.809425],[139.741491,37.817715],[139.714635,37.852924],[139.680815,37.846953],[139.657117,37.86354],[139.656688,37.871742],[139.629303,37.89366],[139.624791,37.918071],[139.642974,37.946677],[139.639329,37.985522],[139.643643,37.995271],[139.654443,37.997027],[139.654659,38.035168],[139.680055,38.043166],[139.69271,38.057031],[139.68615,38.065041],[139.691787,38.075063],[139.671318,38.076877],[139.682655,38.108077],[139.693878,38.115804],[139.692248,38.148661],[139.682251,38.17179],[139.696212,38.185466],[139.699174,38.203176],[139.721609,38.205869],[139.754879,38.193102],[139.76395,38.198957],[139.786349,38.192247],[139.810937,38.211519],[139.857929,38.22967],[139.876421,38.261626],[139.899887,38.275809],[139.898924,38.293031],[139.879218,38.303522],[139.848919,38.342851],[139.827679,38.344746],[139.816475,38.356016],[139.790611,38.348771],[139.770706,38.352909],[139.732384,38.371604],[139.722619,38.393847],[139.709789,38.386769],[139.703374,38.400222],[139.717193,38.421327],[139.720117,38.450696],[139.711381,38.476805],[139.725131,38.485249],[139.721749,38.49623],[139.693146,38.506802],[139.653049,38.506972],[139.621199,38.525588],[139.599814,38.522064],[139.54782284756698,38.55296308701724],[139.548211,38.539935],[139.517829,38.504884],[139.49695,38.45691],[139.483015,38.445451],[139.4822,38.432744],[139.457276,38.39754],[139.449301,38.276348],[139.440249,38.246251],[139.450343,38.238474],[139.420318,38.186035],[139.432131,38.189898],[139.423541,38.185858],[139.429066,38.179954],[139.368946,38.100308],[139.277868,38.02348],[139.251324,38.007543],[139.241668,38.009601],[139.24765,38.004676],[139.225002,38.000947],[139.230524,37.980744],[139.245677,37.971643],[139.231885,37.965404],[139.22198,37.970393],[139.228348,37.97561],[139.214809,37.993741],[139.22914,38.016216],[139.202126,37.982882],[139.1323041,37.9616748],[139.069654,37.952933],[139.072299,37.946121],[139.052207,37.9434186],[139.0049455,37.9092644],[138.879002,37.845606],[138.842846,37.817575],[138.819766,37.794366],[138.800378,37.757041],[138.7760513,37.6678545],[138.768855,37.650934],[138.759653,37.6483878],[138.766918,37.6441571],[138.748322,37.606045],[138.7121064,37.5576669],[138.6810067,37.5429231],[138.629791,37.486914],[138.617378,37.484132],[138.606388,37.451393],[138.59095,37.439343],[138.598078,37.439804],[138.591559,37.42491],[138.58593,37.44199],[138.586848,37.419416],[138.543492,37.368267],[138.489065,37.352631],[138.446603,37.324289],[138.436455,37.324723],[138.331777,37.236599],[138.2761003,37.1983215],[138.2521459,37.1909099],[138.2493925,37.1825163],[138.2566651,37.2083432],[138.233611,37.175037],[138.151057,37.161257],[138.09635,37.172956],[138.05037,37.137289],[138.04756,37.127208],[138.020938,37.114425],[137.999557,37.109071],[137.997947,37.114586],[137.913871,37.061444],[137.836475,37.039421],[137.845966,37.0498],[137.81278,37.030058],[137.63498198547947,36.979749090640965]]],[[[138.203757,37.822886],[138.217809,37.816643],[138.215849,37.810029],[138.244316,37.802392],[138.273268,37.815525],[138.285942,37.810815],[138.281054,37.816048],[138.305374,37.827029],[138.344279,37.824953],[138.50008,37.920302],[138.503034,37.944626],[138.574568,38.062731],[138.572586,38.07865],[138.563168,38.088069],[138.481355,38.062083],[138.444009,38.075322],[138.434179,38.088407],[138.435177,38.115281],[138.449707,38.145847],[138.492798,38.203615],[138.49243,38.221357],[138.509836,38.26549],[138.51223,38.314648],[138.522019,38.323884],[138.514962,38.332055],[138.485062,38.331886],[138.458194,38.321834],[138.463708,38.314067],[138.440891,38.289473],[138.444255,38.277641],[138.435233,38.260177],[138.408626,38.248462],[138.401949,38.254577],[138.362401,38.212102],[138.338537,38.197911],[138.324342,38.19856],[138.290257,38.134253],[138.2686,38.120731],[138.272795,38.116527],[138.261044,38.097249],[138.242499,38.08747],[138.23975,38.080541],[138.24794,38.076256],[138.232878,38.061863],[138.238403,38.027769],[138.22073,38.022049],[138.234524,38.004262],[138.234711,37.983734],[138.227082,37.979654],[138.255031,37.964774],[138.274516,38.002926],[138.298318,38.007357],[138.340152,37.979556],[138.342238,37.96176],[138.284616,37.919461],[138.278365,37.907355],[138.289292,37.897666],[138.289847,37.885461],[138.269201,37.847841],[138.246526,37.837952],[138.216601,37.837628],[138.203757,37.822886]]],[[[139.213837,38.438346],[139.222795,38.435976],[139.24515,38.450401],[139.264227,38.488926],[139.25518,38.491207],[139.231741,38.463822],[139.224494,38.46503],[139.225271,38.44892],[139.213837,38.438346]]]]}},{"type":"Feature","id":"JP-44","properties":{"name":"Oita","shapeName":"Oita","shapeISO":"JP-44","shapeID":"47310658B53666900505284","shapeGroup":"JPN","shapeType":"ADM1"},"geometry":{"type":"MultiPolygon","coordinates":[[[[131.631051,33.718546],[131.6671603,33.7168627],[131.6903744,33.7323533],[131.701584,33.7302],[131.667474,33.740213],[131.6487229,33.7255492],[131.642689,33.732968],[131.631051,33.718546]]],[[[131.910353,32.987904],[131.924704,32.98046],[131.945213,32.996],[131.926207,32.996911],[131.943544,33.016061],[131.919707,33.012862],[131.917367,33.003878],[131.924294,33.006773],[131.924671,32.99971],[131.910353,32.987904]]],[[[130.824852,33.253421],[130.8262622,33.2367619],[130.8594041,33.229521],[130.8364892,33.210599],[130.8874971,33.186479],[130.8735922,33.168426],[130.8796461,33.152985],[130.8707281,33.146583],[130.8616481,33.1175259],[130.839823,33.1040521],[130.8430711,33.093822],[130.886197,33.087455],[130.897191,33.065418],[130.915851,33.053485],[130.94682,33.052833],[130.970272,33.023761],[130.990851,33.02382],[131.014536,33.047566],[131.017743,33.063691],[131.010782,33.070948],[131.02405,33.087542],[130.978332,33.1409],[130.984402,33.142401],[130.982058,33.15742],[130.992218,33.183203],[131.015543,33.177453],[131.038846,33.194133],[131.06002,33.195174],[131.103304,33.187233],[131.161217,33.140767],[131.174548,33.083084],[131.18576,33.0739],[131.193301,33.077546],[131.216097,33.054201],[131.223625,33.017164],[131.247303,32.995871],[131.247125,32.98253],[131.26351,32.976558],[131.245981,32.960002],[131.252989,32.956067],[131.245803,32.939675],[131.264168,32.879127],[131.273393,32.881677],[131.273438,32.870996],[131.314406,32.850802],[131.327463,32.833491],[131.343812,32.831101],[131.357317,32.804536],[131.421209,32.811916],[131.43697,32.828626],[131.475256,32.837242],[131.517466,32.800804],[131.508745,32.784113],[131.511286,32.770331],[131.536617,32.758703],[131.568361,32.754081],[131.592512,32.775314],[131.668859,32.766593],[131.711142,32.772378],[131.728977,32.79869],[131.735728,32.831102],[131.767017,32.83894],[131.787272,32.833645],[131.793901,32.821945],[131.824428,32.829927],[131.8345,32.819698],[131.858975,32.820963],[131.860078,32.806071],[131.844209,32.776641],[131.849805,32.755958],[131.844124,32.747656],[131.847009,32.73593],[131.873544,32.740448],[131.885921,32.748214],[131.872188,32.750658],[131.879693,32.7623],[131.868447,32.773798],[131.877206,32.779929],[131.8732882,32.7897289],[131.879585,32.791588],[131.896258,32.764407],[131.897038,32.779558],[131.884745,32.791019],[131.889851,32.804678],[131.89963,32.802149],[131.896577,32.787071],[131.902729,32.784948],[131.907256,32.794123],[131.920181,32.785236],[131.917309,32.7964],[131.925274,32.801069],[131.923475,32.794169],[131.936439,32.784425],[131.947591,32.794694],[131.947218,32.806262],[131.963722,32.805408],[131.963202,32.794312],[131.971496,32.791805],[131.973415,32.806501],[132.007974,32.826631],[132.010341,32.834816],[131.985992,32.846288],[131.974758,32.844553],[131.987191,32.832527],[131.983102,32.825246],[131.963209,32.83834],[131.963022,32.8187],[131.957479,32.836733],[131.942224,32.834819],[131.956557,32.84106],[131.949697,32.854938],[131.961641,32.846845],[131.975371,32.856865],[131.974872,32.867896],[131.984585,32.862746],[132.00103,32.885788],[132.015581,32.890565],[131.995565,32.899739],[131.986258,32.889359],[131.984743,32.912423],[131.97593,32.922062],[131.989759,32.924137],[131.995965,32.911606],[132.009636,32.905817],[132.008697,32.925192],[132.017433,32.923469],[132.027034,32.935781],[132.038989,32.93538],[132.044879,32.926168],[132.054228,32.939899],[132.085329,32.932993],[132.081401,32.943916],[132.058427,32.945587],[132.050846,32.953839],[132.044068,32.947068],[132.033228,32.95403],[132.033944,32.93969],[132.003713,32.932322],[131.996864,32.938122],[132.002446,32.9592],[131.989658,32.953976],[131.993224,32.947432],[131.982346,32.93927],[131.971854,32.946524],[131.975059,32.963729],[131.968468,32.952938],[131.960153,32.960147],[131.9599,32.945561],[131.948894,32.959375],[131.938223,32.952228],[131.929553,32.963565],[131.927052,32.95471],[131.921692,32.956363],[131.927671,32.974923],[131.91368,32.97107],[131.88945,32.991373],[131.898564,33.00676],[131.905385,32.994945],[131.901071,33.010152],[131.922795,33.026374],[131.920775,33.043406],[131.929739,33.052581],[131.975709,33.046196],[132.017924,33.059579],[132.005913,33.061364],[131.995621,33.079787],[132.002802,33.09629],[131.987685,33.090787],[131.989619,33.069181],[131.974037,33.062141],[131.966289,33.073395],[131.942968,33.069455],[131.936656,33.082641],[131.940702,33.096863],[131.928873,33.091754],[131.934905,33.083402],[131.932954,33.074744],[131.923754,33.074378],[131.929344,33.067372],[131.912571,33.066515],[131.911053,33.082596],[131.901662,33.075302],[131.885071,33.084443],[131.885733,33.072852],[131.858869,33.077364],[131.867879,33.083469],[131.852531,33.088423],[131.869233,33.09039],[131.880627,33.109567],[131.901006,33.110159],[131.897406,33.116252],[131.915524,33.12505],[131.90124,33.127274],[131.90132,33.13459],[131.883248,33.121738],[131.86915,33.131137],[131.843438,33.1143],[131.83134,33.126309],[131.809193,33.12112],[131.8107475,33.1273203],[131.798359,33.127112],[131.8285628,33.1502187],[131.8287708,33.1608527],[131.8218048,33.1543517],[131.8215378,33.1610047],[131.832826,33.181102],[131.869093,33.201305],[131.860607,33.203909],[131.877199,33.2245],[131.871155,33.233118],[131.875838,33.244527],[131.892121,33.245518],[131.903169,33.267664],[131.867756,33.259589],[131.874424,33.249472],[131.856325,33.255783],[131.806074,33.241921],[131.771522,33.241057],[131.778815,33.253133],[131.773002,33.244858],[131.754737,33.252484],[131.7593563,33.2402017],[131.718673,33.266329],[131.712848,33.259851],[131.715349,33.268368],[131.6920861,33.2794647],[131.614349,33.262013],[131.5894584,33.2457495],[131.5091694,33.2711287],[131.50267,33.321894],[131.494457,33.328079],[131.498925,33.360294],[131.52421,33.36779],[131.538908,33.365612],[131.549833,33.350172],[131.596799,33.349819],[131.596949,33.37181],[131.643931,33.375257],[131.649963,33.383915],[131.628091,33.41036],[131.634593,33.415812],[131.631677,33.425833],[131.671295,33.418585],[131.661276,33.409178],[131.703053,33.4071],[131.725914,33.465191],[131.734456,33.473238],[131.739556,33.466344],[131.73893,33.493943],[131.732347,33.488154],[131.729062,33.500916],[131.745147,33.542586],[131.733399,33.58045],[131.718587,33.604036],[131.703872,33.608687],[131.692966,33.640189],[131.679528,33.643778],[131.661808,33.670398],[131.647188,33.662295],[131.650602,33.672445],[131.63581,33.682271],[131.625775,33.669323],[131.629926,33.67435],[131.620198,33.680661],[131.616138,33.674962],[131.60725,33.678672],[131.607516,33.686903],[131.585917,33.692567],[131.573596,33.686719],[131.575545,33.675069],[131.564377,33.671451],[131.560694,33.686862],[131.544057,33.676675],[131.522946,33.684492],[131.529431,33.673118],[131.499705,33.671259],[131.497002,33.663748],[131.506792,33.656492],[131.495358,33.654582],[131.496665,33.644195],[131.485409,33.647697],[131.469739,33.614414],[131.462342,33.619175],[131.424035,33.591825],[131.430723,33.5680793],[131.3753,33.580036],[131.339693,33.571364],[131.323014,33.583076],[131.282186,33.580129],[131.254223,33.599185],[131.257715,33.612445],[131.232802,33.601343],[131.1887928,33.6196343],[131.1723422,33.583033],[131.189801,33.562257],[131.188516,33.547787],[131.1662752,33.527357],[131.177274,33.507174],[131.075701,33.505297],[131.0441382,33.51003],[131.0358132,33.519082],[131.015343,33.50911],[130.9728911,33.505519],[130.9424182,33.485642],[130.9262861,33.457624],[130.8949211,33.446155],[130.8863502,33.379696],[130.8626812,33.3768941],[130.8611581,33.361657],[130.8353482,33.343546],[130.8572991,33.326901],[130.8663481,33.292112],[130.8520742,33.277469],[130.8680481,33.264078],[130.824852,33.253421]]]]}},{"type":"Feature","id":"JP-33","properties":{"name":"Okayama","shapeName":"Okayama Prefecture","shapeISO":"JP-33","shapeID":"47310658B14484689696833","shapeGroup":"JPN","shapeType":"ADM1"},"geometry":{"type":"MultiPolygon","coordinates":[[[[133.516484,34.386242],[133.545202,34.366684],[133.560248,34.370377],[133.559963,34.376788],[133.545092,34.377292],[133.557726,34.396133],[133.551977,34.392993],[133.5422794,34.4022071],[133.516484,34.386242]]],[[[134.274702,34.713598],[134.287063,34.713187],[134.281906,34.706706],[134.290037,34.706199],[134.305725,34.715294],[134.316389,34.702891],[134.326232,34.712285],[134.341726,34.703162],[134.347161,34.709221],[134.335079,34.722418],[134.322869,34.7141],[134.296974,34.730343],[134.286483,34.718118],[134.27657,34.721584],[134.274702,34.713598]]],[[[133.266793,35.052967],[133.321757,35.006145],[133.320173,34.983637],[133.303118,34.972136],[133.297262,34.956004],[133.309446,34.937045],[133.295191,34.895726],[133.331336,34.855668],[133.335956,34.834792],[133.352986,34.830643],[133.378086,34.80836],[133.369687,34.789161],[133.376847,34.781753],[133.361847,34.7556],[133.370378,34.746859],[133.358201,34.733273],[133.369779,34.722761],[133.374175,34.695357],[133.38666,34.684892],[133.382749,34.680285],[133.403378,34.671922],[133.384686,34.616835],[133.397006,34.594884],[133.422182,34.586569],[133.426733,34.569145],[133.446214,34.556338],[133.454389,34.531506],[133.444943,34.505886],[133.456442,34.499929],[133.446088,34.483753],[133.455294,34.477384],[133.4562516,34.4545373],[133.484374,34.465961],[133.490361,34.45994],[133.473248,34.45068],[133.473653,34.441395],[133.489107,34.441174],[133.501382,34.451867],[133.527468,34.453862],[133.526972,34.47129],[133.486781,34.514169],[133.509432,34.499798],[133.518794,34.478551],[133.529537,34.477153],[133.540293,34.461311],[133.576223,34.465575],[133.601844,34.473491],[133.588766,34.482401],[133.601736,34.495031],[133.617231,34.491187],[133.627599,34.501977],[133.648778,34.503948],[133.648076,34.512118],[133.664982,34.519127],[133.669342,34.54091],[133.666617,34.526843],[133.677192,34.514805],[133.670193,34.5073],[133.690569,34.512319],[133.690783,34.519736],[133.679374,34.52453],[133.705488,34.526744],[133.704313,34.488175],[133.730404,34.483973],[133.740194,34.469852],[133.737109,34.490525],[133.718942,34.496334],[133.719036,34.503811],[133.735081,34.49853],[133.739726,34.524949],[133.748316,34.48952],[133.759642,34.486072],[133.758076,34.468653],[133.766613,34.472374],[133.781336,34.439664],[133.822385,34.42981],[133.807645,34.457891],[133.830214,34.475865],[133.831529,34.470232],[133.866603,34.467466],[133.880897,34.456385],[133.919263,34.449795],[133.927653,34.450923],[133.9266028,34.4576172],[133.934918,34.450913],[133.943436,34.456014],[133.934364,34.4732492],[133.9501961,34.4928983],[133.964858,34.495006],[133.9564814,34.5059694],[133.9594691,34.522727],[133.9793877,34.5328522],[134.003254,34.511512],[134.007138,34.51645],[133.99552,34.526149],[134.001069,34.545434],[134.031543,34.550728],[134.032008,34.571714],[134.047031,34.576498],[134.0288201,34.598796],[133.9738053,34.5943854],[133.959203,34.5836365],[133.9460229,34.5991396],[133.9523207,34.6027562],[133.957273,34.596852],[133.9816317,34.600189],[133.9809094,34.6067802],[133.9957822,34.6135282],[134.030058,34.604158],[134.041609,34.61241],[134.04746,34.597684],[134.063885,34.607817],[134.054179,34.586879],[134.083243,34.585955],[134.085919,34.58024],[134.138383,34.599509],[134.134109,34.616934],[134.141415,34.607793],[134.14885,34.619161],[134.170006,34.613505],[134.178662,34.629948],[134.187208,34.63133],[134.184112,34.636821],[134.173933,34.631319],[134.170558,34.65286],[134.191235,34.652037],[134.198526,34.659421],[134.189915,34.667098],[134.209933,34.66637],[134.204495,34.67531],[134.223199,34.680932],[134.212648,34.685515],[134.244938,34.698128],[134.235609,34.714859],[134.197463,34.707598],[134.214257,34.716215],[134.194605,34.716931],[134.20509,34.726556],[134.179435,34.733188],[134.18586,34.74296],[134.203984,34.730466],[134.2291843,34.7310872],[134.23245,34.723299],[134.225288,34.71976],[134.243699,34.715296],[134.268508,34.719059],[134.2649111,34.732524],[134.2712405,34.7261694],[134.2733672,34.7335498],[134.282969,34.729935],[134.292375,34.7382856],[134.312212,34.733813],[134.3217287816228,34.72194527297151],[134.323763,34.732252],[134.313027,34.738397],[134.321531,34.761709],[134.334831,34.769127],[134.3158278,34.7810408],[134.317099,34.801951],[134.287931,34.821559],[134.287446,34.828798],[134.2637982,34.826727],[134.265311,34.840448],[134.252738,34.851899],[134.267062,34.875388],[134.262839,34.884307],[134.294939,34.904077],[134.274842,34.931125],[134.254094,34.937657],[134.254326,34.946218],[134.276973,34.963204],[134.270885,34.983767],[134.286681,34.996112],[134.265762,35.004967],[134.264359,35.016561],[134.281591,35.037232],[134.316874,35.043529],[134.318924,35.083282],[134.350348,35.091037],[134.367393,35.146961],[134.411632,35.151962],[134.406141,35.165505],[134.411776,35.186019],[134.382993,35.194439],[134.382396,35.221582],[134.396939,35.227471],[134.402814,35.241024],[134.393294,35.252672],[134.37296,35.245802],[134.3689,35.231719],[134.336655,35.219603],[134.321218,35.201817],[134.278461,35.196871],[134.260472,35.210976],[134.221796,35.190451],[134.193474,35.189123],[134.189937,35.175865],[134.172448,35.169743],[134.152948,35.196284],[134.164184,35.227976],[134.137339,35.238655],[134.150579,35.257956],[134.137699,35.269346],[134.139797,35.278822],[134.115708,35.283546],[134.097759,35.305697],[134.070216,35.297274],[134.008119,35.308174],[133.999418,35.314802],[134.015509,35.334078],[134.0148062,35.3503909],[133.9976682,35.3528999],[133.9796892,35.3433759],[133.9696332,35.3478339],[133.9453212,35.3326159],[133.9341002,35.3351269],[133.9252222,35.3068989],[133.8621392,35.2925039],[133.8659432,35.2722589],[133.8445732,35.2494939],[133.8320762,35.2488319],[133.818023,35.252712],[133.800007,35.292649],[133.783573,35.294765],[133.745245,35.319513],[133.728902,35.316724],[133.697109,35.327144],[133.678351,35.318942],[133.649628,35.336215],[133.596799,35.345021],[133.576786,35.314414],[133.560769,35.246746],[133.534831,35.236717],[133.516749,35.240665],[133.505541,35.228172],[133.521601,35.210429],[133.526192,35.182926],[133.507974,35.193116],[133.447556,35.171296],[133.42218,35.176113],[133.415573,35.184724],[133.396462,35.180859],[133.393217,35.16769],[133.411224,35.138752],[133.411826,35.121146],[133.372952,35.112979],[133.354874,35.100771],[133.338222,35.106563],[133.325517,35.093469],[133.293136,35.101596],[133.290824,35.070944],[133.266793,35.052967]]]]}},{"type":"Feature","id":"JP-47","properties":{"name":"Okinawa","shapeName":"Okinawa Prefecture","shapeISO":"JP-47","shapeID":"47310658B31569081891025","shapeGroup":"JPN","shapeType":"ADM1"},"geometry":{"type":"MultiPolygon","coordinates":[[[[123.753078,24.053107],[123.793486,24.045733],[123.805315,24.04967],[123.810606,24.061838],[123.777095,24.071515],[123.754094,24.0628],[123.753078,24.053107]]],[[[123.990984,24.247028],[124.005589,24.220741],[124.02995,24.235804],[124.024034,24.250338],[124.000502,24.254306],[123.990984,24.247028]]],[[[122.933749,24.448737],[122.966779,24.437571],[122.984324,24.442951],[123.01088,24.436817],[123.043805,24.462222],[123.012716,24.473696],[122.974227,24.467096],[122.962639,24.472654],[122.933749,24.448737]]],[[[124.670803,24.66054],[124.675662,24.642945],[124.691205,24.638103],[124.7223196,24.6434427],[124.727921,24.653825],[124.726517,24.666776],[124.7096131,24.6766003],[124.681783,24.673048],[124.670803,24.66054]]],[[[123.9516527,24.3318104],[124.0035,24.3273],[123.989875,24.340428],[123.993612,24.347036],[123.974534,24.354797],[123.963495,24.348438],[123.969727,24.339395],[123.9516527,24.3318104]]],[[[123.661773,24.309307],[123.680217,24.282635],[123.718335,24.278009],[123.723735,24.299617],[123.755372,24.279458],[123.805678,24.2696],[123.833276,24.272018],[123.863756,24.255257],[123.880724,24.256377],[123.8858842,24.2728045],[123.8792817,24.278914],[123.904389,24.274973],[123.901374,24.307118],[123.911653,24.32547],[123.928269,24.316022],[123.926782,24.342745],[123.940619,24.360483],[123.922278,24.366513],[123.906805,24.384696],[123.887115,24.383861],[123.872854,24.404021],[123.861671,24.394802],[123.83272,24.407666],[123.815852,24.390433],[123.8120012,24.4110355],[123.783402,24.437534],[123.77026,24.436899],[123.764027,24.429705],[123.7740046,24.4244129],[123.772725,24.417612],[123.751431,24.403537],[123.7525208,24.3913228],[123.742402,24.389958],[123.752994,24.37697],[123.742993,24.368301],[123.753182,24.358237],[123.744404,24.342484],[123.751578,24.312692],[123.743487,24.320584],[123.739505,24.314847],[123.727001,24.343283],[123.711419,24.331087],[123.703642,24.350104],[123.710237,24.314872],[123.7029251,24.3134176],[123.700828,24.3257162],[123.686427,24.332722],[123.680001,24.322211],[123.688201,24.310048],[123.661773,24.309307]]],[[[124.068934,24.431641],[124.084325,24.416204],[124.100321,24.432339],[124.119098,24.434692],[124.143393,24.413552],[124.141019,24.402728],[124.148562,24.396447],[124.143405,24.388376],[124.141664,24.39338],[124.110908,24.365696],[124.1446337,24.3509979],[124.1507477,24.3436762],[124.1454114,24.3370918],[124.181926,24.330507],[124.201699,24.34395],[124.198977,24.353681],[124.242045,24.348779],[124.258703,24.412999],[124.249746,24.432097],[124.257942,24.443593],[124.25249,24.467237],[124.281566,24.487885],[124.283713,24.508361],[124.307323,24.527229],[124.304456,24.546484],[124.334502,24.571093],[124.339921,24.605563],[124.3116800967742,24.609475],[124.309249,24.588742],[124.282681,24.561123],[124.296011,24.542021],[124.285688,24.535911],[124.279121,24.507071],[124.25661,24.519769],[124.238842,24.498527],[124.228476,24.499081],[124.22248,24.454635],[124.193109,24.45776],[124.178778,24.448822],[124.152498,24.454657],[124.139232,24.442316],[124.134102,24.448095],[124.141086,24.450314],[124.143205,24.466961],[124.11701,24.48282],[124.113107,24.477133],[124.125499,24.470029],[124.116684,24.462535],[124.119503,24.44666],[124.076682,24.453317],[124.08065,24.448623],[124.068934,24.431641]]],[[[131.21338,25.823207],[131.231552,25.812815],[131.255248,25.816617],[131.267415,25.82999],[131.269472,25.861443],[131.254841,25.871528],[131.225574,25.870253],[131.21338,25.823207]]],[[[131.284096,25.95514],[131.292902,25.935037],[131.307155,25.928153],[131.322084,25.930632],[131.332113,25.951091],[131.285814,25.961009],[131.284096,25.95514]]],[[[125.134948,24.824343],[125.144846,24.807211],[125.161631,24.802292],[125.175353,24.808255],[125.143471,24.841761],[125.134948,24.824343]]],[[[125.252507,24.756503],[125.260833,24.735722],[125.294905,24.718323],[125.297423,24.733761],[125.296429,24.720483],[125.308771,24.71158],[125.37039,24.729392],[125.446628,24.725042],[125.453425,24.730672],[125.469424,24.718929],[125.433422,24.760963],[125.402642,24.766177],[125.382963,24.787737],[125.355019,24.788969],[125.335103,24.799071],[125.335566,24.821987],[125.312875,24.837387],[125.2985021,24.8786939],[125.285059,24.882782],[125.265808,24.916122],[125.268436,24.902909],[125.255127,24.910139],[125.27136,24.892829],[125.29664,24.837221],[125.286175,24.843785],[125.278255,24.838338],[125.2790801,24.8092946],[125.256539,24.795252],[125.25878796753302,24.785119788434077],[125.277798,24.773364],[125.285142,24.753165],[125.266192,24.751201],[125.261145,24.7685],[125.252507,24.756503]]],[[[125.155275,24.837165],[125.177776,24.810755],[125.2011484,24.8031154],[125.221892,24.814007],[125.209757,24.846799],[125.178758,24.861689],[125.162202,24.865105],[125.155275,24.837165]]],[[[126.707825,26.357412],[126.729616,26.340583],[126.711945,26.352037],[126.713399,26.36029],[126.72823,26.34475],[126.724894,26.348751],[126.760246,26.342282],[126.755211,26.338561],[126.768197,26.32983],[126.778835,26.30628],[126.801243,26.292703],[126.813554,26.293631],[126.803641,26.305989],[126.804326,26.323134],[126.826185,26.346025],[126.781241,26.390025],[126.717212,26.374598],[126.707825,26.357412]]],[[[127.208239,26.576901],[127.240908,26.576047],[127.248115,26.586109],[127.240222,26.599869],[127.227278,26.601053],[127.208239,26.576901]]],[[[127.993564,26.6602],[128.009806,26.650376],[128.016611,26.656995],[128.031874,26.643922],[128.035056,26.651126],[128.020047,26.680667],[127.998927,26.675294],[127.993564,26.6602]]],[[[127.911825,26.93713],[127.921749,26.935556],[127.918637,26.922389],[127.929892,26.913456],[127.953993,26.914406],[127.950267,26.926983],[127.957338,26.934926],[127.948229,26.951035],[127.93746,26.955741],[127.911825,26.93713]]],[[[127.932078,26.997741],[127.9462921,27.0195588],[127.96353,27.021929],[127.9672372,27.0369413],[127.991358,27.044231],[127.996981,27.068404],[128.020287,27.095162],[127.996048,27.089253],[127.950606,27.044563],[127.932911,27.021502],[127.937855,27.006811],[127.932078,26.997741]]],[[[127.748985,26.723002],[127.758694,26.708862],[127.805278,26.704515],[127.828469,26.709778],[127.831413,26.718925],[127.807824,26.739124],[127.789013,26.733328],[127.759156,26.737492],[127.748985,26.723002]]],[[[127.338884,26.182631],[127.348273,26.167051],[127.347689,26.145698],[127.352349,26.156016],[127.364299,26.157246],[127.358439,26.180888],[127.372882,26.190079],[127.369889,26.220181],[127.352791,26.225419],[127.347605,26.185448],[127.338884,26.182631]]],[[[127.281764,26.228612],[127.301933,26.22743],[127.308083,26.218552],[127.315598,26.226259],[127.310961,26.237368],[127.318616,26.240242],[127.320274,26.229987],[127.333177,26.228521],[127.327471,26.235534],[127.33229,26.240618],[127.31003,26.251966],[127.307094,26.240419],[127.295127,26.242239],[127.281764,26.228612]]],[[[127.636576,26.198679],[127.6437418,26.1885679],[127.6400225,26.1752954],[127.6561826,26.1732345],[127.6483155,26.1739097],[127.6542923,26.1631701],[127.6472257,26.1532347],[127.6603492,26.162024],[127.669248,26.1521653],[127.6479747,26.145283],[127.648957,26.133896],[127.653577,26.125804],[127.653469,26.135117],[127.668435,26.1336437],[127.656887,26.084196],[127.676574,26.074466],[127.698206,26.087239],[127.725475,26.09073],[127.748141,26.118976],[127.775574,26.1351],[127.792486,26.134658],[127.830658,26.165752],[127.821066,26.191413],[127.795067,26.185447],[127.7900267,26.1705818],[127.7781459,26.1723887],[127.77631,26.190369],[127.7562769,26.2038591],[127.784357,26.225926],[127.793213,26.218991],[127.789527,26.248619],[127.799148,26.267463],[127.81623,26.27744],[127.811609,26.2997092],[127.829096,26.303957],[127.829189,26.313311],[127.847338,26.315369],[127.834647,26.326443],[127.862329,26.344785],[127.889909,26.311963],[127.909254,26.301214],[127.906257,26.295599],[127.909573,26.300915],[127.922189,26.295508],[127.923517,26.301993],[127.905735,26.3308137],[127.9148144,26.3318191],[127.887838,26.340692],[127.873325,26.359768],[127.879999,26.378376],[127.844896,26.405355],[127.850838,26.406851],[127.840725,26.406294],[127.83877,26.417777],[127.826788,26.422273],[127.830475,26.431919],[127.843419,26.427772],[127.850985,26.449298],[127.869796,26.457609],[127.948802,26.437717],[127.943155,26.45065],[127.950519,26.45618],[127.9512433,26.4726652],[127.967291,26.467687],[128.001304,26.483378],[127.9915772,26.5045284],[127.996055,26.508867],[128.00475,26.505384],[128.009652,26.514735],[128.025685,26.510475],[128.030944,26.520204],[128.053114,26.52044],[128.033296,26.552841],[128.0417311,26.5592488],[128.043869,26.547853],[128.064988,26.552909],[128.095317,26.534305],[128.093124,26.540269],[128.101733,26.539003],[128.10776,26.549596],[128.138436,26.55341],[128.137998,26.566389],[128.151047,26.568142],[128.123455,26.603398],[128.151733,26.597892],[128.148276,26.629237],[128.182469,26.623796],[128.238546,26.63194],[128.256337,26.659002],[128.27947,26.676703],[128.281498,26.696701],[128.299315,26.712136],[128.294139,26.718063],[128.327158,26.749305],[128.327305,26.756596],[128.31918,26.757151],[128.32647,26.778494],[128.317008,26.792444],[128.320649,26.814032],[128.305686,26.828518],[128.305908,26.844727],[128.290192,26.84162],[128.262033,26.866315],[128.264517,26.873551],[128.24983,26.871103],[128.244138,26.858683],[128.253358,26.842826],[128.231983,26.797989],[128.183985,26.749817],[128.152959,26.745906],[128.161169,26.727848],[128.157164,26.719162],[128.117841,26.703153],[128.098505,26.68062],[128.125828,26.660432],[128.11123,26.659334],[128.111467,26.66824],[128.079692,26.644419],[128.033568,26.63609],[128.029401,26.627012],[128.006856,26.630219],[127.998996,26.643143],[127.982593,26.649277],[127.990928,26.651759],[127.996305,26.676777],[128.008408,26.68353],[127.9994599,26.6924698],[127.970454,26.693737],[127.96986,26.703133],[127.953118,26.708206],[127.90381,26.698921],[127.8799927,26.7098717],[127.874079,26.684691],[127.894996,26.660373],[127.878989,26.65404],[127.8777832,26.6410106],[127.894732,26.606555],[127.91298,26.601236],[127.9269964,26.6088988],[127.979453,26.589667],[127.9802731,26.566018],[127.963945,26.541083],[127.951618,26.545193],[127.9412746,26.5352876],[127.932043,26.542607],[127.917212,26.516247],[127.907943,26.519779],[127.885618,26.502621],[127.869382,26.513106],[127.862599,26.504493],[127.856392,26.508639],[127.855427,26.499018],[127.844031,26.503969],[127.838633,26.49634],[127.845827,26.481221],[127.811801,26.4645115],[127.797922,26.436752],[127.782334,26.435284],[127.771339,26.446373],[127.737284,26.422274],[127.72505,26.440224],[127.712739,26.441786],[127.713662,26.409875],[127.74098,26.363512],[127.747464,26.339666],[127.742623,26.331286],[127.7600421,26.3098857],[127.757096,26.295181],[127.741317,26.281344],[127.730267,26.283171],[127.72346,26.27134],[127.706625,26.273183],[127.6908622,26.2552109],[127.6728303,26.2552234],[127.6836278,26.2558007],[127.6851966,26.2428366],[127.6689032,26.2507668],[127.6670897,26.232279],[127.679402,26.240122],[127.6782068,26.228646],[127.6849821,26.2253889],[127.6601168,26.2181479],[127.6738959,26.2073241],[127.6520459,26.217767],[127.636576,26.198679]]]]}},{"type":"Feature","id":"JP-27","properties":{"name":"Osaka","shapeName":"Osaka Prefecture","shapeISO":"JP-27","shapeID":"47310658B55038426470858","shapeGroup":"JPN","shapeType":"ADM1"},"geometry":{"type":"MultiPolygon","coordinates":[[[[135.200351,34.42802],[135.208583,34.419715],[135.221453,34.43338],[135.22926,34.430815],[135.21893,34.422125],[135.227501,34.413312],[135.265064,34.43741],[135.251722,34.444127],[135.2331515,34.4316134],[135.2553811,34.4502144],[135.2416294,34.4554036],[135.200351,34.42802]]],[[[135.396629,34.628859],[135.4123122,34.6371905],[135.407375,34.629451],[135.4221,34.621868],[135.441846,34.628324],[135.439343,34.641221],[135.416222,34.644746],[135.398483,34.63822],[135.396629,34.628859]]],[[[135.0920279,34.3150162],[135.106072,34.308599],[135.096764,34.296642],[135.11141,34.271834],[135.136616,34.273506],[135.146765,34.283808],[135.153789,34.274278],[135.20508,34.288261],[135.208043,34.308202],[135.225006,34.300861],[135.248959,34.314373],[135.282812,34.31791],[135.293373,34.299293],[135.303967,34.313715],[135.330507,34.316746],[135.327903,34.323747],[135.338238,34.335278],[135.397046,34.330391],[135.408974,34.341843],[135.424916,34.339982],[135.435451,34.348673],[135.465705,34.347335],[135.485376,34.362832],[135.507821,34.336497],[135.577121,34.376049],[135.654715,34.383835],[135.663836,34.397304],[135.676227,34.400241],[135.680093,34.409199],[135.664285,34.423227],[135.68634,34.448012],[135.684726,34.485416],[135.67302,34.502788],[135.677144,34.525162],[135.662287,34.530041],[135.659497,34.543891],[135.650285,34.544112],[135.656923,34.56228],[135.681744,34.584862],[135.675694,34.601739],[135.650121,34.607833],[135.659097,34.614818],[135.664321,34.651295],[135.678705,34.677759],[135.673019,34.701636],[135.704136,34.723781],[135.696793,34.743695],[135.710216,34.753871],[135.709749,34.780372],[135.726574,34.775857],[135.746025,34.803642],[135.707721,34.849272],[135.694914,34.848282],[135.682694,34.887842],[135.67577,34.899301],[135.648502,34.909547],[135.64947,34.925133],[135.629159,34.935057],[135.599322,34.928292],[135.618706,34.958136],[135.613264,34.971195],[135.592365,34.96604],[135.582552,34.976756],[135.572731,34.971238],[135.578578,34.955885],[135.563131,34.953664],[135.557327,34.934686],[135.564712,34.942364],[135.5628,34.933418],[135.581053,34.937036],[135.581258,34.922452],[135.541314,34.915226],[135.538146,34.9254],[135.517271,34.93348],[135.514594,34.94412],[135.494355,34.940855],[135.481137,34.949739],[135.487329,34.957167],[135.481936,34.96523],[135.490916,34.968022],[135.483163,34.981868],[135.493056,34.989068],[135.440184,35.007693],[135.421013,35.002156],[135.409767,35.011526],[135.381693,35.010247],[135.380096,35.039004],[135.359478,35.050112],[135.350028,35.051191],[135.330204,35.035224],[135.354697,35.02479],[135.352563,34.990389],[135.359533,34.982516],[135.349592,34.978978],[135.346354,34.964651],[135.360385,34.95447],[135.382632,34.955991],[135.392352,34.941366],[135.4091,34.945494],[135.418485,34.933894],[135.441657,34.939395],[135.468536,34.92627],[135.463596,34.918306],[135.439303,34.920504],[135.418651,34.908948],[135.427204,34.906046],[135.430742,34.892431],[135.445818,34.897212],[135.431358,34.856415],[135.416878,34.852225],[135.42433,34.837123],[135.415991,34.817693],[135.423691,34.802074],[135.442787,34.791174],[135.460294,34.733138],[135.447709,34.73362],[135.44617,34.71834],[135.40729279054722,34.6970930632779],[135.422076,34.679526],[135.408208,34.671903],[135.418482,34.670616],[135.417488,34.663453],[135.426296,34.667852],[135.414247,34.651626],[135.420417,34.66016],[135.41918,34.653328],[135.4233822,34.6574631],[135.4526681,34.6349418],[135.447153,34.61472],[135.441253,34.626121],[135.430373,34.621521],[135.432925,34.613058],[135.423392,34.618997],[135.423405,34.610803],[135.446833,34.606161],[135.437019,34.604789],[135.444657,34.597688],[135.423517,34.605028],[135.425538,34.593366],[135.437729,34.588698],[135.46059,34.59483],[135.462423,34.587341],[135.449289,34.587134],[135.465859,34.582061],[135.450257,34.583655],[135.457666,34.575685],[135.45143,34.574994],[135.453017,34.56546],[135.444716,34.56735],[135.441544,34.582921],[135.426138,34.589669],[135.429482,34.57072],[135.420854,34.569665],[135.415729,34.593751],[135.402192,34.600059],[135.4095924,34.554949],[135.384495,34.518802],[135.382198,34.525503],[135.379924,34.519476],[135.371361,34.52256],[135.378211,34.531975],[135.367177,34.517109],[135.378625,34.510971],[135.370167,34.496641],[135.376394,34.474328],[135.366153,34.480657],[135.37218,34.471514],[135.3539158,34.4629316],[135.360809,34.4615388],[135.35366,34.450991],[135.352151,34.45788],[135.330924,34.433661],[135.325004,34.436986],[135.322869,34.424452],[135.317786,34.430738],[135.319666,34.420936],[135.294671,34.415065],[135.28765,34.396207],[135.249368,34.377222],[135.218187,34.344633],[135.180181,34.340719],[135.153123,34.331193],[135.139982,34.317702],[135.13062,34.326047],[135.0920279,34.3150162]]]]}},{"type":"Feature","id":"JP-41","properties":{"name":"Saga","shapeName":"Saga Prefecture","shapeISO":"JP-41","shapeID":"47310658B53717877461658","shapeGroup":"JPN","shapeType":"ADM1"},"geometry":{"type":"Polygon","coordinates":[[[129.7589672,33.290851],[129.8144522,33.242265],[129.8068972,33.211169],[129.8171482,33.184536],[129.8378012,33.173255],[129.8527031,33.176853],[129.8879141,33.156175],[129.9433161,33.164489],[129.9566651,33.118043],[129.9513861,33.109986],[129.9266211,33.107642],[129.922357,33.090493],[129.9333351,33.088105],[129.9395931,33.072886],[129.9943261,33.047915],[130.0083481,33.019679],[130.0279691,33.020023],[130.0512831,32.992607],[130.0760481,32.987569],[130.0886821,32.974032],[130.1439111,32.97171],[130.1500921,32.962591],[130.20364990081376,32.9570621059162],[130.212212,32.957632],[130.209297,32.963748],[130.217732,32.95053],[130.224964,32.955749],[130.217016,32.959632],[130.224376,32.962136],[130.223304,32.973642],[130.209283,32.97905],[130.205092,32.990914],[130.191203,32.990155],[130.169784,33.051595],[130.140288,33.082871],[130.14922,33.112397],[130.222421,33.165177],[130.2294893,33.19041],[130.2473173,33.191813],[130.2464973,33.203139],[130.259176,33.19722],[130.251583,33.190231],[130.2601494,33.1799921],[130.286015,33.161863],[130.287936,33.147109],[130.35579320645536,33.14048080144916],[130.3531204,33.180462],[130.3405554,33.188446],[130.3395864,33.204471],[130.3783861,33.221306],[130.3698364,33.23808],[130.3732964,33.244264],[130.3853914,33.24054],[130.3891644,33.257841],[130.4007851,33.258081],[130.4020964,33.248651],[130.4133881,33.251331],[130.4180621,33.269395],[130.4295651,33.274012],[130.4309753,33.2923331],[130.4384601,33.2892301],[130.4362301,33.269794],[130.4497461,33.2650969],[130.4487263,33.278407],[130.4679771,33.287283],[130.4560243,33.301422],[130.4840911,33.3053509],[130.4893951,33.315929],[130.4795621,33.330553],[130.4994561,33.3255761],[130.5088373,33.3432931],[130.5359793,33.342962],[130.5410641,33.421223],[130.5358361,33.440072],[130.5124601,33.449447],[130.4765933,33.4384641],[130.4580811,33.4197809],[130.4422141,33.415634],[130.4381501,33.400069],[130.4109714,33.39504],[130.4077041,33.402056],[130.4168091,33.410449],[130.3967194,33.42743],[130.3782191,33.424959],[130.3688111,33.436281],[130.3557874,33.43324],[130.3454282,33.4450209],[130.2969244,33.462851],[130.2749694,33.479682],[130.2499181,33.4704971],[130.1986661,33.4812],[130.1760522,33.465917],[130.1507421,33.4776199],[130.1389663,33.4703981],[130.1069265,33.477829],[130.0900631,33.468454],[130.0395710582718,33.4697652264276],[130.036145,33.451153],[129.996622,33.44687],[129.959121,33.460656],[129.971005,33.475153],[129.965732,33.482644],[129.959404,33.48257],[129.958944,33.470595],[129.953882,33.474598],[129.95586,33.467764],[129.950201,33.478445],[129.939774,33.474154],[129.943887,33.493096],[129.969144,33.511062],[129.956412,33.518034],[129.957698,33.529494],[129.929975,33.536443],[129.933272,33.549091],[129.918077,33.541645],[129.896789,33.549435],[129.8900735,33.5456342],[129.894624,33.537181],[129.882781,33.540528],[129.886923,33.522176],[129.874354,33.51597],[129.877606,33.53669],[129.84588,33.556094],[129.856971,33.519337],[129.839874,33.522369],[129.84893,33.521861],[129.857374,33.505407],[129.842598,33.517842],[129.828079,33.518225],[129.841623,33.491252],[129.834642,33.489432],[129.845499,33.479618],[129.831719,33.475029],[129.840645,33.469821],[129.850093,33.475294],[129.858957,33.454083],[129.853176,33.456173],[129.8495,33.44463],[129.838778,33.450622],[129.835,33.442302],[129.839275,33.462217],[129.826032,33.468416],[129.826461,33.479447],[129.806564,33.48575],[129.793712,33.472028],[129.808016,33.458185],[129.798849,33.452898],[129.789996,33.45898],[129.783314,33.451308],[129.831609,33.42203],[129.823501,33.412026],[129.854674,33.403442],[129.862807,33.412354],[129.870677,33.404879],[129.870704,33.391468],[129.864843,33.393431],[129.86871,33.372858],[129.863104,33.376284],[129.846753,33.362366],[129.850447,33.348065],[129.842152,33.346915],[129.848667,33.336881],[129.827713,33.337624],[129.833519,33.328609],[129.849577,33.329651],[129.828429,33.309479],[129.846388,33.301801],[129.8595117,33.2813766],[129.848034,33.292462],[129.836953,33.286739],[129.821535,33.310459],[129.813914,33.308785],[129.820623,33.315718],[129.812357,33.314349],[129.81569,33.322263],[129.802875,33.331196],[129.807133,33.335949],[129.79077700789253,33.340399024013436],[129.7766172,33.332994],[129.7589672,33.290851]]]}},{"type":"Feature","id":"JP-11","properties":{"name":"Saitama","shapeName":"Saitama","shapeISO":"JP-11","shapeID":"47310658B92659408322453","shapeGroup":"JPN","shapeType":"ADM1"},"geometry":{"type":"Polygon","coordinates":[[[138.711358,35.971872],[138.739252,35.939108],[138.728104,35.917832],[138.734401,35.904012],[138.779348,35.899909],[138.790618,35.891879],[138.792001,35.875451],[138.813602,35.862368],[138.855898,35.865094],[138.89222,35.839779],[138.910943,35.852728],[138.943931,35.854819],[138.9451408,35.8679289],[138.9544555,35.8749108],[138.9789247,35.8850111],[139.0009278,35.8840089],[139.0187928,35.8983844],[139.0616286,35.8736298],[139.1475397,35.8627108],[139.1924381,35.8402716],[139.2126459,35.8466114],[139.2312689,35.8366406],[139.2798576,35.841176],[139.3009403,35.8350214],[139.304763,35.8223978],[139.3161555,35.8236677],[139.325164,35.795586],[139.369917,35.791727],[139.370265,35.778288],[139.379931,35.778907],[139.380107,35.766514],[139.392149,35.763285],[139.496802,35.7782056],[139.541729,35.807302],[139.5475266,35.8019024],[139.5371301,35.7915988],[139.542975,35.779807],[139.516371,35.765573],[139.547659,35.774228],[139.547155,35.753384],[139.588757,35.778529],[139.60438,35.775017],[139.598203,35.76914],[139.622988,35.766872],[139.627871,35.784658],[139.6533844,35.8001761],[139.6924234,35.800624],[139.7360404,35.7891082],[139.7380389,35.7801769],[139.7555003,35.7873373],[139.7605847,35.7975233],[139.7503102,35.8092771],[139.7675139,35.8174803],[139.7922505,35.8052956],[139.821437,35.8148857],[139.822844,35.7954653],[139.8394102,35.8007585],[139.8560682,35.7908206],[139.8729376,35.7970248],[139.8727358,35.7822441],[139.8933847,35.7834608],[139.888518,35.832167],[139.900333,35.864175],[139.865987,35.927614],[139.847668,35.93956],[139.825653,35.972762],[139.826639,35.983432],[139.814184,35.997332],[139.814666,36.037706],[139.791352,36.058136],[139.776211,36.090768],[139.767589,36.080458],[139.729824,36.087795],[139.726373,36.11252],[139.695383,36.158],[139.694287,36.190514],[139.685489,36.20384],[139.6609235,36.2081261],[139.6621403,36.2144984],[139.6490428,36.2101297],[139.6510289,36.1974956],[139.6289936,36.1954192],[139.624883,36.186572],[139.587766,36.21037],[139.528211,36.191502],[139.4618999,36.1895727],[139.359284,36.25323],[139.347396,36.253707],[139.3211569,36.2366004],[139.266967,36.250558],[139.2670266,36.2426885],[139.244062,36.244434],[139.163898,36.278912],[139.129659,36.283398],[139.063414,36.196286],[139.064331,36.187004],[139.0561502,36.1821096],[139.0623701,36.1532503],[139.042892,36.148247],[139.0415179,36.1275236],[139.004913,36.133442],[138.984756,36.115601],[138.958435,36.124241],[138.957901,36.107642],[138.945065,36.094597],[138.931487,36.088104],[138.897855,36.090655],[138.864802,36.077347],[138.846033,36.066626],[138.8283912,36.0373031],[138.7909722,36.0294003],[138.7735445,36.0387936],[138.7544081,36.0345264],[138.743767,36.0101003],[138.7168064,35.9929047],[138.711358,35.971872]]]}},{"type":"Feature","id":"JP-25","properties":{"name":"Shiga","shapeName":"Shiga","shapeISO":"JP-25","shapeID":"47310658B66619598690773","shapeGroup":"JPN","shapeType":"ADM1"},"geometry":{"type":"Polygon","coordinates":[[[135.764072,35.344557],[135.780818,35.340562],[135.791136,35.323527],[135.80929,35.316433],[135.829623,35.276735],[135.840082,35.275554],[135.857084,35.289041],[135.860755,35.28296],[135.834526,35.241119],[135.838056,35.226105],[135.829308,35.220346],[135.845313,35.165544],[135.856763,35.153615],[135.835046,35.091327],[135.834852,35.055554],[135.814757,35.0452],[135.827374,35.022133],[135.834518,35.022081],[135.835464,35.012329],[135.820239,35.015194],[135.836559,35.001226],[135.826905,34.991204],[135.849267,34.991734],[135.856695,34.982457],[135.852438,34.970789],[135.878748,34.947045],[135.871178,34.909949],[135.862934,34.903387],[135.866637,34.89214],[135.897891,34.871267],[135.941007,34.893683],[135.946351,34.851631],[135.961399,34.85466],[135.972054,34.846049],[135.969867,34.837779],[136.003993,34.844341],[136.005763,34.826158],[136.027858,34.821665],[136.011247,34.795861],[136.02811,34.790589],[136.090616,34.812227],[136.095187,34.819104],[136.086052,34.837598],[136.104472,34.840581],[136.107074,34.852564],[136.126411,34.861852],[136.123988,34.872487],[136.103167,34.869694],[136.085621,34.877246],[136.087475,34.890622],[136.09804,34.889256],[136.110848,34.901856],[136.131216,34.883105],[136.178546,34.887117],[136.178742,34.879816],[136.198074,34.869862],[136.250675,34.857728],[136.277115,34.874214],[136.292932,34.870309],[136.313226,34.886972],[136.366034,34.904899],[136.367812,34.921901],[136.37524,34.924509],[136.37269,34.942257],[136.395113,34.951636],[136.415801,34.980529],[136.417097,35.019518],[136.424469,35.029404],[136.415857,35.041433],[136.424628,35.056936],[136.441556,35.066304],[136.435292,35.082709],[136.442109,35.085974],[136.439966,35.116632],[136.448055,35.123719],[136.435585,35.130778],[136.444299,35.149244],[136.454998,35.152415],[136.454608,35.162064],[136.424702,35.184381],[136.408653,35.187183],[136.418003,35.203778],[136.415131,35.217744],[136.377267,35.243267],[136.396962,35.257731],[136.391032,35.289969],[136.406848,35.305264],[136.422325,35.34839],[136.410559,35.352544],[136.411974,35.370065],[136.436484,35.378823],[136.444352,35.389425],[136.411808,35.418598],[136.426222,35.448401],[136.420538,35.465962],[136.401619,35.470018],[136.386718,35.48881],[136.405677,35.513456],[136.4004039,35.530082],[136.384252,35.533092],[136.3728,35.559724],[136.362639,35.558747],[136.356661,35.539915],[136.345976,35.536129],[136.337319,35.550255],[136.317503,35.547398],[136.324449,35.584181],[136.314981,35.60593],[136.323711,35.616445],[136.315764,35.623425],[136.288559,35.620589],[136.279163,35.636686],[136.280533,35.661276],[136.269359,35.668728],[136.234406,35.682462],[136.212607,35.681701],[136.191091,35.702464],[136.150945,35.698191],[136.134474,35.669446],[136.150162,35.659381],[136.176807,35.598448],[136.166384,35.582481],[136.16983,35.565943],[136.113838,35.582898],[136.106454,35.528989],[136.082907,35.540577],[136.069436,35.526267],[136.048617,35.534512],[136.026532,35.529497],[136.028809,35.52337],[136.004343,35.490971],[135.981159,35.486557],[135.9726,35.50019],[135.95237,35.506221],[135.947022,35.520476],[135.939647,35.520543],[135.915943,35.470905],[135.909782,35.447046],[135.914162,35.432106],[135.8929813,35.4198474],[135.89057,35.403175],[135.864691,35.3944],[135.854338,35.400778],[135.853202,35.411537],[135.813657,35.413301],[135.807528,35.385362],[135.790893,35.386639],[135.764072,35.344557]]]}},{"type":"Feature","id":"JP-32","properties":{"name":"Shimane","shapeName":"Shimane","shapeISO":"JP-32","shapeID":"47310658B41093195623763","shapeGroup":"JPN","shapeType":"ADM1"},"geometry":{"type":"MultiPolygon","coordinates":[[[[131.667956,34.504135],[131.682066,34.493178],[131.682341,34.478999],[131.69912,34.477027],[131.697425,34.435308],[131.737835,34.428596],[131.755376,34.440361],[131.761394,34.433666],[131.79382,34.436213],[131.784778,34.399861],[131.763457,34.380936],[131.765246,34.364066],[131.777965,34.353416],[131.774607,34.33752],[131.795884,34.326911],[131.797504,34.317756],[131.820101,34.302555],[131.831437,34.302615],[131.83417,34.311263],[131.869576,34.30497],[131.885771,34.310971],[131.887546,34.327237],[131.899538,34.318156],[131.919261,34.338141],[131.959248,34.306459],[131.974133,34.341369],[132.013467,34.371327],[132.013512,34.38209],[131.989853,34.413424],[131.997518,34.427911],[132.016233,34.437469],[132.015441,34.452104],[132.025068,34.462383],[132.068585,34.467671],[132.057224,34.482199],[132.059743,34.49227],[132.036529,34.501944],[132.052379,34.530276],[132.083951,34.53753],[132.113867,34.562693],[132.125528,34.583151],[132.129684,34.595479],[132.117637,34.601763],[132.116348,34.612463],[132.130805,34.629165],[132.127751,34.64178],[132.161934,34.683141],[132.15832,34.692431],[132.129549,34.699371],[132.130769,34.708026],[132.178019,34.736766],[132.189166,34.73363],[132.202546,34.748666],[132.222384,34.749539],[132.22511,34.769916],[132.242657,34.782999],[132.241987,34.806351],[132.278103,34.798982],[132.280214,34.783507],[132.297868,34.77656],[132.31831,34.801609],[132.334483,34.790003],[132.374315,34.800986],[132.383011,34.794925],[132.381397,34.785838],[132.396681,34.779423],[132.424821,34.799164],[132.420896,34.813771],[132.436666,34.820962],[132.456682,34.807406],[132.454259,34.800698],[132.505576,34.796034],[132.519691,34.803996],[132.53806,34.794992],[132.554085,34.808284],[132.56778,34.806154],[132.599168,34.833582],[132.612249,34.833022],[132.614705,34.843046],[132.652311,34.840536],[132.662122,34.832099],[132.669656,34.832812],[132.680381,34.851732],[132.698657,34.842947],[132.710846,34.852269],[132.701047,34.881689],[132.680211,34.884663],[132.675154,34.894489],[132.663589,34.889732],[132.655691,34.899488],[132.635771,34.898706],[132.634029,34.904804],[132.675759,34.932597],[132.685202,34.950632],[132.707277,34.955087],[132.720381,34.948088],[132.738607,34.962313],[132.742532,34.956329],[132.749722,34.960259],[132.74513,34.976826],[132.768703,34.983949],[132.765593,34.996714],[132.787754,35.004788],[132.788586,35.015755],[132.808834,35.02856],[132.813719,35.040552],[132.836736,35.046966],[132.828102,35.062075],[132.872861,35.102204],[132.895323,35.104805],[132.909478,35.086217],[132.950241,35.075385],[132.974669,35.082962],[132.990849,35.10132],[133.033106,35.068244],[133.052086,35.069733],[133.060804,35.081455],[133.085958,35.078041],[133.096423,35.085424],[133.141367,35.076245],[133.13665,35.090573],[133.145531,35.105047],[133.140223,35.11806],[133.148451,35.139983],[133.183912,35.156727],[133.1949,35.169832],[133.182029,35.20136],[133.168819,35.209354],[133.152742,35.203812],[133.152649,35.219072],[133.222616,35.249053],[133.243357,35.250412],[133.253282,35.260027],[133.275661,35.257856],[133.310551,35.267918],[133.299501,35.291882],[133.306951,35.30337],[133.292525,35.320643],[133.298559,35.325104],[133.296046,35.34937],[133.324505,35.374033],[133.313567,35.387346],[133.320572,35.410277],[133.30869,35.430877],[133.272022,35.446012],[133.2225,35.480224],[133.198539,35.526327],[133.201021,35.535242],[133.227724,35.54887],[133.3076269,35.5582815],[133.326814,35.567858],[133.30756,35.576174],[133.298169,35.570958],[133.294014,35.577934],[133.280189,35.577373],[133.280457,35.57151],[133.270129,35.578976],[133.256094,35.569711],[133.251603,35.57574],[133.224551,35.5706],[133.234953,35.57915],[133.217144,35.581601],[133.211682,35.567152],[133.195221,35.567702],[133.191807,35.580273],[133.186745,35.572446],[133.192018,35.562193],[133.180117,35.569056],[133.166271,35.563223],[133.16118,35.572031],[133.156618,35.560663],[133.141805,35.560723],[133.129936,35.577166],[133.140449,35.580983],[133.124943,35.576241],[133.112054,35.597655],[133.090141,35.603753],[133.083909,35.600899],[133.093086,35.598374],[133.09818,35.588579],[133.090117,35.586653],[133.097358,35.578886],[133.068856,35.584168],[133.066841,35.575893],[133.059685,35.582203],[133.047905,35.57816],[133.060438,35.572072],[133.059965,35.564654],[133.046524,35.559691],[133.048071,35.553935],[133.040452,35.559806],[133.028752,35.555696],[133.028187,35.53843],[132.9985257,35.5396542],[132.989753,35.547279],[132.968179,35.543593],[132.966339,35.52535],[132.975599,35.523548],[132.971002,35.515812],[132.920498,35.519976],[132.908842,35.511941],[132.864947,35.51319],[132.813119,35.497169],[132.800526,35.483501],[132.72677,35.470618],[132.758839,35.45686],[132.753483,35.447584],[132.709836,35.441263],[132.684805,35.451729],[132.686601,35.440658],[132.67526,35.447789],[132.665347,35.439087],[132.665091,35.44481],[132.64187,35.44143],[132.64767,35.435533],[132.641739,35.431337],[132.629133,35.435156],[132.622887,35.418429],[132.644662,35.416223],[132.670616,35.401801],[132.674713,35.382121],[132.661256,35.32846],[132.629746,35.289049],[132.538838,35.257326],[132.526549,35.241378],[132.499423,35.2277],[132.486127,35.229892],[132.485727,35.222564],[132.466579,35.217391],[132.449057,35.198411],[132.417569,35.190478],[132.421787,35.183025],[132.406069,35.173994],[132.403813,35.158821],[132.381335,35.146801],[132.390909,35.14011],[132.389369,35.131729],[132.340146,35.102783],[132.345189,35.092011],[132.33222,35.097456],[132.323628,35.088278],[132.326927,35.0761],[132.317754,35.073608],[132.309736,35.056903],[132.272057,35.040211],[132.231406,35.031194],[132.234204,35.036924],[132.18371,34.990876],[132.151802,34.977351],[132.146281,34.964718],[132.112624,34.953146],[132.105191,34.93451],[132.084663,34.930758],[132.072962,34.918313],[132.074502,34.908567],[132.082381,34.911612],[132.077448,34.9052683],[132.063525,34.905156],[132.070642,34.892154],[132.0557918,34.8934057],[132.056843,34.872917],[132.041284,34.873124],[132.046719,34.877839],[132.036957,34.882537],[132.0199,34.863844],[132.021519,34.872722],[132.00802,34.868577],[132.015257,34.859004],[132.007895,34.847196],[131.994233,34.841666],[131.988735,34.827499],[131.954687,34.816406],[131.946241,34.792412],[131.926594,34.780738],[131.92299,34.788249],[131.930011,34.794354],[131.913367,34.773301],[131.8971,34.775586],[131.889978,34.757909],[131.864773,34.755506],[131.874714,34.742662],[131.849712,34.711635],[131.807659,34.691072],[131.747073,34.675724],[131.704213,34.672461],[131.69062189405795,34.6810443234156],[131.683863,34.668801],[131.700488,34.649182],[131.694819,34.620679],[131.718414,34.613403],[131.719999,34.583005],[131.72761,34.576436],[131.713195,34.56281],[131.70283,34.565066],[131.700792,34.537736],[131.706733,34.532928],[131.667956,34.504135]]],[[[132.999918,36.032283],[133.009525,36.001845],[133.0234,36.006666],[133.030041,35.999941],[133.033006,36.006487],[133.038447,36.000785],[133.04165,36.013143],[133.046993,36.004572],[133.057752,36.005189],[133.061001,35.993915],[133.07317,36.010305],[133.054998,36.012902],[133.027045,36.032515],[132.999918,36.032283]]],[[[133.177078,36.257504],[133.177241,36.250554],[133.192772,36.244843],[133.182253,36.212193],[133.208268,36.209592],[133.208651,36.19787],[133.224128,36.188392],[133.244861,36.190159],[133.236925,36.179867],[133.241138,36.175332],[133.230386,36.170144],[133.242281,36.165992],[133.245262,36.177288],[133.253326,36.171414],[133.247998,36.159729],[133.258212,36.172894],[133.263847,36.171929],[133.260174,36.163328],[133.277859,36.169497],[133.279904,36.188153],[133.287553,36.17078],[133.290745,36.179775],[133.325283,36.167341],[133.341738,36.170265],[133.335582,36.197169],[133.309389,36.199579],[133.310077,36.193388],[133.306166,36.198902],[133.316286,36.205346],[133.336128,36.201197],[133.337491,36.220631],[133.34519,36.224696],[133.351927,36.212263],[133.339187,36.195872],[133.370213,36.205816],[133.377738,36.230592],[133.372562,36.250726],[133.38591,36.268318],[133.37581,36.270302],[133.379252,36.276234],[133.371393,36.281887],[133.362688,36.279105],[133.363741,36.290187],[133.356006,36.291458],[133.363892,36.297323],[133.344684,36.297324],[133.336829,36.306615],[133.34377,36.310886],[133.324507,36.30884],[133.321014,36.327772],[133.308946,36.31921],[133.309869,36.328491],[133.297476,36.327664],[133.278953,36.348909],[133.28003,36.340495],[133.263402,36.327889],[133.247163,36.334378],[133.224597,36.328627],[133.232098,36.318094],[133.20707,36.308728],[133.210189,36.300497],[133.196011,36.301758],[133.191175,36.290415],[133.215739,36.28993],[133.199544,36.287514],[133.204458,36.27958],[133.179302,36.288044],[133.187849,36.274649],[133.177078,36.257504]]],[[[133.064327,36.101068],[133.075015,36.080156],[133.067486,36.075793],[133.080087,36.069046],[133.070377,36.059226],[133.0682440887097,36.03525625],[133.080482,36.037979],[133.075977,36.044918],[133.087525,36.0455],[133.087508,36.052825],[133.103907,36.050099],[133.096114,36.057086],[133.108345,36.064207],[133.096954,36.072254],[133.11712,36.064196],[133.113049,36.078646],[133.131652,36.073428],[133.137981,36.082339],[133.152655,36.074595],[133.135365,36.086334],[133.118196,36.082084],[133.135982,36.102033],[133.126244,36.105545],[133.132519,36.111152],[133.113105,36.120092],[133.093517,36.117675],[133.091262,36.096307],[133.082991,36.114289],[133.077144,36.10865],[133.081397,36.102453],[133.064327,36.101068]]],[[[132.945803,36.079781],[132.953816,36.076566],[132.945905,36.066916],[132.955323,36.065075],[132.949669,36.062473],[132.954416,36.058671],[132.973052,36.057404],[132.998504,36.038096],[132.979207,36.088732],[132.987407,36.092733],[132.991786,36.083674],[132.990051,36.092539],[133.005099,36.092979],[133.00568,36.105652],[133.013011,36.097795],[133.005432,36.090416],[133.007514,36.074196],[133.022747,36.063241],[133.046284,36.060932],[133.057105,36.082974],[133.041197,36.109753],[133.070079,36.113421],[133.092948,36.139256],[133.068982,36.142733],[133.055425,36.126697],[133.05471,36.132207],[133.044255,36.127636],[133.043755,36.135144],[133.014513,36.137616],[133.006659,36.107967],[132.994555,36.114412],[132.985062,36.107899],[132.982036,36.117288],[132.961696,36.096956],[132.968439,36.092517],[132.945803,36.079781]]]]}},{"type":"Feature","id":"JP-22","properties":{"name":"Shizuoka","shapeName":"Shizuoka","shapeISO":"JP-22","shapeID":"47310658B25198997079345","shapeGroup":"JPN","shapeType":"ADM1"},"geometry":{"type":"Polygon","coordinates":[[[137.474107,34.749941],[137.49179,34.70246],[137.48498063231418,34.67385471222454],[137.567843,34.679466],[137.644489,34.674505],[137.796058,34.644727],[137.902465,34.666549],[137.97295,34.665332],[138.060926,34.647507],[138.192061,34.600265],[138.226739,34.594657],[138.234427,34.605728],[138.217899,34.609075],[138.194846,34.636068],[138.197245,34.669113],[138.227207,34.727446],[138.3056166,34.7775245],[138.2887232,34.7812199],[138.3017873,34.7788501],[138.337694,34.829142],[138.3314675,34.8539816],[138.3297678,34.8463647],[138.323942,34.84868],[138.329552,34.866872],[138.3244145,34.8726087],[138.3338278,34.8678839],[138.3285527,34.8756005],[138.3382993,34.8800254],[138.3554043,34.9134839],[138.3712635,34.9196195],[138.3669633,34.9245519],[138.3984586,34.9292849],[138.4128536,34.9419282],[138.47628,34.962399],[138.519179,34.986927],[138.5334977,35.0148706],[138.5158118,35.0208726],[138.517681,35.0077589],[138.50416,35.015425],[138.5066264,35.0034741],[138.50109,35.002262],[138.511541,34.994589],[138.503445,34.985727],[138.490883,35.019248],[138.499111,35.026682],[138.49109,35.029798],[138.508496,35.03347],[138.508464,35.044418],[138.511197,35.03544],[138.510947,35.043163],[138.5237066,35.0426456],[138.519061,35.047603],[138.534696,35.0563084],[138.5567507,35.1016287],[138.578191,35.111611],[138.640633,35.114735],[138.697742,35.134426],[138.684942,35.144093],[138.694796,35.144724],[138.699837,35.135315],[138.753666,35.131287],[138.818435,35.111711],[138.844827,35.095078],[138.8509176,35.0799741],[138.8571942,35.083865],[138.851669,35.0787121],[138.8737257,35.0693034],[138.8860331,35.0461778],[138.9073054,35.0484867],[138.8974209,35.0438484],[138.8921144,35.0320586],[138.8985902,35.023975],[138.8913686,35.0170166],[138.8764814,35.0253017],[138.8449675,35.0141908],[138.8289846,35.0236161],[138.7876301,35.0236186],[138.7874161,35.0303181],[138.768877,34.982795],[138.777188,34.970987],[138.76439,34.972368],[138.76725,34.977712],[138.762228,34.972385],[138.789829,34.909368],[138.755766,34.883138],[138.754803,34.865227],[138.775884,34.853559],[138.759819,34.842853],[138.769148,34.822996],[138.760595,34.829531],[138.752757,34.824251],[138.753754,34.813502],[138.766026,34.808509],[138.7525,34.800542],[138.77095,34.774093],[138.763353,34.770154],[138.773701,34.768752],[138.776939,34.759929],[138.75487,34.746758],[138.761615,34.739279],[138.756348,34.733282],[138.749716,34.736365],[138.739296,34.726623],[138.739074,34.690174],[138.756679,34.691621],[138.777245,34.675373],[138.777629,34.667111],[138.789572,34.669268],[138.790396,34.659055],[138.773384,34.655417],[138.77654,34.640029],[138.789545,34.638643],[138.794653,34.62197],[138.809845,34.628042],[138.825515,34.605887],[138.843433,34.600842],[138.842617,34.609257],[138.847573,34.603901],[138.849478,34.613127],[138.889791,34.624838],[138.891453,34.634527],[138.904908,34.62905],[138.918244,34.65234],[138.94152,34.6621],[138.935854,34.6667031],[138.9483941,34.663183],[138.948199,34.673805],[138.963762,34.673091],[138.95669,34.654269],[138.986876,34.657417],[138.985799,34.669019],[138.9727969,34.6740793],[138.98148,34.681222],[138.9736202,34.6873889],[138.979212,34.70897],[138.993013,34.71757],[138.988624,34.722999],[139.005603,34.752209],[139.021035,34.754894],[139.027739,34.767419],[139.048349,34.768175],[139.041724,34.773778],[139.058737,34.784474],[139.062003,34.800651],[139.078531,34.819493],[139.082968,34.853784],[139.098048,34.857593],[139.102495,34.869642],[139.130147,34.877621],[139.140762,34.890882],[139.131798,34.898444],[139.148078,34.930366],[139.146962,34.953595],[139.132878,34.95204],[139.128514,34.968909],[139.0940173,34.9778346],[139.093677,34.990142],[139.082933,35.000964],[139.100118,35.009211],[139.10048,35.044915],[139.0745005,35.0468842],[139.069223,35.054187],[139.079667,35.06932],[139.074659,35.080917],[139.0822809,35.0860495],[139.0817222,35.0947132],[139.0782412,35.089054],[139.0747048,35.0935319],[139.11184979287444,35.141273076892766],[139.029146,35.150091],[139.026408,35.175617],[138.987639,35.200954],[138.976074,35.235553],[138.975471,35.263753],[139.004611,35.289898],[139.01901,35.329307],[138.998616,35.384041],[139.001418,35.399749],[138.971819,35.405176],[138.916402,35.400614],[138.8742602,35.3792214],[138.851207,35.390541],[138.821749,35.374088],[138.799104,35.376644],[138.680536,35.357678],[138.663599,35.398227],[138.609136,35.393176],[138.597344,35.432704],[138.5818878,35.4457283],[138.531766,35.409333],[138.535086,35.330565],[138.512123,35.313721],[138.521724,35.283815],[138.514243,35.262231],[138.532275,35.223391],[138.52738,35.216804],[138.533136,35.200688],[138.515357,35.198197],[138.491492,35.168384],[138.477899,35.178084],[138.430942,35.180387],[138.418363,35.199335],[138.398697,35.20027],[138.3945,35.20703],[138.386152,35.246244],[138.367031,35.270188],[138.372478,35.299411],[138.358604,35.317479],[138.325843,35.327612],[138.284174,35.304347],[138.257679,35.316613],[138.248737,35.331602],[138.257139,35.338974],[138.251255,35.363529],[138.232016,35.371225],[138.246499,35.399892],[138.258116,35.407425],[138.259256,35.43208],[138.244003,35.458609],[138.255204,35.468908],[138.260176,35.505734],[138.268996,35.514234],[138.257347,35.530849],[138.259557,35.552898],[138.245667,35.561506],[138.240473,35.576156],[138.243292,35.597455],[138.228275,35.627024],[138.228781,35.645897],[138.20337,35.632116],[138.206072,35.608179],[138.189489,35.576781],[138.162049,35.581295],[138.141392,35.555076],[138.159434,35.544959],[138.138292,35.522154],[138.146338,35.518506],[138.139518,35.501178],[138.164661,35.493717],[138.156912,35.459981],[138.119784,35.453394],[138.120352,35.4301],[138.139802,35.422655],[138.134778,35.407823],[138.153129,35.397236],[138.141298,35.369629],[138.096899,35.354226],[138.095989,35.339642],[138.061209,35.347146],[138.037556,35.332925],[138.019723,35.301496],[137.992093,35.301704],[137.966983,35.282848],[137.929252,35.27547],[137.918407,35.254254],[137.895509,35.258006],[137.88402,35.249944],[137.884891,35.23625],[137.873548,35.219479],[137.847337,35.221884],[137.827786,35.211324],[137.831063,35.205301],[137.821972,35.203732],[137.816376,35.187995],[137.803234,35.183519],[137.825472,35.1682],[137.821291,35.15844],[137.829129,35.152261],[137.814651,35.152383],[137.805862,35.131124],[137.792841,35.134764],[137.801179,35.105955],[137.792644,35.095366],[137.778268,35.099623],[137.775532,35.077615],[137.717138,35.035045],[137.701029,35.003488],[137.708132,34.994457],[137.699837,34.984432],[137.707121,34.971947],[137.694632,34.970258],[137.675821,34.94546],[137.658133,34.942997],[137.641252,34.893083],[137.616253,34.875341],[137.597451,34.872447],[137.587252,34.849576],[137.551589,34.851864],[137.542274,34.842049],[137.499992,34.831336],[137.501257,34.822658],[137.487014,34.811749],[137.492942,34.786866],[137.476718,34.774786],[137.474107,34.749941]]]}},{"type":"Feature","id":"JP-09","properties":{"name":"Tochigi","shapeName":"Tochigi","shapeISO":"JP-09","shapeID":"47310658B20461581662238","shapeGroup":"JPN","shapeType":"ADM1"},"geometry":{"type":"Polygon","coordinates":[[[139.326559,36.650697],[139.329552,36.627668],[139.345683,36.625871],[139.352282,36.615091],[139.386682,36.611984],[139.39816,36.60204],[139.403719,36.608823],[139.427759,36.600973],[139.465235,36.606582],[139.483522,36.581883],[139.460751,36.553247],[139.439039,36.550686],[139.434504,36.533617],[139.442841,36.531584],[139.417913,36.494712],[139.428074,36.490419],[139.436468,36.465976],[139.431166,36.45757],[139.408231,36.457969],[139.411951,36.450044],[139.361032,36.383817],[139.368593,36.367319],[139.422786,36.332257],[139.426702,36.324708],[139.414831,36.325187],[139.415694,36.31587],[139.429157,36.306179],[139.430358,36.295686],[139.460868,36.287205],[139.468479,36.279197],[139.458492,36.276847],[139.471868,36.270657],[139.471476,36.275742],[139.481034,36.271321],[139.525959,36.284714],[139.544024,36.275784],[139.553262,36.279457],[139.562251,36.266922],[139.632485,36.271166],[139.643045,36.26609],[139.630713,36.254842],[139.641509,36.235459],[139.645488,36.240467],[139.663085,36.230559],[139.659047,36.22121],[139.66535,36.223443],[139.669936,36.213723],[139.6640596,36.2075517],[139.687938,36.199682],[139.717593,36.211522],[139.72748,36.201581],[139.8218,36.23977],[139.841685,36.275902],[139.835349,36.293497],[139.848022,36.31075],[139.88067,36.322964],[139.878811,36.310704],[139.910345,36.300921],[139.914324,36.336712],[139.964493,36.350943],[139.973532,36.378538],[139.989305,36.367116],[140.002233,36.368019],[140.000423,36.376634],[140.048157,36.375584],[140.069139,36.388929],[140.066389,36.403774],[140.100977,36.39411],[140.111178,36.39798],[140.114087,36.41081],[140.131823,36.414922],[140.144252,36.414046],[140.156499,36.397994],[140.185148,36.398339],[140.203251,36.420745],[140.202596,36.454075],[140.227154,36.485947],[140.229447,36.502083],[140.260183,36.517483],[140.247736,36.534492],[140.251528,36.554582],[140.243771,36.562822],[140.248474,36.610678],[140.234684,36.62376],[140.233755,36.634403],[140.242808,36.636708],[140.240918,36.650925],[140.220054,36.684466],[140.231399,36.699732],[140.268177,36.702218],[140.292247,36.712566],[140.283324,36.734141],[140.254877,36.760025],[140.261064,36.767512],[140.253668,36.783379],[140.266378,36.790491],[140.267388,36.817784],[140.251556,36.852248],[140.256714,36.873251],[140.248704,36.908861],[140.253453,36.929695],[140.264243,36.933317],[140.240578,36.946175],[140.253076,36.96297],[140.243656,36.974001],[140.250232,36.988661],[140.240199,37.000277],[140.252031,37.010228],[140.249449,37.025564],[140.219969,37.018489],[140.203066,37.023964],[140.193376,37.065109],[140.172812,37.070257],[140.137368,37.106436],[140.128246,37.104059],[140.097546,37.124347],[140.059688,37.125476],[140.038549,37.139456],[139.99048,37.142716],[139.953874,37.155063],[139.916323,37.147627],[139.894509,37.15322],[139.831761,37.133642],[139.81504,37.116617],[139.822081,37.085138],[139.774899,37.091895],[139.751806,37.070229],[139.719237,37.070951],[139.700429,37.059328],[139.673264,37.05775],[139.66464,37.039842],[139.625547,37.033225],[139.616676,37.015176],[139.582042,37.015083],[139.576413,37.002079],[139.547869,36.993638],[139.535251,36.980585],[139.494155,36.967907],[139.484198,36.975472],[139.461156,36.970721],[139.457073,36.954215],[139.434439,36.941854],[139.430341,36.925932],[139.399394,36.920384],[139.394146,36.903438],[139.370624,36.889596],[139.370226,36.878232],[139.356138,36.877814],[139.355673,36.858542],[139.348518,36.852741],[139.406691,36.826941],[139.388604,36.805269],[139.37764,36.80426],[139.37499,36.784814],[139.353049,36.77361],[139.355908,36.750567],[139.372458,36.746266],[139.361124,36.7135],[139.336939,36.692355],[139.339308,36.678427],[139.326559,36.650697]]]}},{"type":"Feature","id":"JP-36","properties":{"name":"Tokushima","shapeName":"Tokushima Prefecture","shapeISO":"JP-36","shapeID":"47310658B83740553463450","shapeGroup":"JPN","shapeType":"ADM1"},"geometry":{"type":"MultiPolygon","coordinates":[[[[134.587774,34.209039],[134.623929,34.185676],[134.643812,34.239446],[134.616755,34.232002],[134.613385,34.22305],[134.624374,34.218444],[134.621408,34.210416],[134.606785,34.20635],[134.615215,34.210273],[134.610544,34.215758],[134.587774,34.209039]]],[[[134.587949,34.232137],[134.591042,34.213965],[134.6088,34.233525],[134.616686,34.232509],[134.615906,34.248325],[134.605937,34.252034],[134.587949,34.232137]]],[[[133.660748,33.881809],[133.677293,33.858579],[133.701572,33.849806],[133.738129,33.8498317],[133.748,33.836778],[133.785659,33.842414],[133.78858,33.836244],[133.817773,33.837321],[133.838422,33.845268],[133.872359,33.806193],[133.893375,33.804936],[133.91339,33.791181],[133.947474,33.803744],[133.951086,33.828925],[133.959783,33.83466],[133.9851083,33.8407905],[133.997705,33.821086],[134.032828,33.8284],[134.033311,33.809278],[134.058133,33.781141],[134.056084,33.751478],[134.068359,33.729333],[134.070102,33.711196],[134.058057,33.691033],[134.126012,33.695906],[134.147707,33.684947],[134.174654,33.684285],[134.171312,33.657504],[134.184173,33.649023],[134.149251,33.627141],[134.155956,33.611789],[134.175933,33.607326],[134.170525,33.597085],[134.184719,33.588686],[134.19317,33.561627],[134.218479,33.567611],[134.237756,33.552049],[134.281715,33.561022],[134.306462,33.553824],[134.320025,33.539559],[134.313625,33.549152],[134.319648,33.555708],[134.304654,33.561998],[134.31102,33.562959],[134.311923,33.577196],[134.363704,33.580161],[134.331731,33.583107],[134.363889,33.588601],[134.3565059,33.5931698],[134.363055,33.592332],[134.366855,33.605127],[134.389927,33.62332],[134.362518,33.628077],[134.377152,33.632734],[134.397151,33.657047],[134.413925,33.654919],[134.419815,33.665913],[134.442308,33.663795],[134.516753,33.701435],[134.543247,33.718886],[134.543497,33.736575],[134.55499,33.742026],[134.554833,33.734183],[134.566997,33.732708],[134.57549,33.753904],[134.570028,33.762048],[134.58071,33.762315],[134.581978,33.771659],[134.596488,33.775664],[134.592798,33.77037],[134.602059,33.764099],[134.601838,33.77206],[134.62003,33.786574],[134.64136,33.78063],[134.640595,33.789033],[134.750263,33.833813],[134.741592,33.842169],[134.719772,33.831393],[134.700794,33.836266],[134.6801987,33.8303205],[134.696575,33.842605],[134.720462,33.84509],[134.68785,33.852851],[134.6435319,33.8428333],[134.646726,33.86645],[134.6273671,33.8569919],[134.637317,33.872905],[134.654239,33.871243],[134.660923,33.875844],[134.656558,33.881595],[134.667388,33.87927],[134.67429,33.886715],[134.675287,33.8796],[134.706439,33.9258008],[134.6924649,33.9464106],[134.6959369,33.9517227],[134.670408,33.959393],[134.640295,34.00674],[134.6260893,34.009021],[134.633067,33.994061],[134.625692,33.996751],[134.621966,33.989049],[134.622354,33.99514],[134.605863,33.992439],[134.614373,33.996766],[134.601263,33.998363],[134.58899,34.011036],[134.600777,34.018156],[134.588546,34.028869],[134.595938,34.034959],[134.569596,34.041151],[134.594792,34.039012],[134.597234,34.045988],[134.594712,34.039107],[134.5877939,34.0454965],[134.5821519,34.0410576],[134.5897546,34.0505451],[134.5782124,34.057872],[134.6034487,34.050925],[134.6066682,34.0620497],[134.6003095,34.0695156],[134.5933781,34.064093],[134.608281,34.102837],[134.598285,34.100879],[134.594781,34.11446],[134.6026714,34.1063225],[134.6090001,34.1247737],[134.6234167,34.1281443],[134.6256582,34.136601],[134.601777,34.146412],[134.611504,34.150123],[134.614925,34.142884],[134.64181,34.180274],[134.624437,34.180676],[134.58135,34.201756],[134.590511,34.224378],[134.587436,34.239743],[134.566711,34.233986],[134.573977,34.22039],[134.505902,34.225752],[134.471426,34.208705],[134.440204,34.207894],[134.439061,34.191077],[134.429196,34.183193],[134.433336,34.1684],[134.414328,34.156917],[134.402499,34.167886],[134.385487,34.165097],[134.35553,34.18529],[134.344193,34.17238],[134.314563,34.177256],[134.297906,34.168639],[134.292233,34.179143],[134.266077,34.183213],[134.195064,34.171874],[134.173746,34.177002],[134.146316,34.165285],[134.13524,34.151577],[134.1390897,34.133906],[134.1225652,34.1188894],[134.0961042,34.1145359],[134.0791092,34.1210894],[134.0615468,34.1111981],[134.0502908,34.1178282],[134.026258,34.085088],[134.0100256,34.0866884],[133.993934,34.072617],[133.972607,34.072806],[133.945604,34.092173],[133.939116,34.115396],[133.931967,34.116011],[133.9036163,34.1007411],[133.892855,34.108197],[133.834133,34.097741],[133.822935,34.093037],[133.817739,34.0722623],[133.797828,34.06976],[133.778469,34.07946],[133.728994,34.04416],[133.72132,34.022292],[133.6795502,34.0125328],[133.685737,34.003656],[133.675107,33.983603],[133.682206,33.983254],[133.682977,33.964593],[133.692364,33.962455],[133.687054,33.954895],[133.692797,33.946831],[133.675684,33.92638],[133.68563,33.925716],[133.690517,33.916291],[133.677578,33.909551],[133.677946,33.893084],[133.660748,33.881809]]]]}},{"type":"Feature","id":"JP-13","properties":{"name":"Tokyo","shapeName":"Tokyo","shapeISO":"JP-13","shapeID":"47310658B199342310790","shapeGroup":"JPN","shapeType":"ADM1"},"geometry":{"type":"MultiPolygon","coordinates":[[[[141.284774,24.745725],[141.34632,24.77887],[141.329987,24.812246],[141.285893,24.788672],[141.293686,24.772613],[141.284774,24.745725]]],[[[142.121737,26.711093],[142.14500031110074,26.6749046875],[142.141369,26.666519],[142.14908,26.666162],[142.144829,26.656462],[142.15397,26.635822],[142.1607197,26.6399267],[142.161691,26.630437],[142.171105,26.630812],[142.178485,26.607489],[142.181133,26.628659],[142.171166,26.643075],[142.174392,26.654445],[142.189055,26.659371],[142.164195,26.660201],[142.160906,26.674531],[142.168465,26.689878],[142.146624,26.685137],[142.14622,26.693939],[142.164977,26.702392],[142.142046,26.708573],[142.142951,26.698159],[142.134331,26.699338],[142.125964,26.714358],[142.121737,26.711093]]],[[[142.181403,27.100274],[142.186515,27.088017],[142.203318,27.098672],[142.208385,27.08353],[142.20366,27.073262],[142.181805,27.074352],[142.195142,27.061054],[142.187349,27.061037],[142.186196,27.039744],[142.19906,27.045619],[142.229743,27.036151],[142.222069,27.053621],[142.237848,27.052269],[142.21872,27.101131],[142.193045,27.106026],[142.181403,27.100274]]],[[[142.18676,27.130435],[142.187124,27.121534],[142.206374,27.117815],[142.20077,27.109798],[142.235567,27.109593],[142.219639,27.132663],[142.20509,27.127815],[142.206884,27.134059],[142.200126,27.132577],[142.194073,27.143602],[142.18676,27.130435]]],[[[139.754619,32.451334],[139.770067,32.443168],[139.781211,32.45732],[139.758164,32.473434],[139.754619,32.451334]]],[[[139.738322,33.138381],[139.753686,33.105068],[139.770089,33.096741],[139.779502,33.100774],[139.779741,33.075277],[139.79634,33.062376],[139.818842,33.058692],[139.832717,33.045335],[139.83902,33.075164],[139.858696,33.07918],[139.846576,33.117032],[139.817215,33.120134],[139.772288,33.158948],[139.746799,33.156362],[139.738322,33.138381]]],[[[139.576577,33.866499],[139.589454,33.855227],[139.619757,33.85168],[139.632002,33.869797],[139.604655,33.90111],[139.582614,33.888849],[139.576577,33.866499]]],[[[139.473111,34.077475],[139.481875,34.06751],[139.481214,34.051659],[139.531887,34.04656],[139.56321,34.068963],[139.565869,34.10226],[139.539801,34.124273],[139.498583,34.121793],[139.473111,34.077475]]],[[[139.119446,34.193863],[139.128972,34.184536],[139.142468,34.185812],[139.157536,34.205145],[139.175312,34.204459],[139.17069,34.23127],[139.137562,34.242395],[139.136055,34.224719],[139.128246,34.222799],[139.132506,34.20194],[139.119446,34.193863]]],[[[139.3485862,34.751771],[139.356945,34.741892],[139.352485,34.718785],[139.361189,34.709849],[139.358154,34.701153],[139.4012023,34.6819413],[139.4425721,34.6811809],[139.4363796,34.6875283],[139.4447452,34.6845393],[139.4500055,34.6965212],[139.4435899,34.7036161],[139.4490489,34.7414685],[139.4233146,34.7810585],[139.3605045,34.7990851],[139.349642,34.7828017],[139.3485862,34.751771]]],[[[139.240272,34.37021],[139.244458,34.348011],[139.272397,34.329944],[139.277904,34.39029],[139.291397,34.407962],[139.287633,34.428065],[139.278488,34.4313],[139.279661,34.418338],[139.255168,34.401086],[139.254739,34.381606],[139.246105,34.367936],[139.240272,34.37021]]],[[[138.9428648,35.8601625],[138.947472,35.842713],[138.969763,35.831226],[138.970219,35.804873],[138.986422,35.782253],[138.984394,35.767765],[139.024846,35.719701],[139.072203,35.695361],[139.105857,35.69098],[139.1313389,35.6719948],[139.161601,35.667907],[139.166952,35.651066],[139.179084,35.645572],[139.198255,35.653],[139.211459,35.649117],[139.219638,35.625895],[139.252221,35.601667],[139.285701,35.612883],[139.303865,35.604299],[139.339887,35.605256],[139.399794,35.584426],[139.458259,35.528038],[139.454347,35.520639],[139.463283,35.517838],[139.468684,35.502004],[139.484936,35.503969],[139.476971,35.511396],[139.487796,35.527882],[139.481858,35.555956],[139.468263,35.563139],[139.473342,35.576869],[139.489761,35.584317],[139.482866,35.571384],[139.491029,35.561426],[139.507589,35.575141],[139.466046,35.6095],[139.453514,35.604476],[139.449278,35.611776],[139.4630468,35.6248197],[139.489284,35.604409],[139.499738,35.605448],[139.494675,35.617286],[139.516072,35.625619],[139.525515,35.642667],[139.618518,35.613786],[139.66449,35.589522],[139.678787,35.562987],[139.703733,35.552607],[139.697759,35.543757],[139.702224,35.537027],[139.756851,35.544502],[139.79577068036855,35.523355428900985],[139.8007094,35.5348895],[139.802471,35.520916],[139.8262697,35.541583],[139.8068372,35.5311542],[139.809292,35.538669],[139.785521,35.570529],[139.7636958,35.5605102],[139.7420278,35.5702685],[139.7675192,35.5814628],[139.7874224,35.5794608],[139.7778058,35.5871619],[139.7688302,35.5822371],[139.7767914,35.5902764],[139.7597929,35.6153879],[139.7592014,35.6336142],[139.7526359,35.6344226],[139.7604396,35.6367712],[139.7610024,35.6518712],[139.798839,35.62177],[139.8065382,35.640338],[139.8344868,35.6440661],[139.8336765,35.6346362],[139.8215277,35.631518],[139.8402351,35.6336018],[139.8412735,35.6467565],[139.8723964784947,35.63731819395902],[139.8869,35.653734],[139.886936,35.67926],[139.90715,35.684384],[139.919009,35.6991282],[139.89765,35.724999],[139.899446,35.744386],[139.879457,35.767525],[139.8933847,35.7834608],[139.8727358,35.7822441],[139.8729376,35.7970248],[139.8560682,35.7908206],[139.8394102,35.8007585],[139.822844,35.7954653],[139.821437,35.8148857],[139.7922505,35.8052956],[139.7675139,35.8174803],[139.7553625,35.8127445],[139.7507301,35.8062552],[139.7599716,35.7948424],[139.7380389,35.7801769],[139.7360404,35.7891082],[139.6924234,35.800624],[139.6443534,35.798865],[139.624523,35.780811],[139.622988,35.766872],[139.598203,35.76914],[139.60438,35.775017],[139.588757,35.778529],[139.547155,35.753384],[139.547659,35.774228],[139.516371,35.765573],[139.542975,35.779807],[139.5371301,35.7915988],[139.5475266,35.8019024],[139.541729,35.807302],[139.496802,35.7782056],[139.392149,35.763285],[139.380107,35.766514],[139.379931,35.778907],[139.370265,35.778288],[139.369917,35.791727],[139.325164,35.795586],[139.3161555,35.8236677],[139.304763,35.8223978],[139.3009403,35.8350214],[139.2798576,35.841176],[139.2312689,35.8366406],[139.2126459,35.8466114],[139.1924381,35.8402716],[139.1475397,35.8627108],[139.0616286,35.8736298],[139.0240041,35.8972942],[139.0103202,35.8971725],[139.0009278,35.8840089],[138.9678411,35.8821533],[138.9428648,35.8601625]]]]}},{"type":"Feature","id":"JP-31","properties":{"name":"Tottori","shapeName":"Tottori Prefecture","shapeISO":"JP-31","shapeID":"47310658B78383189487115","shapeGroup":"JPN","shapeType":"ADM1"},"geometry":{"type":"Polygon","coordinates":[[[133.136283,35.069572],[133.142139,35.064725],[133.16104,35.074175],[133.179534,35.067297],[133.21092,35.074214],[133.230073,35.068023],[133.232345,35.077416],[133.249577,35.079036],[133.269139,35.057678],[133.290824,35.070944],[133.293136,35.101596],[133.325517,35.093469],[133.338222,35.106563],[133.354874,35.100771],[133.372952,35.112979],[133.411826,35.121146],[133.411224,35.138752],[133.393217,35.16769],[133.396462,35.180859],[133.415573,35.184724],[133.42218,35.176113],[133.447556,35.171296],[133.507974,35.193116],[133.526192,35.182926],[133.521601,35.210429],[133.505541,35.228172],[133.516749,35.240665],[133.534831,35.236717],[133.560769,35.246746],[133.576786,35.314414],[133.596799,35.345021],[133.649628,35.336215],[133.678351,35.318942],[133.697109,35.327144],[133.728902,35.316724],[133.745245,35.319513],[133.783573,35.294765],[133.800007,35.292649],[133.818023,35.252712],[133.8320762,35.2488319],[133.8445732,35.2494939],[133.8659432,35.2722589],[133.8621392,35.2925039],[133.9252222,35.3068989],[133.9341002,35.3351269],[133.9453212,35.3326159],[133.9696332,35.3478339],[133.9796892,35.3433759],[133.9976682,35.3528999],[134.0148062,35.3503909],[134.015509,35.334078],[133.999418,35.314802],[134.008119,35.308174],[134.070216,35.297274],[134.097759,35.305697],[134.115708,35.283546],[134.139797,35.278822],[134.137699,35.269346],[134.150579,35.257956],[134.137339,35.238655],[134.164184,35.227976],[134.152948,35.196284],[134.165554,35.187272],[134.167401,35.172018],[134.177598,35.169171],[134.189937,35.175865],[134.193474,35.189123],[134.221796,35.190451],[134.260472,35.210976],[134.278461,35.196871],[134.321218,35.201817],[134.336655,35.219603],[134.3689,35.231719],[134.37296,35.245802],[134.38995,35.25222],[134.434966,35.229195],[134.447766,35.23792],[134.463472,35.236823],[134.461767,35.244029],[134.515371,35.277308],[134.509274,35.294028],[134.514802,35.307672],[134.501921,35.326543],[134.513915,35.353457],[134.502868,35.365961],[134.472302,35.37825],[134.480094,35.427038],[134.439999,35.442929],[134.430876,35.502469],[134.412702,35.514904],[134.425601,35.541806],[134.421799,35.562549],[134.40504,35.570498],[134.408304,35.589065],[134.36994406421928,35.61458843915161],[134.364273,35.601584],[134.339758,35.608428],[134.334903,35.592401],[134.316447,35.596591],[134.293524,35.589323],[134.2858618,35.5790736],[134.289955,35.574516],[134.277382,35.572676],[134.266044,35.557846],[134.209504,35.54173],[134.187133,35.542949],[134.196416,35.532704],[134.17924,35.53823],[134.18426,35.541039],[134.152787,35.530551],[134.03406,35.518525],[134.01794,35.521715],[134.007456,35.537912],[133.999511,35.524802],[133.959761,35.525716],[133.958815,35.519116],[133.925182,35.510145],[133.779508,35.500519],[133.668677,35.507002],[133.593657,35.531276],[133.563907,35.530659],[133.546086,35.521477],[133.497747,35.515799],[133.472125,35.498893],[133.447119,35.494768],[133.431813,35.480963],[133.425239,35.459841],[133.4019664,35.4526895],[133.3401712,35.4609214],[133.285397,35.482621],[133.2514185,35.5144072],[133.2605828,35.5197227],[133.2557863,35.5282765],[133.2450708,35.5308328],[133.2718842,35.5523333],[133.227724,35.54887],[133.201021,35.535242],[133.198539,35.526327],[133.2225,35.480224],[133.272022,35.446012],[133.30869,35.430877],[133.320572,35.410277],[133.313567,35.387346],[133.324505,35.374033],[133.296046,35.34937],[133.298559,35.325104],[133.292525,35.320643],[133.306951,35.30337],[133.299501,35.291882],[133.310551,35.267918],[133.275661,35.257856],[133.253282,35.260027],[133.243357,35.250412],[133.222616,35.249053],[133.152649,35.219072],[133.152742,35.203812],[133.168819,35.209354],[133.182029,35.20136],[133.1949,35.169832],[133.183912,35.156727],[133.148451,35.139983],[133.136283,35.069572]]]}},{"type":"Feature","id":"JP-16","properties":{"name":"Toyama","shapeName":"Toyama","shapeISO":"JP-16","shapeID":"47310658B23327126724630","shapeGroup":"JPN","shapeType":"ADM1"},"geometry":{"type":"Polygon","coordinates":[[[136.768379,36.42341],[136.769796,36.414998],[136.79514,36.401265],[136.808187,36.358689],[136.784656,36.343788],[136.792284,36.299212],[136.832365,36.306812],[136.842494,36.332717],[136.837149,36.347216],[136.865097,36.349661],[136.871218,36.36755],[136.874754,36.342794],[136.907471,36.360842],[136.954894,36.339351],[136.973286,36.309853],[136.957732,36.277937],[136.975303,36.274365],[136.986213,36.286275],[137.012593,36.293101],[137.019738,36.318282],[137.037568,36.317439],[137.051512,36.328134],[137.058733,36.342501],[137.048901,36.345496],[137.062163,36.366142],[137.059359,36.373419],[137.094879,36.383967],[137.091941,36.396541],[137.160705,36.456635],[137.174936,36.450063],[137.191672,36.455214],[137.205626,36.427605],[137.247608,36.461965],[137.256375,36.451142],[137.278481,36.464997],[137.298509,36.458231],[137.308515,36.463776],[137.317008,36.460804],[137.317785,36.451183],[137.305003,36.435836],[137.318617,36.424442],[137.351203,36.432904],[137.361494,36.450052],[137.389932,36.459923],[137.395218,36.436399],[137.40972,36.424682],[137.460708,36.412227],[137.474104,36.42541],[137.504235,36.425711],[137.540899,36.391443],[137.592404,36.389676],[137.605357,36.402539],[137.608075,36.419417],[137.636541,36.428413],[137.639908,36.445831],[137.655406,36.459173],[137.651996,36.488201],[137.666816,36.493817],[137.668741,36.509462],[137.705436,36.517821],[137.710549,36.535743],[137.684593,36.537808],[137.687733,36.562076],[137.724303,36.586492],[137.747636,36.586824],[137.752932,36.594768],[137.74424,36.61751],[137.754616,36.63912],[137.753449,36.657769],[137.761858,36.666008],[137.750019,36.704746],[137.759289,36.740742],[137.751767,36.751109],[137.762075,36.770426],[137.749497,36.780191],[137.749322,36.809577],[137.730076,36.826427],[137.734124,36.868833],[137.713512,36.891439],[137.720451,36.926691],[137.711292,36.944089],[137.6665,36.95024],[137.63498198547947,36.979749090640965],[137.587671,36.97484],[137.574593,36.963747],[137.49096,36.954118],[137.422294,36.919698],[137.409485,36.897821],[137.418354,36.872294],[137.408912,36.860149],[137.410626,36.84676],[137.391968,36.823693],[137.390186,36.804273],[137.349522,36.782319],[137.332053,36.761804],[137.295174,36.755733],[137.229212,36.766683],[137.234344,36.765331],[137.223134,36.751159],[137.2258775,36.7656801],[137.2229338,36.7592893],[137.182422,36.757226],[137.121837,36.779502],[137.1183442,36.7664441],[137.1421193,36.7605307],[137.1361326,36.7525194],[137.1092462,36.7631436],[137.1122717,36.767888],[137.0925735,36.7698303],[137.1135676,36.7745227],[137.1078063,36.7793243],[137.1134915,36.7812542],[137.070196,36.7917],[137.062703,36.80534],[137.055297,36.802549],[136.995159,36.848106],[136.985308,36.877425],[137.026743,36.915662],[137.032715,36.923621],[137.026869,36.93955],[137.051731,36.959156],[137.037666,36.96712],[137.005083,36.961132],[136.986944,36.967298],[136.973742,36.944313],[136.953782,36.956058],[136.930949,36.950604],[136.915608,36.930809],[136.895577,36.924721],[136.878971,36.906272],[136.883027,36.876826],[136.862384,36.860328],[136.867224,36.85092],[136.856437,36.839793],[136.860013,36.829078],[136.848018,36.809731],[136.854049,36.794662],[136.843131,36.782316],[136.852661,36.77033],[136.84916,36.759236],[136.839309,36.745204],[136.821956,36.740301],[136.819857,36.730651],[136.796097,36.729579],[136.789211,36.719028],[136.815577,36.700508],[136.810021,36.686587],[136.822566,36.680998],[136.823831,36.670173],[136.800564,36.646573],[136.799899,36.636406],[136.784816,36.628505],[136.783145,36.616833],[136.795315,36.584842],[136.791004,36.569623],[136.80244,36.568772],[136.81723,36.552387],[136.795103,36.510809],[136.793946,36.496982],[136.802814,36.485008],[136.795547,36.474886],[136.798359,36.461649],[136.788199,36.452686],[136.796722,36.444689],[136.769613,36.430861],[136.768379,36.42341]]]}},{"type":"Feature","id":"JP-30","properties":{"name":"Wakayama","shapeName":"Wakayama Prefecture","shapeISO":"JP-30","shapeID":"47310658B18585040133157","shapeGroup":"JPN","shapeType":"ADM1"},"geometry":{"type":"MultiPolygon","coordinates":[[[[135.797606,33.463785],[135.823264,33.461745],[135.821726,33.452246],[135.831382,33.448927],[135.8295777,33.4564401],[135.853799,33.459698],[135.862961,33.472597],[135.811713,33.481441],[135.797606,33.463785]]],[[[135.858659,33.894807],[135.861094,33.887142],[135.871441,33.888731],[135.882688,33.878871],[135.873309,33.870447],[135.874832,33.861596],[135.878603,33.87195],[135.897633,33.869746],[135.901313,33.885406],[135.892342,33.89394],[135.892907,33.881957],[135.885337,33.883863],[135.880428,33.917786],[135.865859,33.922072],[135.858659,33.894807]]],[[[135.056395,33.888156],[135.057665,33.879834],[135.080067,33.890956],[135.112563,33.893444],[135.141147,33.885255],[135.158049,33.86987],[135.153461,33.865322],[135.1655564,33.8521408],[135.162941,33.845095],[135.1744392,33.8399184],[135.185814,33.819688],[135.208165,33.808852],[135.217015,33.814177],[135.234967,33.798913],[135.234751,33.781565],[135.270549,33.782941],[135.294573,33.771626],[135.296163,33.763742],[135.313834,33.769051],[135.324739,33.759768],[135.327324,33.742069],[135.348618,33.747136],[135.356728,33.740933],[135.3512935,33.7294033],[135.3452377,33.7344474],[135.352545,33.724592],[135.3632019,33.7326961],[135.3829107,33.715578],[135.3996339,33.7224084],[135.395917,33.703331],[135.386138,33.693399],[135.3824543,33.7053546],[135.3765015,33.6951732],[135.383037,33.691229],[135.372625,33.689812],[135.377825,33.682793],[135.36654,33.686083],[135.36048,33.679572],[135.361247,33.685786],[135.353408,33.683128],[135.356228,33.69541],[135.335741,33.69528],[135.344266,33.68084],[135.329573,33.670478],[135.343315,33.658283],[135.381447,33.65129],[135.391483,33.642637],[135.3904,33.633069],[135.399431,33.631395],[135.389078,33.618671],[135.397695,33.616532],[135.387568,33.607593],[135.390146,33.593215],[135.39986,33.584105],[135.404128,33.588349],[135.408936,33.575708],[135.417129,33.581163],[135.419722,33.568968],[135.448626,33.559804],[135.446483,33.549257],[135.476794,33.551319],[135.480443,33.544583],[135.487778,33.550809],[135.494319,33.544825],[135.487123,33.542696],[135.51416,33.531551],[135.510035,33.525727],[135.569908,33.517298],[135.592446,33.498014],[135.591079,33.507406],[135.624633,33.502367],[135.629715,33.509137],[135.663053,33.490143],[135.694422,33.487797],[135.700548,33.494357],[135.710044,33.487752],[135.70874,33.477949],[135.712843,33.485683],[135.725215,33.477263],[135.736462,33.486015],[135.738963,33.476375],[135.766035,33.482034],[135.766015,33.473223],[135.774869,33.478094],[135.776503,33.462573],[135.75081,33.451071],[135.752566,33.43757],[135.762588,33.433116],[135.770731,33.447138],[135.787586,33.437962],[135.790724,33.448276],[135.798039,33.445341],[135.7896085,33.4578805],[135.797421,33.460993],[135.781217,33.463331],[135.798811,33.499349],[135.824792,33.514462],[135.842954,33.512666],[135.872634,33.533537],[135.878404,33.528634],[135.924239,33.559171],[135.914186,33.563503],[135.889893,33.555366],[135.923952,33.576714],[135.939214,33.57344],[135.959795,33.582117],[135.962056,33.595226],[135.9454753,33.5907936],[135.94391,33.604401],[135.934166,33.593208],[135.926173,33.604827],[135.936226,33.618404],[135.946052,33.617433],[135.9449082,33.6279183],[135.9507803,33.6300194],[135.951763,33.616848],[135.953712,33.62198],[135.953573,33.63159],[135.9370538,33.6427104],[135.959736,33.654227],[135.971347,33.651408],[135.977489,33.653561],[135.968064,33.656155],[135.975184,33.657619],[135.979324,33.648836],[135.98579,33.65508],[135.98708,33.66516],[135.977218,33.659161],[135.9716959,33.6725965],[135.989013,33.684042],[135.9941682,33.7034071],[136.01157574459546,33.723652389715994],[135.9795,33.736879],[135.971865,33.732965],[135.976397,33.723283],[135.941804,33.734956],[135.938427,33.757091],[135.928371,33.75402],[135.906486,33.767431],[135.892401,33.800346],[135.863458,33.810941],[135.856008,33.819311],[135.855289,33.887817],[135.847047,33.8966],[135.808603,33.906468],[135.80168,33.895707],[135.756115,33.885165],[135.72411,33.903288],[135.685958,33.903955],[135.660604,33.897566],[135.662204,33.889083],[135.647988,33.876898],[135.617964,33.872064],[135.626567,33.883361],[135.622872,33.897959],[135.601113,33.902566],[135.61053,33.913328],[135.616932,33.953816],[135.637231,33.950649],[135.638676,33.985149],[135.622193,34.009668],[135.593849,34.012981],[135.59966,34.032019],[135.58049,34.05791],[135.567062,34.057346],[135.539844,34.075182],[135.549793,34.084985],[135.546261,34.098101],[135.578436,34.115814],[135.590321,34.148667],[135.621918,34.158422],[135.620603,34.168521],[135.644903,34.188457],[135.634444,34.204459],[135.648078,34.218986],[135.677694,34.223436],[135.708034,34.208197],[135.730204,34.228399],[135.716215,34.265582],[135.692469,34.278272],[135.680806,34.270616],[135.672684,34.281571],[135.668935,34.322904],[135.658954,34.332877],[135.663525,34.355444],[135.651129,34.383206],[135.577121,34.376049],[135.507821,34.336497],[135.485376,34.362832],[135.465705,34.347335],[135.435451,34.348673],[135.424916,34.339982],[135.408974,34.341843],[135.397046,34.330391],[135.338238,34.335278],[135.327903,34.323747],[135.330507,34.316746],[135.303967,34.313715],[135.293373,34.299293],[135.282812,34.31791],[135.248959,34.314373],[135.225006,34.300861],[135.208043,34.308202],[135.20508,34.288261],[135.153789,34.274278],[135.146765,34.283808],[135.136616,34.273506],[135.11141,34.271834],[135.096764,34.296642],[135.103535,34.311139],[135.074181,34.305354],[135.067697,34.285329],[135.0741794,34.2782531],[135.061521,34.263339],[135.099051,34.256742],[135.095724,34.252975],[135.118923,34.239504],[135.116365,34.246326],[135.1327224,34.2298672],[135.100293,34.235788],[135.110492,34.226919],[135.144855,34.227095],[135.136012,34.219581],[135.14365,34.219119],[135.139969,34.212002],[135.1495582,34.1946263],[135.131603,34.21314],[135.140268,34.187932],[135.1514087,34.182068],[135.167117,34.186587],[135.18037,34.169411],[135.172112,34.183792],[135.1800778,34.187192],[135.182749,34.15819],[135.1945116,34.1569939],[135.184232,34.148417],[135.211513,34.148892],[135.17018,34.13332],[135.125634,34.136713],[135.121482,34.129978],[135.1324666,34.1343491],[135.131022,34.12193],[135.142439,34.124575],[135.1460488,34.110817],[135.1156095,34.1199499],[135.110649,34.0967453],[135.095111,34.091825],[135.0948413,34.0849871],[135.1055024,34.0818453],[135.07845,34.074122],[135.088,34.066956],[135.135309,34.065161],[135.147238,34.054568],[135.14589,34.045467],[135.160512,34.046242],[135.158481,34.03782],[135.1677251,34.0372058],[135.1715306,34.0277646],[135.1369635,34.0170805],[135.15118,34.0097288],[135.1476727,34.0052923],[135.118202,33.998869],[135.1094851,33.989043],[135.093044,33.99322],[135.088219,33.979217],[135.067684,33.977028],[135.085909,33.968358],[135.073087,33.959252],[135.079079,33.956028],[135.095796,33.9575968],[135.102191,33.966856],[135.1181098,33.9602038],[135.08852,33.949121],[135.090183,33.942722],[135.081047,33.941144],[135.085038,33.935211],[135.068015,33.931538],[135.070741,33.923774],[135.079284,33.925588],[135.075226,33.917622],[135.082571,33.919172],[135.0831758,33.9102309],[135.0763041,33.9030574],[135.058949,33.904889],[135.0649552,33.8947923],[135.056395,33.888156]]],[[[135.892449,33.945824],[135.899211,33.925257],[135.922255,33.914114],[135.934557,33.920014],[135.917367,33.923536],[135.921602,33.934194],[135.931368,33.933406],[135.929096,33.941422],[135.967911,33.928272],[135.977169,33.966611],[135.987151,33.968213],[135.999528,33.955743],[136.011943,33.966802],[135.995337,34.000718],[136.006938,34.007751],[135.990683,34.003535],[135.975046,33.98613],[135.941404,33.97569],[135.926563,33.981447],[135.892449,33.945824]]]]}},{"type":"Feature","id":"JP-06","properties":{"name":"Yamagata","shapeName":"Yamagata","shapeISO":"JP-06","shapeID":"47310658B1770087263252","shapeGroup":"JPN","shapeType":"ADM1"},"geometry":{"type":"Polygon","coordinates":[[[139.539074,38.55819],[139.599814,38.522064],[139.621199,38.525588],[139.653049,38.506972],[139.693146,38.506802],[139.721749,38.49623],[139.725131,38.485249],[139.711381,38.476805],[139.720117,38.450696],[139.717193,38.421327],[139.703374,38.400222],[139.709789,38.386769],[139.722619,38.393847],[139.732384,38.371604],[139.770706,38.352909],[139.790611,38.348771],[139.816475,38.356016],[139.827679,38.344746],[139.848919,38.342851],[139.847571,38.336711],[139.899799,38.287287],[139.899887,38.275809],[139.876421,38.261626],[139.857929,38.22967],[139.810937,38.211519],[139.786349,38.192247],[139.76395,38.198957],[139.754879,38.193102],[139.721609,38.205869],[139.699174,38.203176],[139.696212,38.185466],[139.682251,38.17179],[139.692248,38.148661],[139.693878,38.115804],[139.682655,38.108077],[139.671318,38.076877],[139.691787,38.075063],[139.68615,38.065041],[139.69271,38.057031],[139.680055,38.043166],[139.654659,38.035168],[139.654443,37.997027],[139.643643,37.995271],[139.639329,37.985522],[139.642974,37.946677],[139.624791,37.918071],[139.638443,37.880025],[139.680815,37.846953],[139.715622,37.854161],[139.741292,37.820295],[139.782939,37.831971],[139.810014,37.803239],[139.857701,37.826541],[139.886603,37.809159],[139.92481,37.813516],[139.927941,37.827526],[139.937015,37.828298],[139.957902,37.814864],[139.960129,37.79565],[139.978023,37.766243],[139.992552,37.758702],[140.037481,37.767982],[140.051409,37.779336],[140.069105,37.757847],[140.086712,37.758046],[140.10174,37.737997],[140.115353,37.734358],[140.140674,37.738081],[140.145991,37.752723],[140.166395,37.757294],[140.235488,37.745889],[140.29878,37.807811],[140.262095,37.834419],[140.269941,37.866549],[140.264744,37.885959],[140.270698,37.890741],[140.264508,37.91194],[140.280982,37.941351],[140.271275,37.966821],[140.27998,37.976647],[140.276224,37.993035],[140.289592,38.007209],[140.276046,38.028723],[140.28337,38.049976],[140.277562,38.056716],[140.373633,38.057012],[140.382991,38.071514],[140.402744,38.070348],[140.417649,38.080339],[140.425133,38.121912],[140.444906,38.131105],[140.443728,38.140934],[140.467633,38.156981],[140.479997,38.181571],[140.467045,38.232757],[140.471154,38.269367],[140.496922,38.283149],[140.492427,38.302232],[140.504315,38.314333],[140.520257,38.309521],[140.529715,38.320704],[140.521554,38.347337],[140.526286,38.357532],[140.545507,38.364127],[140.578189,38.392787],[140.571273,38.413121],[140.580365,38.437276],[140.597736,38.436536],[140.619933,38.454846],[140.608182,38.45841],[140.604202,38.48229],[140.567381,38.50131],[140.563439,38.510714],[140.571928,38.525646],[140.555712,38.529962],[140.554058,38.540766],[140.57844,38.570093],[140.569708,38.594073],[140.558419,38.597644],[140.562095,38.607261],[140.537373,38.635391],[140.546629,38.649711],[140.587835,38.63395],[140.601993,38.640612],[140.624397,38.687179],[140.623608,38.699793],[140.606614,38.703721],[140.607013,38.721321],[140.646436,38.769525],[140.6035,38.783713],[140.595647,38.802335],[140.598862,38.825275],[140.590703,38.836052],[140.540022,38.861899],[140.547449,38.891079],[140.53822,38.900197],[140.500097,38.89486],[140.482418,38.916557],[140.4621,38.919439],[140.45148,38.937692],[140.446279,38.9796],[140.431838,38.99191],[140.376205,38.994466],[140.364014,39.009503],[140.36219,39.025963],[140.3290831,39.0348093],[140.3187771,39.0312693],[140.3107031,39.0135963],[140.2605461,39.0352423],[140.2506261,39.0276423],[140.2267161,39.0272163],[140.2006411,39.0355793],[140.2047481,39.0535033],[140.1980891,39.0612633],[140.1518461,39.0484023],[140.137778,39.065574],[140.116846,39.068237],[140.114479,39.07837],[140.062714,39.092553],[140.062423,39.133505],[140.007751,39.123046],[139.994431,39.105522],[139.948037,39.117172],[139.869575,39.118264],[139.879348,39.096436],[139.867747,39.07332],[139.869306,39.058405],[139.84454,38.990874],[139.818865,38.960539],[139.8337796,38.9639866],[139.835721,38.955948],[139.81229,38.950902],[139.81618,38.937556],[139.8051418,38.930653],[139.831957,38.909517],[139.809594,38.925013],[139.77833,38.834248],[139.746567,38.774995],[139.707384,38.750412],[139.690506,38.723855],[139.668928,38.718184],[139.635337,38.684816],[139.62709,38.687483],[139.59514,38.64673],[139.547888,38.559499],[139.539074,38.55819]]]}},{"type":"Feature","id":"JP-35","properties":{"name":"Yamaguchi","shapeName":"Yamaguchi","shapeISO":"JP-35","shapeID":"47310658B89542195514726","shapeGroup":"JPN","shapeType":"ADM1"},"geometry":{"type":"MultiPolygon","coordinates":[[[[131.947191,33.78089],[131.962483,33.768427],[131.993555,33.779895],[131.967977,33.798169],[131.961619,33.782359],[131.947191,33.78089]]],[[[132.172203,33.803866],[132.174291,33.794801],[132.198911,33.803479],[132.21536,33.781075],[132.239994,33.782283],[132.256248,33.766489],[132.273951,33.781181],[132.258529,33.780582],[132.221113,33.81579],[132.209085,33.81805],[132.172203,33.803866]]],[[[131.168175,34.427382],[131.173053,34.408111],[131.188632,34.398328],[131.214794,34.400619],[131.208033,34.412457],[131.226653,34.427989],[131.222289,34.41652],[131.248197,34.425874],[131.261113,34.417767],[131.25279,34.43813],[131.219211,34.426072],[131.168175,34.427382]]],[[[131.126961,34.793244],[131.137131,34.758216],[131.160794,34.763427],[131.163054,34.77832],[131.14231,34.781099],[131.149853,34.788655],[131.130721,34.798662],[131.126961,34.793244]]],[[[130.874382,33.946346],[130.893475,33.939204],[130.89869,33.921996],[130.910132,33.92594],[130.902972,33.914384],[130.92348,33.914414],[130.928385,33.926189],[130.924957,33.93688],[130.9120279,33.942346],[130.914037,33.953614],[130.894226,33.943421],[130.882549,33.953561],[130.874382,33.946346]]],[[[131.555701,33.99506],[131.567676,33.986432],[131.58218,33.992705],[131.601507,34.014978],[131.583588,34.024057],[131.555701,33.99506]]],[[[131.805432,33.946407],[131.819736,33.930695],[131.8358375,33.933747],[131.861987,33.950537],[131.859749,33.965302],[131.877669,33.970176],[131.858378,33.990038],[131.855094,33.97589],[131.841448,33.966721],[131.849415,33.966258],[131.847433,33.949892],[131.833741,33.956509],[131.833301,33.948779],[131.820705,33.944637],[131.8216,33.959241],[131.805432,33.946407]]],[[[132.027924,33.79469],[132.049919,33.784588],[132.058999,33.801822],[132.072631,33.803079],[132.087861,33.825623],[132.118422,33.830042],[132.091532,33.848835],[132.082589,33.845268],[132.071011,33.858454],[132.067654,33.848341],[132.081082,33.836244],[132.078827,33.827909],[132.060404,33.819337],[132.054723,33.798499],[132.027924,33.79469]]],[[[132.172724,33.923453],[132.180976,33.898529],[132.176168,33.894537],[132.203968,33.878901],[132.199478,33.869816],[132.208042,33.856719],[132.220132,33.874699],[132.256934,33.878091],[132.264131,33.868932],[132.279318,33.87085],[132.268239,33.876264],[132.268362,33.889748],[132.2885165,33.9021576],[132.289667,33.890763],[132.300996,33.896545],[132.324972,33.891286],[132.326728,33.881691],[132.336144,33.884299],[132.324934,33.864323],[132.331645,33.857759],[132.347267,33.869696],[132.372183,33.862016],[132.36235,33.896205],[132.375625,33.913974],[132.398955,33.917822],[132.408158,33.909599],[132.421173,33.92518],[132.435368,33.932271],[132.442642,33.927719],[132.472051,33.950174],[132.445369,33.94198],[132.438701,33.951836],[132.417227,33.95317],[132.401937,33.941253],[132.402019,33.928675],[132.369836,33.928423],[132.353323,33.917644],[132.353986,33.907144],[132.330111,33.901035],[132.316711,33.906021],[132.323227,33.913569],[132.319814,33.922731],[132.312418,33.914816],[132.300835,33.920453],[132.285973,33.95536],[132.263466,33.948581],[132.233989,33.967629],[132.229699,33.958812],[132.212704,33.96441],[132.2056385,33.9491874],[132.1845196,33.9537038],[132.1885162,33.9345125],[132.172724,33.923453]]],[[[131.726353,34.028392],[131.745587,34.023063],[131.779908,34.049057],[131.762753,34.048093],[131.752099,34.032614],[131.733263,34.037581],[131.726353,34.028392]]],[[[130.860341,34.110923],[130.888388,34.065279],[130.895497,34.070638],[130.911891,34.059467],[130.914191,34.043302],[130.903712,34.025506],[130.916519,34.019361],[130.908707,33.992496],[130.916963,33.978821],[130.905772,33.954206],[130.919825,33.952532],[130.9151449,33.9388882],[130.928384,33.9384276],[130.9246843,33.9474039],[130.9379705,33.9491652],[130.995905,33.989373],[130.991239,33.996814],[131.006351,34.003022],[131.002955,34.01738],[131.0307069,34.0393283],[131.036762,34.057039],[131.0434673,34.057351],[131.047403,34.042206],[131.099966,34.033042],[131.13417,33.991565],[131.139499,33.992505],[131.1337787,34.0033664],[131.150767,34.003838],[131.146387,33.994955],[131.1671307,33.9788609],[131.1610329,33.9738456],[131.174627,33.975287],[131.1609563,33.9686129],[131.169735,33.963493],[131.158624,33.961199],[131.157728,33.953113],[131.178347,33.931469],[131.2103868,33.944314],[131.2103403,33.950604],[131.2240045,33.9489851],[131.2294603,33.9645778],[131.2260394,33.946717],[131.2332246,33.954011],[131.2153054,33.9366889],[131.2312393,33.9377938],[131.2389841,33.9514476],[131.2488767,33.942907],[131.2339886,33.9364296],[131.232545,33.9270684],[131.252486,33.9368505],[131.2494779,33.9274088],[131.2683891,33.9228961],[131.3149,33.953671],[131.329946,33.951956],[131.356047,33.96601],[131.347647,33.982138],[131.360863,33.985678],[131.363293,33.997107],[131.378298,34.008011],[131.383577,34.022164],[131.3705374,34.0278165],[131.386342,34.031727],[131.388446,34.050199],[131.398707,34.049334],[131.394429,34.026094],[131.415857,34.020732],[131.393994,33.997327],[131.395386,33.985247],[131.421728,34.015607],[131.433006,33.997189],[131.423969,33.989244],[131.438249,33.982515],[131.448345,33.995177],[131.46112,33.987944],[131.455422,34.004073],[131.480123,34.011828],[131.464483,34.025192],[131.474156,34.037603],[131.508777,34.023214],[131.51587,34.013962],[131.509184,34.003568],[131.522889,34.007797],[131.526496,33.999226],[131.54039,33.997383],[131.5996389,34.0386406],[131.610044,34.020907],[131.634857,34.046868],[131.643562,34.045805],[131.644713,34.037007],[131.67678,34.042537],[131.678866,34.054515],[131.697804,34.046495],[131.70929,34.060399],[131.7386873,34.0615179],[131.742076,34.07221],[131.745291,34.06575],[131.761345,34.067729],[131.739389,34.055293],[131.747351,34.045737],[131.763547,34.058818],[131.780023,34.05362],[131.7829403,34.0613284],[131.789461,34.0534],[131.796913,34.059115],[131.792823,34.050548],[131.800513,34.047833],[131.781148,34.02749],[131.788568,34.024709],[131.802343,34.043213],[131.827597,34.029479],[131.8246941,34.0204528],[131.7980145,34.0126267],[131.782682,33.995017],[131.7874436,33.9876421],[131.770537,33.980798],[131.778061,33.973989],[131.798316,33.97723],[131.816354,33.969423],[131.821893,33.976055],[131.815123,33.976186],[131.816789,33.982092],[131.794635,33.987699],[131.818537,33.993044],[131.8431653,34.0188465],[131.838244,34.008967],[131.852149,34.008327],[131.8553523,34.0152133],[131.850192,34.005362],[131.861032,34.0102938],[131.856746,34.001675],[131.863619,34.00725],[131.871193,33.998839],[131.861247,33.988117],[131.875165,33.990428],[131.915123,33.969722],[131.9235449,33.9532846],[131.929657,33.96215],[131.928309,33.952334],[131.93633,33.947313],[131.959964,33.947808],[131.969425,33.930648],[131.962648,33.927482],[131.965344,33.918305],[131.975546,33.917303],[131.969223,33.922409],[131.981528,33.929496],[132.025618,33.901705],[132.057129,33.920367],[132.044792,33.908698],[132.073624,33.905443],[132.078165,33.892032],[132.119835,33.875747],[132.112545,33.86051],[132.115338,33.833667],[132.139732,33.831689],[132.157402,33.844527],[132.158266,33.859724],[132.127855,33.887975],[132.132172,33.909618],[132.11785,33.951159],[132.124641,33.947093],[132.127779,33.957207],[132.1894602,33.9654721],[132.2130251,34.0023517],[132.2216175,34.0402298],[132.209238,34.054822],[132.211522,34.083149],[132.199766,34.109435],[132.203753,34.120635],[132.19906,34.118568],[132.222428,34.131082],[132.2574019,34.1314652],[132.2476953,34.1334327],[132.252401,34.158137],[132.2408759,34.1613582],[132.248926,34.170162],[132.2310817,34.1850232],[132.2375147,34.1900396],[132.2302845,34.1872572],[132.2456112024973,34.21067400705021],[132.195429,34.204389],[132.204856,34.228608],[132.17191,34.225122],[132.170892,34.233582],[132.156915,34.229236],[132.144307,34.236817],[132.146355,34.256785],[132.133569,34.272014],[132.140051,34.284942],[132.123998,34.296647],[132.127355,34.332924],[132.107527,34.328052],[132.101424,34.345146],[132.085263,34.357882],[132.069797,34.356296],[132.0778,34.3879],[132.069755,34.390992],[132.074622,34.402201],[132.06879,34.416048],[132.081047,34.443247],[132.068585,34.467671],[132.025068,34.462383],[132.015441,34.452104],[132.016233,34.437469],[131.997518,34.427911],[131.989853,34.413424],[132.013512,34.38209],[132.013467,34.371327],[131.974133,34.341369],[131.959248,34.306459],[131.919261,34.338141],[131.899538,34.318156],[131.887546,34.327237],[131.88129,34.308619],[131.859997,34.304634],[131.83417,34.311263],[131.831437,34.302615],[131.820101,34.302555],[131.797504,34.317756],[131.795884,34.326911],[131.776915,34.333451],[131.777965,34.353416],[131.765246,34.364066],[131.763457,34.380936],[131.784778,34.399861],[131.79382,34.436213],[131.761394,34.433666],[131.755376,34.440361],[131.737835,34.428596],[131.697425,34.435308],[131.69912,34.477027],[131.682341,34.478999],[131.682066,34.493178],[131.667956,34.504135],[131.706733,34.532928],[131.700792,34.537736],[131.70283,34.565066],[131.713195,34.56281],[131.72761,34.576436],[131.719999,34.583005],[131.718414,34.613403],[131.694819,34.620679],[131.700488,34.649182],[131.683863,34.668801],[131.69062189405795,34.6810443234156],[131.667887,34.675996],[131.674848,34.664701],[131.645928,34.65321],[131.650448,34.640892],[131.638217,34.645991],[131.643727,34.65574],[131.634567,34.664508],[131.603758,34.662016],[131.588982,34.633237],[131.602664,34.6341],[131.603045,34.623003],[131.589249,34.619154],[131.579,34.625574],[131.580031,34.620283],[131.560311,34.618411],[131.550726,34.593474],[131.55478,34.579861],[131.538997,34.563005],[131.519786,34.557139],[131.502129,34.532977],[131.46702,34.538473],[131.455481,34.525487],[131.450103,34.506908],[131.467068,34.501057],[131.461915,34.486032],[131.4409,34.483425],[131.447498,34.476563],[131.432104,34.472404],[131.435191,34.466417],[131.416633,34.449036],[131.396899,34.460223],[131.398195,34.446493],[131.420201,34.443323],[131.409338,34.433205],[131.416449,34.427794],[131.40126,34.428343],[131.391148,34.417364],[131.377582,34.422775],[131.373134,34.414103],[131.3789029,34.4080512],[131.337173,34.418401],[131.325353,34.392898],[131.306552,34.382888],[131.292096,34.380162],[131.275238,34.39],[131.261735,34.384082],[131.256384,34.390163],[131.248284,34.381486],[131.225142,34.393123],[131.225108,34.378959],[131.214627,34.370889],[131.205194,34.374709],[131.208986,34.380327],[131.1984661,34.3976157],[131.188085,34.380505],[131.156038,34.372335],[131.137074,34.39125],[131.131712,34.41771],[131.112511,34.409072],[131.074393,34.424416],[131.047984,34.411223],[131.018121,34.411433],[131.004637,34.415379],[131.003215,34.428004],[130.972329,34.442349],[130.973239,34.431899],[130.960675,34.427261],[130.958676,34.411808],[130.937096,34.403637],[130.932583,34.392093],[130.955193,34.388818],[130.949857,34.402909],[130.958549,34.407836],[130.980005,34.399483],[131.015981,34.404946],[131.020858,34.391035],[131.034232,34.38513],[131.035909,34.371223],[131.000542,34.374005],[130.935057,34.352257],[130.92826,34.341483],[130.921967,34.353372],[130.901468,34.362932],[130.9020367,34.3533568],[130.890623,34.34687],[130.891515,34.324315],[130.898032,34.324827],[130.891405,34.318845],[130.897565,34.317256],[130.885627,34.311711],[130.881859,34.2951],[130.866857,34.287855],[130.92048,34.240992],[130.916265,34.214851],[130.928831,34.212912],[130.933458,34.188786],[130.914172,34.158366],[130.895901,34.153233],[130.904551,34.14735],[130.89678,34.13618],[130.885387,34.136074],[130.885921,34.142064],[130.866684,34.136798],[130.860341,34.110923]]]]}},{"type":"Feature","id":"JP-19","properties":{"name":"Yamanashi","shapeName":"Yamanashi","shapeISO":"JP-19","shapeID":"47310658B89229150671737","shapeGroup":"JPN","shapeType":"ADM1"},"geometry":{"type":"Polygon","coordinates":[[[138.180103,35.714365],[138.193603,35.696929],[138.193339,35.672153],[138.218669,35.644549],[138.232314,35.640097],[138.228275,35.627024],[138.243292,35.597455],[138.240473,35.576156],[138.245667,35.561506],[138.259557,35.552898],[138.257347,35.530849],[138.268996,35.514234],[138.260176,35.505734],[138.255204,35.468908],[138.244003,35.458609],[138.259256,35.43208],[138.258116,35.407425],[138.246499,35.399892],[138.232016,35.371225],[138.251255,35.363529],[138.254519,35.320419],[138.284174,35.304347],[138.325843,35.327612],[138.358604,35.317479],[138.372478,35.299411],[138.367031,35.270188],[138.386152,35.246244],[138.398697,35.20027],[138.418363,35.199335],[138.430942,35.180387],[138.477899,35.178084],[138.491492,35.168384],[138.515357,35.198197],[138.533136,35.200688],[138.52738,35.216804],[138.532275,35.223391],[138.514243,35.262231],[138.521724,35.283815],[138.512123,35.313721],[138.535086,35.330565],[138.531766,35.409333],[138.558919,35.434169],[138.5818878,35.4457283],[138.597344,35.432704],[138.609136,35.393176],[138.663599,35.398227],[138.680536,35.357678],[138.799104,35.376644],[138.821749,35.374088],[138.851207,35.390541],[138.8742602,35.3792214],[138.916402,35.400614],[138.937369,35.448867],[138.98882,35.473641],[139.027548,35.480968],[139.046113,35.509736],[139.085788,35.512086],[139.110124,35.532289],[139.111959,35.549794],[139.129853,35.566374],[139.121436,35.586988],[139.134411,35.61651],[139.123488,35.623952],[139.127551,35.641081],[139.117166,35.654538],[139.1313389,35.6719948],[139.105857,35.69098],[139.072203,35.695361],[139.024846,35.719701],[138.984394,35.767765],[138.986422,35.782253],[138.970219,35.804873],[138.969763,35.831226],[138.953259,35.836518],[138.943931,35.854819],[138.910943,35.852728],[138.89222,35.839779],[138.855898,35.865094],[138.813602,35.862368],[138.792001,35.875451],[138.790618,35.891879],[138.779348,35.899909],[138.729009,35.909221],[138.708058,35.909753],[138.685844,35.893866],[138.676174,35.869802],[138.610871,35.873611],[138.604986,35.893751],[138.612254,35.909154],[138.591015,35.919769],[138.576508,35.911422],[138.510569,35.922339],[138.494699,35.911342],[138.49013,35.896375],[138.4716,35.896197],[138.454583,35.899859],[138.44437,35.917807],[138.454352,35.93848],[138.450561,35.945412],[138.381432,35.971421],[138.361753,35.962315],[138.326464,35.903294],[138.283639,35.859316],[138.248602,35.885925],[138.232353,35.875679],[138.204698,35.828139],[138.205691,35.815734],[138.185172,35.79108],[138.236899,35.757987],[138.180103,35.714365]]]}}]}
