{"type":"FeatureCollection","features":[{"type":"Feature","properties":{"ADM0_A3":"CAN"},"geometry":{"type":"MultiPolygon","coordinates":[[[[-95.160569,49.369494],[-95.160337,49.313012],[-95.160027,49.223353],[-95.159665,49.10951],[-95.159329,49.01179],[-95.161887,49.001145],[-95.168527,48.995047],[-95.177106,48.99267],[-95.396937,48.99267],[-95.616717,48.99267],[-95.836497,48.99267],[-96.056328,48.99267],[-96.276212,48.99267],[-96.495992,48.99267],[-96.715797,48.99267],[-96.935603,48.99267],[-97.155383,48.99267],[-97.226089,48.99267],[-97.375189,48.99267],[-97.594994,48.99267],[-97.8148,48.99267],[-98.034606,48.99267],[-98.254437,48.99267],[-98.474191,48.99267],[-98.694049,48.99267],[-98.913854,48.99267],[-99.13366,48.99267],[-99.353492,48.99267],[-99.573297,48.99267],[-99.793103,48.99267],[-100.012883,48.99267],[-100.232663,48.99267],[-100.452494,48.99267],[-100.672274,48.99267],[-100.892106,48.99267],[-101.111886,48.99267],[-101.331691,48.99267],[-101.36434,48.99267],[-101.551574,48.99267],[-101.77138,48.99267],[-101.991186,48.99267],[-102.21094,48.99267],[-102.430746,48.992618],[-102.650577,48.992618],[-102.870383,48.992618],[-103.09024,48.992618],[-103.310046,48.992618],[-103.529852,48.992618],[-103.749683,48.992618],[-103.969489,48.992618],[-104.047574,48.992618],[-104.189243,48.992618],[-104.409049,48.992618],[-104.628854,48.992618],[-104.848712,48.992618],[-105.057502,48.992618],[-105.288323,48.992618],[-105.508155,48.992618],[-105.727935,48.992618],[-105.94774,48.992618],[-106.16752,48.992618],[-106.387326,48.992618],[-106.607183,48.992618],[-106.826989,48.992618],[-107.046795,48.992618],[-107.266626,48.992618],[-107.486432,48.992618],[-107.706238,48.992618],[-107.926043,48.992618],[-108.145797,48.992618],[-108.365629,48.992618],[-108.585435,48.992618],[-108.80524,48.992618],[-109.025046,48.992618],[-109.244852,48.992618],[-109.464709,48.992618],[-109.684541,48.992618],[-109.904269,48.992618],[-109.999321,48.992618],[-110.1241,48.992618],[-110.34388,48.992618],[-110.563712,48.992618],[-110.783517,48.992618],[-111.003323,48.992618],[-111.223077,48.992618],[-111.442883,48.992618],[-111.662714,48.992618],[-111.882572,48.992618],[-112.102377,48.992618],[-112.322183,48.992618],[-112.541989,48.992618],[-112.76182,48.992566],[-112.981626,48.992515],[-113.20138,48.992515],[-113.421186,48.992515],[-113.641043,48.992515],[-113.860875,48.992515],[-114.06384,48.992515],[-114.080681,48.992515],[-114.300486,48.992515],[-114.520266,48.992515],[-114.740098,48.992515],[-114.959929,48.992515],[-115.179657,48.992515],[-115.399515,48.992515],[-115.619372,48.992515],[-115.839126,48.992515],[-116.048163,48.992515],[-116.058958,48.992515],[-116.278763,48.992515],[-116.498569,48.992515],[-116.718375,48.992515],[-116.938181,48.992515],[-117.038151,48.992515],[-117.158012,48.992515],[-117.377869,48.992515],[-117.597675,48.992515],[-117.817429,48.992515],[-118.037235,48.992515],[-118.257066,48.992515],[-118.476872,48.992515],[-118.696678,48.992515],[-118.916484,48.992515],[-119.136212,48.992515],[-119.356043,48.992515],[-119.575875,48.992515],[-119.795706,48.992515],[-120.015512,48.992515],[-120.235318,48.992515],[-120.455149,48.992515],[-120.674955,48.992515],[-120.894709,48.992515],[-121.114515,48.992515],[-121.33432,48.992515],[-121.554152,48.992515],[-121.773958,48.992515],[-121.993763,48.992515],[-122.213517,48.992515],[-122.433375,48.992515],[-122.653258,48.992515],[-122.753017,48.992515],[-122.759511,49.001166],[-122.781809,49.01732],[-122.823232,49.006985],[-122.853017,49.017035],[-122.876047,49.036526],[-122.867747,49.080471],[-122.881744,49.086493],[-122.930043,49.086859],[-123.032826,49.050605],[-123.048573,49.035224],[-123.035308,48.992499],[-123.090506,48.992515],[-123.108306,49.033677],[-123.142974,49.06094],[-123.05427,49.123236],[-123.040679,49.151028],[-123.081125,49.128363],[-123.123402,49.115871],[-123.167144,49.115627],[-123.211985,49.12995],[-123.200103,49.148505],[-123.198313,49.205634],[-123.179799,49.209866],[-123.137603,49.195705],[-123.143381,49.207465],[-123.235911,49.249986],[-123.246897,49.274644],[-123.143056,49.280097],[-123.161936,49.299994],[-123.154897,49.308539],[-123.138539,49.309027],[-123.108632,49.288764],[-123.074208,49.294379],[-123.067372,49.287543],[-123.039418,49.295885],[-122.960846,49.281887],[-122.921946,49.299547],[-122.892486,49.333686],[-122.855702,49.441799],[-122.878285,49.457343],[-122.882395,49.404242],[-122.93814,49.325832],[-123.02066,49.30683],[-123.211985,49.34276],[-123.270009,49.335354],[-123.293935,49.370103],[-123.245473,49.411078],[-123.240102,49.441555],[-123.251129,49.522854],[-123.21817,49.596015],[-123.225657,49.603461],[-123.206899,49.621568],[-123.211985,49.650051],[-123.169993,49.674994],[-123.153961,49.692939],[-123.17101,49.705268],[-123.247426,49.658271],[-123.245473,49.613105],[-123.256418,49.593004],[-123.287262,49.580878],[-123.328033,49.581773],[-123.355336,49.55508],[-123.396596,49.558295],[-123.502675,49.505439],[-123.485707,49.493598],[-123.491322,49.47309],[-123.473215,49.434516],[-123.482289,49.414211],[-123.516184,49.391669],[-123.554596,49.38996],[-123.781117,49.465481],[-123.885569,49.477281],[-123.903432,49.486151],[-123.919545,49.507473],[-123.963775,49.521145],[-123.975453,49.530911],[-124.06607,49.644029],[-124.063832,49.678453],[-124.044301,49.69123],[-124.020131,49.732611],[-124.006093,49.74079],[-123.93928,49.743598],[-123.920806,49.715806],[-123.869252,49.67178],[-123.835113,49.633938],[-123.828359,49.581773],[-123.805084,49.528632],[-123.777089,49.505316],[-123.752594,49.540758],[-123.771637,49.575426],[-123.772288,49.59394],[-123.760081,49.609687],[-123.718495,49.616523],[-123.693674,49.634833],[-123.589752,49.653632],[-123.550201,49.674872],[-123.533518,49.705268],[-123.664459,49.656155],[-123.794545,49.644029],[-123.807851,49.646918],[-123.823232,49.683173],[-123.883616,49.739407],[-123.927602,49.763617],[-123.933705,49.783271],[-123.88976,49.828803],[-123.881825,49.847357],[-123.883616,49.901109],[-123.890614,49.921454],[-123.944976,49.944892],[-123.957875,49.967108],[-123.953603,49.989691],[-123.935618,50.00731],[-123.895741,50.017524],[-123.878082,50.031195],[-123.807851,50.041083],[-123.754547,50.093736],[-123.756337,50.103176],[-123.777415,50.11164],[-123.828359,50.158393],[-123.887563,50.18183],[-123.928944,50.190497],[-123.970611,50.214423],[-123.993479,50.219794],[-123.944976,50.172065],[-123.881459,50.153754],[-123.862457,50.14411],[-123.845693,50.12051],[-123.807851,50.103176],[-123.83316,50.075507],[-123.869252,50.054755],[-123.981109,50.021389],[-123.993153,50.01081],[-124.000071,49.973619],[-123.989003,49.933783],[-123.961903,49.903998],[-123.926096,49.886176],[-123.910878,49.869778],[-123.938222,49.828803],[-123.978179,49.809027],[-124.001129,49.811835],[-124.013295,49.863593],[-124.034413,49.88345],[-124.020416,49.907782],[-124.02302,49.919867],[-124.037465,49.924994],[-124.074778,49.869778],[-124.048166,49.841132],[-124.08495,49.830512],[-124.081614,49.808295],[-124.147817,49.784369],[-124.249664,49.780992],[-124.273997,49.774156],[-124.267486,49.751654],[-124.28303,49.746568],[-124.30427,49.752672],[-124.327219,49.774359],[-124.403717,49.76732],[-124.513254,49.797512],[-124.532216,49.844387],[-124.583119,49.882473],[-124.626861,49.89765],[-124.649729,49.920722],[-124.732167,49.954291],[-124.764394,49.977362],[-124.822092,50.040107],[-124.828928,50.054755],[-124.820383,50.071479],[-124.684885,49.986477],[-124.704457,50.040961],[-124.683013,50.052476],[-124.671864,50.082709],[-124.705393,50.103176],[-124.665639,50.126776],[-124.671864,50.14411],[-124.628326,50.169379],[-124.617502,50.18891],[-124.623402,50.205552],[-124.602935,50.240302],[-124.639882,50.29385],[-124.687327,50.312567],[-124.71345,50.331366],[-124.67748,50.354682],[-124.65982,50.392076],[-124.599721,50.405219],[-124.534047,50.397366],[-124.506256,50.416083],[-124.411204,50.445746],[-124.3485,50.49726],[-124.358998,50.509263],[-124.424794,50.466254],[-124.504262,50.438463],[-124.589263,50.425279],[-124.671986,50.430854],[-124.749908,50.352118],[-124.830149,50.317613],[-124.897776,50.328437],[-124.951772,50.328437],[-124.962717,50.340766],[-124.945546,50.370673],[-124.952138,50.391791],[-124.985992,50.427558],[-125.006988,50.432115],[-124.990549,50.383857],[-124.995188,50.360297],[-125.061676,50.327582],[-125.081532,50.324693],[-125.08552,50.363837],[-125.061635,50.376899],[-125.068512,50.424221],[-125.057444,50.477281],[-125.041737,50.486762],[-124.970448,50.500881],[-124.952992,50.537177],[-124.936838,50.547268],[-124.890981,50.554999],[-124.869862,50.582953],[-124.864003,50.671617],[-124.823638,50.734524],[-124.835683,50.754218],[-124.906361,50.778551],[-124.910471,50.793606],[-124.825063,50.869696],[-124.787262,50.884589],[-124.813832,50.927191],[-124.832346,50.931789],[-124.860585,50.927436],[-124.869862,50.894517],[-124.918284,50.843655],[-124.98648,50.808254],[-124.956166,50.798733],[-124.948638,50.761054],[-124.909332,50.749213],[-124.900014,50.735256],[-124.92512,50.658026],[-124.908193,50.627387],[-124.939605,50.597968],[-124.959218,50.603461],[-124.966664,50.590806],[-125.027496,50.558743],[-125.040395,50.531195],[-125.102162,50.498928],[-125.123687,50.4737],[-125.112416,50.454413],[-125.127838,50.436998],[-125.154856,50.424384],[-125.196889,50.420559],[-125.242665,50.466539],[-125.238881,50.495917],[-125.255727,50.506659],[-125.298695,50.46662],[-125.325429,50.4737],[-125.342152,50.489244],[-125.356679,50.543118],[-125.384389,50.534573],[-125.39745,50.486762],[-125.43224,50.466051],[-125.544097,50.455634],[-125.577056,50.470689],[-125.548248,50.493557],[-125.52953,50.542304],[-125.542063,50.589179],[-125.526682,50.636054],[-125.504994,50.662421],[-125.452707,50.685289],[-125.424713,50.713324],[-125.454579,50.720364],[-125.503814,50.688137],[-125.555572,50.666205],[-125.568715,50.63817],[-125.562571,50.589179],[-125.57726,50.552191],[-125.585683,50.53498],[-125.622304,50.522406],[-125.610341,50.493557],[-125.617747,50.471259],[-125.656646,50.442857],[-125.703277,50.437934],[-125.77359,50.487982],[-125.795277,50.493557],[-125.785715,50.506252],[-125.752268,50.508734],[-125.740061,50.52025],[-125.787221,50.531643],[-125.836252,50.527655],[-125.863596,50.500963],[-125.954579,50.475735],[-126.007721,50.471503],[-126.057362,50.478502],[-126.089508,50.500963],[-126.131215,50.489732],[-126.242258,50.501044],[-126.280629,50.519436],[-126.227773,50.544338],[-126.178863,50.52025],[-126.185658,50.548774],[-126.178863,50.575507],[-126.103749,50.596625],[-126.086293,50.589179],[-126.062815,50.603461],[-125.958119,50.618313],[-125.938629,50.630113],[-125.959869,50.645575],[-126.062367,50.627265],[-126.160308,50.597724],[-126.243764,50.596625],[-126.277252,50.625881],[-126.221547,50.642646],[-126.118804,50.646796],[-126.048492,50.664862],[-126.018707,50.666002],[-125.938954,50.651842],[-125.826405,50.677069],[-125.750315,50.685289],[-125.716461,50.678534],[-125.705637,50.681708],[-125.6787,50.733588],[-125.620229,50.757717],[-125.608144,50.780911],[-125.651275,50.836168],[-125.645416,50.854926],[-125.627838,50.862698],[-125.559682,50.865627],[-125.534576,50.911933],[-125.511627,50.926825],[-125.507314,50.939195],[-125.562571,51.055325],[-125.577545,51.072333],[-125.637034,51.103705],[-125.630767,51.06269],[-125.582997,50.966539],[-125.542063,50.939195],[-125.575592,50.907172],[-125.638783,50.89525],[-125.67927,50.870307],[-125.685658,50.828803],[-125.644439,50.798651],[-125.647694,50.782416],[-125.685414,50.774726],[-125.743479,50.717231],[-125.767405,50.706488],[-125.767405,50.713324],[-125.879628,50.709133],[-125.904856,50.689195],[-125.939768,50.683417],[-125.952952,50.685289],[-125.985097,50.715074],[-126.007558,50.713324],[-126.059071,50.685289],[-126.186635,50.671861],[-126.21227,50.675116],[-126.226674,50.692816],[-126.210072,50.709418],[-126.167633,50.718207],[-126.125844,50.748481],[-126.055328,50.774726],[-126.031239,50.789374],[-126.034535,50.795111],[-126.079905,50.795152],[-126.151845,50.773993],[-126.178863,50.780951],[-126.196441,50.798],[-126.178863,50.853217],[-126.183827,50.867865],[-126.2329,50.843655],[-126.240346,50.863471],[-126.388295,50.851996],[-126.459788,50.821967],[-126.488678,50.816718],[-126.547353,50.837388],[-126.556264,50.843655],[-126.562408,50.877143],[-126.498931,50.922349],[-126.466868,50.911933],[-126.360707,50.904283],[-126.318918,50.914211],[-126.223256,50.905015],[-126.184153,50.922919],[-126.173085,50.938788],[-126.178863,50.953518],[-126.243276,50.928127],[-126.405426,50.939195],[-126.459462,50.951728],[-126.48351,50.964667],[-126.505605,51.011542],[-126.514719,51.076361],[-126.521474,51.076361],[-126.552154,51.005072],[-126.526845,50.955878],[-126.535064,50.941718],[-126.575429,50.90644],[-126.674224,50.87816],[-126.696197,50.877427],[-126.747426,50.890815],[-126.769887,50.909735],[-126.815297,50.917792],[-126.846181,50.943427],[-126.869537,50.938137],[-126.899159,50.906928],[-127.027211,50.90644],[-127.080393,50.926907],[-127.151723,50.93244],[-127.165761,50.939195],[-127.174184,50.92593],[-127.12857,50.907782],[-127.033925,50.888332],[-126.953481,50.884589],[-126.926015,50.876614],[-126.921986,50.87226],[-126.957509,50.863511],[-127.021799,50.821926],[-127.042348,50.822903],[-127.130971,50.866116],[-127.223744,50.881415],[-127.248362,50.898261],[-127.255116,50.918158],[-127.310374,50.912909],[-127.429026,50.943101],[-127.446929,50.953518],[-127.417104,50.970404],[-127.423695,50.983222],[-127.443023,50.988267],[-127.473215,50.984076],[-127.530751,51.00373],[-127.499582,51.095364],[-127.481068,51.109931],[-127.502675,51.119778],[-127.634633,51.096625],[-127.661936,51.09748],[-127.686513,51.109931],[-127.689931,51.128974],[-127.777008,51.167222],[-127.793935,51.197943],[-127.78954,51.233385],[-127.736399,51.25788],[-127.626332,51.275336],[-127.571441,51.300605],[-127.415883,51.289252],[-127.378041,51.275051],[-127.221018,51.289252],[-127.138499,51.322821],[-127.126617,51.338813],[-127.11734,51.398505],[-127.176015,51.336412],[-127.28185,51.302314],[-127.515207,51.316596],[-127.515207,51.322821],[-127.472035,51.343004],[-127.464345,51.353217],[-127.484486,51.357571],[-127.590321,51.329657],[-127.680328,51.336127],[-127.721506,51.321357],[-127.751861,51.321926],[-127.779652,51.330552],[-127.78954,51.350084],[-127.778432,51.364895],[-127.728871,51.387437],[-127.664296,51.398139],[-127.604482,51.456244],[-127.551869,51.470893],[-127.552805,51.497504],[-127.521718,51.516059],[-127.515207,51.528266],[-127.52123,51.589057],[-127.51183,51.607367],[-127.492014,51.620592],[-127.315745,51.655748],[-127.043528,51.668606],[-126.677235,51.645738],[-126.655263,51.655504],[-126.648183,51.679104],[-126.624501,51.678412],[-126.603424,51.713813],[-126.638051,51.773261],[-126.666127,51.802558],[-126.658681,51.788275],[-126.667714,51.766425],[-126.644399,51.720038],[-126.648671,51.70661],[-126.678538,51.692694],[-126.69933,51.665432],[-127.09553,51.704169],[-127.258534,51.685858],[-127.350087,51.713813],[-127.354482,51.688666],[-127.38561,51.673774],[-127.423207,51.671861],[-127.446929,51.685858],[-127.426422,51.706366],[-127.432688,51.754788],[-127.374908,51.7685],[-127.362375,51.780219],[-127.337066,51.857164],[-127.350087,51.870185],[-127.387115,51.816352],[-127.39387,51.783759],[-127.400299,51.777737],[-127.453277,51.774563],[-127.476715,51.713446],[-127.492665,51.698717],[-127.582916,51.711859],[-127.645579,51.700141],[-127.645579,51.692694],[-127.549387,51.672268],[-127.476715,51.675198],[-127.467437,51.662299],[-127.478424,51.651557],[-127.545644,51.634345],[-127.558827,51.618842],[-127.590321,51.576646],[-127.567006,51.543931],[-127.571604,51.528144],[-127.622711,51.478176],[-127.642934,51.465155],[-127.713857,51.45775],[-127.728139,51.459947],[-127.761627,51.494086],[-127.745513,51.505316],[-127.680653,51.505194],[-127.65925,51.508368],[-127.65925,51.514594],[-127.700185,51.535061],[-127.796376,51.528266],[-127.802724,51.537665],[-127.78954,51.555569],[-127.802602,51.603949],[-127.826405,51.5987],[-127.837392,51.644965],[-127.873687,51.673407],[-127.877065,51.71483],[-127.864898,51.737698],[-127.891957,51.81623],[-127.877675,51.843573],[-127.882558,51.865546],[-127.87149,51.870185],[-127.849599,51.920111],[-127.76537,51.953437],[-127.684926,51.950019],[-127.666086,51.959621],[-127.673492,51.967027],[-127.659169,51.992011],[-127.638092,52.083726],[-127.614898,52.107489],[-127.547353,52.143256],[-127.515207,52.152045],[-127.47704,52.15058],[-127.468007,52.141181],[-127.475453,52.106635],[-127.507232,52.096137],[-127.565745,52.100043],[-127.62442,52.02851],[-127.54955,52.082261],[-127.430491,52.088813],[-127.405344,52.104234],[-127.449452,52.163153],[-127.451731,52.181871],[-127.398346,52.196438],[-127.381459,52.219672],[-127.357289,52.229193],[-127.283599,52.237698],[-127.263743,52.246039],[-127.172597,52.316474],[-127.04308,52.30976],[-126.997629,52.297512],[-126.943023,52.253119],[-126.937245,52.234687],[-126.946645,52.212836],[-126.907704,52.178453],[-126.710683,52.04682],[-126.672271,51.987494],[-126.67219,52.047349],[-126.685943,52.06269],[-126.716461,52.076972],[-126.750844,52.127834],[-126.885121,52.194525],[-126.912506,52.227118],[-126.902577,52.25788],[-126.938547,52.305854],[-126.925526,52.336982],[-126.884633,52.344428],[-126.874664,52.3581],[-126.814117,52.367987],[-126.733754,52.371161],[-126.753041,52.393378],[-126.785064,52.397447],[-126.912953,52.371975],[-127.002309,52.339301],[-127.041615,52.337836],[-127.11734,52.350653],[-127.144032,52.349311],[-127.189687,52.387885],[-127.192942,52.398749],[-127.179433,52.412095],[-127.199859,52.439399],[-127.224965,52.456122],[-127.227651,52.522854],[-127.149648,52.579413],[-127.109039,52.589301],[-127.055898,52.624986],[-127.003041,52.633612],[-126.98233,52.644721],[-126.965972,52.685614],[-126.931793,52.712836],[-126.925526,52.73428],[-126.969553,52.829413],[-127.076405,52.885077],[-127.017201,52.813666],[-127.001291,52.78266],[-127.001291,52.751614],[-126.980133,52.724311],[-126.986887,52.710883],[-127.053822,52.653022],[-127.15217,52.611396],[-127.223378,52.566311],[-127.258656,52.55329],[-127.255116,52.5362],[-127.28185,52.515123],[-127.261952,52.484442],[-127.26887,52.46898],[-127.285512,52.459052],[-127.452463,52.41177],[-127.495107,52.358832],[-127.589345,52.330878],[-127.610829,52.319648],[-127.616567,52.298529],[-127.673492,52.303453],[-127.730336,52.276272],[-127.755442,52.281806],[-127.744537,52.319648],[-127.714467,52.3581],[-127.736643,52.354397],[-127.782786,52.303453],[-127.800526,52.256293],[-127.860748,52.21601],[-127.872426,52.21955],[-127.889801,52.277086],[-127.914418,52.285142],[-127.932932,52.316474],[-127.909332,52.347561],[-127.897125,52.354438],[-127.857818,52.3581],[-127.847483,52.371324],[-127.891957,52.412095],[-127.918691,52.450263],[-127.914784,52.464423],[-127.872629,52.504136],[-127.873606,52.511908],[-127.888254,52.515123],[-127.918691,52.48786],[-127.926137,52.446845],[-127.925201,52.432847],[-127.898793,52.405911],[-127.902577,52.385321],[-127.967681,52.322699],[-128.01594,52.346747],[-128.027455,52.375963],[-128.063873,52.405911],[-128.056467,52.412095],[-128.066558,52.449652],[-128.05309,52.485175],[-128.023305,52.511542],[-127.984486,52.521959],[-127.947255,52.501532],[-127.934234,52.505927],[-127.939809,52.529446],[-127.898793,52.542426],[-127.877675,52.584052],[-127.931711,52.560492],[-128.028188,52.547553],[-128.071197,52.517808],[-128.092356,52.513251],[-128.165679,52.405911],[-128.197092,52.388577],[-128.234609,52.326402],[-128.296702,52.27558],[-128.392242,52.296047],[-128.379547,52.309394],[-128.33019,52.330227],[-128.339182,52.348822],[-128.328481,52.386379],[-128.298695,52.402411],[-128.260487,52.402411],[-128.251617,52.429429],[-128.226226,52.460517],[-128.221995,52.479438],[-128.242055,52.57038],[-128.193593,52.639309],[-128.183095,52.6765],[-128.156646,52.695624],[-128.1256,52.752834],[-128.138336,52.844143],[-128.132232,52.873114],[-128.109527,52.892076],[-128.037668,52.90705],[-128.028798,52.916653],[-128.041737,52.92357],[-128.105133,52.912055],[-128.12149,52.914008],[-128.138336,52.926663],[-128.16808,52.863511],[-128.248199,52.803168],[-128.305491,52.802802],[-128.371409,52.820217],[-128.442983,52.827704],[-128.450429,52.851752],[-128.477895,52.868313],[-128.497467,52.894721],[-128.496693,52.929429],[-128.536244,53.080268],[-128.53185,53.089504],[-128.495269,53.097357],[-128.511871,53.107367],[-128.549469,53.109442],[-128.556752,53.12873],[-128.546742,53.135972],[-128.481028,53.145738],[-128.575917,53.150336],[-128.661733,53.242174],[-128.672475,53.22724],[-128.659169,53.200995],[-128.680247,53.192816],[-128.84911,53.278551],[-128.884267,53.326321],[-128.876088,53.344957],[-128.844716,53.371649],[-128.887603,53.377102],[-128.87385,53.40058],[-128.886342,53.426947],[-128.880605,53.447699],[-128.831044,53.488349],[-128.877105,53.486314],[-128.907948,53.458686],[-128.917633,53.458686],[-128.947336,53.485826],[-128.974477,53.556627],[-128.945709,53.554511],[-128.892405,53.536607],[-128.864613,53.5362],[-128.812734,53.572943],[-128.789459,53.570299],[-128.748525,53.495185],[-128.70759,53.481513],[-128.672841,53.453599],[-128.666615,53.461086],[-128.693918,53.488349],[-128.68342,53.493069],[-128.667633,53.489325],[-128.639272,53.474758],[-128.562978,53.419501],[-128.497548,53.387152],[-128.503041,53.363349],[-128.493886,53.344062],[-128.483469,53.357123],[-128.482086,53.398017],[-128.508372,53.40644],[-128.508372,53.412665],[-128.467356,53.433743],[-128.379506,53.447496],[-128.351918,53.481513],[-128.308705,53.460639],[-128.253529,53.452826],[-128.127024,53.450873],[-128.089996,53.43122],[-128.070139,53.398993],[-128.104237,53.337592],[-128.051015,53.373847],[-128.032297,53.368232],[-127.960846,53.330064],[-127.95344,53.265204],[-127.942616,53.25373],[-127.87149,53.228339],[-127.877105,53.250149],[-127.917592,53.27143],[-127.932932,53.28913],[-127.932932,53.337592],[-128.00182,53.36225],[-128.030181,53.38227],[-128.085113,53.448228],[-128.112375,53.465155],[-128.111073,53.488349],[-128.30012,53.481513],[-128.374135,53.503567],[-128.390248,53.474595],[-128.420522,53.452704],[-128.452626,53.446194],[-128.491851,53.447414],[-128.529408,53.433743],[-128.552805,53.457221],[-128.594309,53.473944],[-128.612172,53.504584],[-128.687082,53.519436],[-128.700551,53.547105],[-128.728098,53.570299],[-128.749135,53.562445],[-128.807729,53.615383],[-128.816029,53.650336],[-128.773793,53.704739],[-128.770375,53.721422],[-128.7919,53.760199],[-128.775136,53.798285],[-128.75536,53.810492],[-128.693471,53.821234],[-128.677846,53.85932],[-128.656321,53.86225],[-128.558909,53.841702],[-128.479482,53.836859],[-128.473744,53.841498],[-128.501129,53.862698],[-128.572499,53.860907],[-128.662831,53.891059],[-128.682607,53.889309],[-128.693918,53.899319],[-128.635569,53.971259],[-128.627675,54.013007],[-128.598297,54.030219],[-128.621938,54.032131],[-128.681752,54.000678],[-128.748525,53.920356],[-128.764516,53.91352],[-128.782704,53.920356],[-128.789215,53.892564],[-128.839345,53.865627],[-128.861643,53.830227],[-128.932851,53.776353],[-128.906158,53.844672],[-128.914866,53.857611],[-128.947133,53.810492],[-128.940297,53.865139],[-128.965891,53.89053],[-128.98351,53.898342],[-129.009185,53.899319],[-128.977773,53.866889],[-128.965403,53.820543],[-128.973215,53.777574],[-129.00178,53.762112],[-129.048004,53.812323],[-129.063832,53.810492],[-129.064443,53.791205],[-129.033274,53.749498],[-129.112131,53.721869],[-129.129018,53.711168],[-129.146148,53.67768],[-129.189443,53.662177],[-129.228342,53.632717],[-129.238271,53.618801],[-129.24474,53.530341],[-129.262441,53.522528],[-129.262441,53.516303],[-129.24234,53.511868],[-129.235707,53.492011],[-129.242014,53.447414],[-129.289784,53.385403],[-129.33495,53.396918],[-129.593129,53.572211],[-129.615346,53.577135],[-129.742909,53.680162],[-129.742909,53.686998],[-129.731557,53.685777],[-129.701894,53.672756],[-129.715728,53.695461],[-129.776438,53.721137],[-129.80309,53.755276],[-129.845286,53.755276],[-129.9204,53.803656],[-129.948313,53.837836],[-129.996165,53.851508],[-129.974233,53.865871],[-129.961334,53.888983],[-130.019683,53.875678],[-130.104726,53.947089],[-130.086659,53.970608],[-130.091664,54.081122],[-130.05012,54.156195],[-129.961334,54.166815],[-129.940907,54.132636],[-129.899892,54.112128],[-129.87328,54.085598],[-129.83845,54.030219],[-129.80309,54.022773],[-129.783803,54.002346],[-129.7565,54.002346],[-129.735097,53.964545],[-129.714955,53.953843],[-129.745432,54.008979],[-129.782338,54.021796],[-129.824696,54.051337],[-129.865793,54.104682],[-129.899892,54.128974],[-129.932281,54.16828],[-129.927235,54.187323],[-129.886586,54.2119],[-129.838124,54.222073],[-129.792104,54.218004],[-129.765614,54.204169],[-129.721099,54.20775],[-129.636952,54.181138],[-129.611928,54.183905],[-129.553375,54.216376],[-129.475331,54.235053],[-129.491811,54.251451],[-129.517893,54.247219],[-129.575307,54.223863],[-129.595123,54.200344],[-129.625559,54.201809],[-129.767812,54.236518],[-129.828969,54.242133],[-129.886301,54.235053],[-129.978749,54.20775],[-130.019683,54.180487],[-130.078033,54.180487],[-130.101674,54.162258],[-130.124908,54.160875],[-130.154286,54.173651],[-130.17634,54.195217],[-130.277252,54.20775],[-130.281484,54.214423],[-130.292877,54.237454],[-130.231028,54.260077],[-130.194732,54.263007],[-130.23941,54.286851],[-130.243153,54.325629],[-130.258168,54.34101],[-130.249379,54.406399],[-130.272206,54.3581],[-130.348866,54.333726],[-130.372874,54.331855],[-130.458241,54.348619],[-130.473948,54.35871],[-130.482533,54.403551],[-130.465403,54.444241],[-130.445058,54.453192],[-130.400299,54.454006],[-130.379709,54.461005],[-130.435374,54.502183],[-130.439849,54.548977],[-130.431223,54.567776],[-130.385569,54.565253],[-130.379709,54.577704],[-130.439565,54.623928],[-130.431223,54.632961],[-130.405995,54.630439],[-130.362701,54.61225],[-130.276031,54.519843],[-130.052968,54.337388],[-130.006093,54.319973],[-129.958892,54.322089],[-129.975657,54.331855],[-130.013499,54.334174],[-130.084869,54.392076],[-130.064076,54.446845],[-130.071197,54.461005],[-130.0631,54.478949],[-129.999013,54.494534],[-129.981435,54.515448],[-129.996165,54.523668],[-130.063791,54.501939],[-130.076731,54.491197],[-130.084869,54.444241],[-130.101145,54.426337],[-130.137034,54.442043],[-130.211659,54.493354],[-130.290924,54.570787],[-130.283518,54.58515],[-130.359771,54.632148],[-130.372426,54.664252],[-130.338124,54.693793],[-130.287668,54.70775],[-130.234446,54.711412],[-130.18163,54.704779],[-130.084869,54.673896],[-130.060658,54.643215],[-130.011627,54.619859],[-129.923655,54.609198],[-129.893666,54.611802],[-129.880767,54.624742],[-129.961822,54.626614],[-130.016591,54.639797],[-130.075754,54.693345],[-130.154937,54.722561],[-130.201527,54.728502],[-130.194732,54.756415],[-130.159983,54.797431],[-130.153147,54.824693],[-130.0985,54.84455],[-130.05012,54.893012],[-130.06725,54.896674],[-130.104726,54.866278],[-130.173655,54.84455],[-130.134348,54.887193],[-130.10436,54.900865],[-130.063791,54.954413],[-130.022043,54.973863],[-129.996734,54.976955],[-129.975006,54.971869],[-129.956654,54.957424],[-129.989247,54.920315],[-129.975331,54.920966],[-129.934641,54.948188],[-129.90331,54.948188],[-129.880727,54.955268],[-129.824818,54.995429],[-129.769602,54.975531],[-129.718088,54.989203],[-129.663319,54.984361],[-129.641347,54.989569],[-129.6256,55.009711],[-129.675649,54.994574],[-129.954823,55.009711],[-129.987864,55.005764],[-129.999867,55.013129],[-129.956695,55.101386],[-129.941396,55.11872],[-129.916656,55.125718],[-129.860951,55.177151],[-129.852122,55.208319],[-129.813954,55.259508],[-129.752797,55.287095],[-129.749094,55.311347],[-129.721344,55.349026],[-129.675282,55.378119],[-129.674224,55.401557],[-129.639231,55.441067],[-129.610422,55.446479],[-129.543202,55.437893],[-129.475697,55.464057],[-129.478017,55.483466],[-129.543609,55.455308],[-129.634674,55.461615],[-129.656606,55.451606],[-129.694447,55.413764],[-129.712961,55.420803],[-129.716135,55.465277],[-129.754058,55.501614],[-129.806508,55.624498],[-129.824818,55.619208],[-129.810536,55.540717],[-129.777008,55.479438],[-129.790151,55.463813],[-129.790028,55.434882],[-129.824818,55.413764],[-129.83967,55.385199],[-129.83845,55.372789],[-129.824778,55.367336],[-129.824818,55.38642],[-129.790028,55.400092],[-129.810536,55.380276],[-129.801259,55.367418],[-129.783803,55.365953],[-129.79776,55.341254],[-129.824574,55.328192],[-129.827952,55.28026],[-129.877553,55.248114],[-129.912343,55.16885],[-129.996165,55.099066],[-130.063791,55.002875],[-130.105824,54.997545],[-130.124827,55.005276],[-130.167388,55.085395],[-130.139516,55.112738],[-130.120229,55.148342],[-130.11559,55.153713],[-130.108062,55.157945],[-130.088775,55.178209],[-130.084869,55.184719],[-130.078603,55.192572],[-130.016184,55.228909],[-129.957916,55.273505],[-129.949371,55.293158],[-129.96109,55.310736],[-129.996165,55.338609],[-130.003041,55.356757],[-130.00414,55.398505],[-130.006663,55.410346],[-130.011627,55.41828],[-130.021108,55.442328],[-130.025054,55.465481],[-130.039866,55.479885],[-130.05012,55.489447],[-130.076568,55.522284],[-130.093984,55.552639],[-130.099762,55.587226],[-130.091664,55.63288],[-130.078033,55.671047],[-130.080719,55.685004],[-130.098866,55.694403],[-130.112172,55.701117],[-130.124013,55.715481],[-130.130605,55.736274],[-130.128814,55.759223],[-130.11559,55.779975],[-129.961334,55.920844],[-129.96996,55.931627],[-129.995961,55.933417],[-130.009755,55.92829],[-130.019618,55.907952],[-130.016788,55.918913],[-130.014695,55.963252],[-130.01901,56.002216],[-130.026632,56.024101],[-130.039319,56.045521],[-130.071539,56.084123],[-130.094328,56.101486],[-130.116756,56.105646],[-130.211246,56.089962],[-130.403974,56.121898],[-130.418159,56.129702],[-130.427926,56.143964],[-130.458053,56.210653],[-130.47229,56.22489],[-130.495518,56.232434],[-130.602256,56.247059],[-130.645768,56.261942],[-130.760334,56.345192],[-130.839089,56.372452],[-131.016934,56.38705],[-131.100546,56.407669],[-131.215604,56.45255],[-131.345699,56.503271],[-131.491659,56.560166],[-131.536437,56.585229],[-131.560363,56.594066],[-131.585891,56.595048],[-131.692293,56.585074],[-131.799108,56.587658],[-131.825592,56.593343],[-131.832103,56.603368],[-131.826574,56.644606],[-131.830424,56.664759],[-131.838976,56.682278],[-131.864789,56.71349],[-131.880705,56.728838],[-131.886028,56.737055],[-131.887966,56.747958],[-131.882617,56.759146],[-131.872411,56.77297],[-131.865874,56.785708],[-131.871558,56.79346],[-132.107384,56.858753],[-132.031859,57.028406],[-132.16229,57.050317],[-132.34122,57.080393],[-132.276366,57.14889],[-132.230994,57.19682],[-132.304684,57.280355],[-132.362304,57.3457],[-132.455735,57.420992],[-132.552447,57.499075],[-132.629057,57.579277],[-132.70944,57.663303],[-132.83212,57.791564],[-132.917153,57.880499],[-132.99335,57.941917],[-133.075154,58.007882],[-133.094843,58.0331],[-133.142127,58.120588],[-133.165588,58.147305],[-133.257262,58.210298],[-133.374567,58.290965],[-133.41503,58.330549],[-133.43012,58.372097],[-133.392241,58.403878],[-133.463089,58.462221],[-133.547063,58.505577],[-133.626283,58.546402],[-133.700077,58.59937],[-133.796402,58.693421],[-133.831129,58.718019],[-133.87123,58.735899],[-133.983109,58.769902],[-134.108838,58.808246],[-134.22219,58.842714],[-134.316939,58.903796],[-134.327403,58.916457],[-134.333036,58.93413],[-134.330323,58.945344],[-134.32314,58.949168],[-134.320039,58.952682],[-134.329651,58.963017],[-134.343423,58.968857],[-134.399389,58.974954],[-134.385591,59.018828],[-134.387167,59.036863],[-134.398019,59.051952],[-134.451013,59.097893],[-134.477575,59.114946],[-134.509072,59.122801],[-134.556717,59.123059],[-134.582788,59.128847],[-134.66038,59.181298],[-134.671439,59.193752],[-134.68286,59.223001],[-134.692084,59.235249],[-134.70552,59.240106],[-134.74345,59.245119],[-134.839465,59.258141],[-134.932431,59.270647],[-134.95783,59.280982],[-134.979973,59.297415],[-135.016198,59.336173],[-135.014441,59.35152],[-135.00483,59.367127],[-134.993254,59.381906],[-135.095754,59.418855],[-135.078598,59.438337],[-135.037489,59.461591],[-135.023252,59.477146],[-135.01948,59.493166],[-135.016198,59.543447],[-135.018524,59.559363],[-135.032942,59.573109],[-135.087874,59.606544],[-135.106684,59.613158],[-135.157792,59.623287],[-135.192028,59.64711],[-135.221897,59.675273],[-135.259879,59.698218],[-135.345791,59.731032],[-135.404392,59.753305],[-135.465137,59.789685],[-135.482759,59.792475],[-135.641251,59.747362],[-135.830955,59.693257],[-135.923818,59.666747],[-136.02686,59.652846],[-136.145406,59.636826],[-136.2585,59.621582],[-136.350329,59.592384],[-136.29935,59.575745],[-136.258474,59.556107],[-136.244728,59.528202],[-136.275036,59.486448],[-136.319995,59.459059],[-136.36684,59.449551],[-136.415958,59.452238],[-136.467557,59.461643],[-136.467092,59.38449],[-136.466549,59.287803],[-136.483551,59.257469],[-136.484791,59.2538],[-136.569489,59.172152],[-136.613491,59.15422],[-136.671911,59.150809],[-136.785496,59.157217],[-136.840816,59.148174],[-136.942282,59.11107],[-137.047109,59.07331],[-137.062367,59.067572],[-137.172346,59.027148],[-137.2819,58.98715],[-137.338098,58.955472],[-137.423106,58.907723],[-137.453466,58.899145],[-137.486875,58.900075],[-137.50876,58.914906],[-137.507752,58.939969],[-137.484394,58.991904],[-137.521007,59.072364],[-137.5493,59.134531],[-137.582088,59.206568],[-137.594181,59.225275],[-137.611363,59.239331],[-137.758305,59.315915],[-137.91057,59.395187],[-138.067614,59.476991],[-138.219543,59.556004],[-138.363617,59.631142],[-138.488881,59.696357],[-138.59921,59.753822],[-138.63745,59.784052],[-138.654349,59.805498],[-138.692098,59.886888],[-138.697188,59.89371],[-138.704888,59.898464],[-138.742586,59.913192],[-138.842425,59.937686],[-139.003759,59.977219],[-139.051611,59.994892],[-139.060207,60.000059],[-139.112305,60.031376],[-139.182146,60.073389],[-139.183231,60.100157],[-139.149615,60.161187],[-139.113468,60.226816],[-139.073186,60.299835],[-139.06869,60.322056],[-139.079465,60.341021],[-139.101608,60.346602],[-139.262193,60.342778],[-139.413992,60.339212],[-139.517965,60.336732],[-139.628346,60.334096],[-139.679816,60.32681],[-139.728417,60.309033],[-139.826318,60.256478],[-139.916933,60.207851],[-139.967757,60.188369],[-140.01579,60.187387],[-140.169243,60.227229],[-140.32497,60.267537],[-140.424111,60.293168],[-140.447805,60.29446],[-140.462791,60.289138],[-140.475323,60.276477],[-140.506664,60.236324],[-140.518705,60.22387],[-140.533743,60.218548],[-140.660505,60.24051],[-140.768457,60.259269],[-140.909146,60.28366],[-140.979555,60.295804],[-140.994929,60.304382],[-141.001156,60.321074],[-141.001208,60.466879],[-141.001285,60.612684],[-141.001363,60.758411],[-141.00144,60.904216],[-141.001518,61.04997],[-141.001595,61.195827],[-141.001673,61.34158],[-141.00175,61.487333],[-141.001828,61.633087],[-141.001905,61.778866],[-141.001983,61.924619],[-141.002009,62.070373],[-141.002061,62.216229],[-141.002138,62.361983],[-141.002216,62.507762],[-141.002293,62.653593],[-141.002371,62.79932],[-141.002448,62.9451],[-141.002526,63.090879],[-141.002551,63.236658],[-141.002603,63.382489],[-141.002681,63.528268],[-141.002758,63.674099],[-141.002836,63.819775],[-141.002913,63.965502],[-141.002991,64.111282],[-141.003068,64.257113],[-141.003094,64.402892],[-141.003146,64.548671],[-141.003223,64.694502],[-141.003301,64.840229],[-141.003378,64.986009],[-141.003456,65.131788],[-141.003533,65.277567],[-141.003611,65.423372],[-141.003637,65.569177],[-141.003688,65.714956],[-141.003766,65.860736],[-141.003843,66.006515],[-141.003921,66.152268],[-141.003998,66.298022],[-141.004076,66.443775],[-141.004153,66.58958],[-141.004205,66.735411],[-141.004231,66.881138],[-141.004308,67.026918],[-141.004386,67.172723],[-141.004463,67.318476],[-141.004541,67.464281],[-141.004618,67.610086],[-141.004696,67.755814],[-141.004748,67.901645],[-141.004774,68.047424],[-141.004851,68.193203],[-141.004929,68.338982],[-141.005006,68.48471],[-141.005084,68.630489],[-141.005161,68.776268],[-141.005239,68.922047],[-141.00529,69.067827],[-141.005316,69.213606],[-141.005394,69.359385],[-141.005471,69.505164],[-141.005564,69.650946],[-140.989817,69.645657],[-140.898508,69.64057],[-140.905914,69.633124],[-140.873036,69.625434],[-140.837026,69.626288],[-140.843251,69.633124],[-140.819244,69.638129],[-140.643544,69.61636],[-140.405141,69.601467],[-140.222727,69.599107],[-140.152699,69.618801],[-139.917958,69.621324],[-139.599843,69.579739],[-139.712717,69.587795],[-139.774566,69.600165],[-139.700551,69.574368],[-139.363515,69.544338],[-139.294993,69.517035],[-139.143788,69.513658],[-138.993967,69.422187],[-138.766469,69.359117],[-138.636708,69.283677],[-138.60261,69.242662],[-138.589182,69.241197],[-138.561635,69.256334],[-138.506988,69.256334],[-138.506988,69.249498],[-138.527455,69.249498],[-138.515289,69.244452],[-138.444936,69.235256],[-138.445383,69.247463],[-138.418284,69.254584],[-138.397776,69.297919],[-138.451772,69.283677],[-138.427073,69.301581],[-138.39037,69.309027],[-138.357045,69.304674],[-138.312367,69.229478],[-138.227162,69.183295],[-138.09553,69.140123],[-137.518219,69.016832],[-137.424713,69.014228],[-137.382924,69.003119],[-137.431304,69.003119],[-137.431304,68.995673],[-137.300404,68.975165],[-137.223744,68.950914],[-137.06078,68.954739],[-136.992502,68.947903],[-136.961781,68.927395],[-136.905344,68.920722],[-136.745473,68.878974],[-136.662994,68.8758],[-136.601471,68.899482],[-136.525746,68.893256],[-136.540028,68.906928],[-136.50064,68.91592],[-136.239125,68.88642],[-136.067616,68.885321],[-135.8815,68.850246],[-135.781606,68.821601],[-135.758616,68.797065],[-135.702626,68.775051],[-135.63565,68.762885],[-135.518544,68.755072],[-135.443918,68.708197],[-135.412262,68.698635],[-135.409779,68.680976],[-135.378774,68.674018],[-135.291249,68.687201],[-135.186757,68.662421],[-135.149037,68.660468],[-135.162424,68.672431],[-135.199778,68.67475],[-135.211171,68.687201],[-135.190053,68.693996],[-135.321685,68.726142],[-135.367909,68.782131],[-135.461822,68.80093],[-135.50536,68.845445],[-135.340891,68.838609],[-135.409535,68.853502],[-135.570302,68.85928],[-135.628245,68.893256],[-135.606068,68.911363],[-135.824859,68.903388],[-135.868479,68.906928],[-136.004994,68.947903],[-135.99356,68.965969],[-135.923085,68.962144],[-135.99059,69.015937],[-135.98176,69.040676],[-135.954172,69.048407],[-135.847971,69.009345],[-135.769928,68.991523],[-135.681304,68.991523],[-135.593821,69.005561],[-135.519032,69.029771],[-135.694976,69.015367],[-135.742543,69.059312],[-135.919423,69.093492],[-135.936676,69.105536],[-135.967763,69.222154],[-135.933827,69.254136],[-135.894521,69.251654],[-135.778228,69.205146],[-135.751576,69.183987],[-135.588043,69.124905],[-135.472035,69.115139],[-135.415924,69.0987],[-135.433176,69.11758],[-135.476226,69.130276],[-135.593007,69.143256],[-135.625356,69.152655],[-135.836293,69.260932],[-135.855377,69.290473],[-135.83788,69.309068],[-135.766835,69.329088],[-135.6822,69.330268],[-135.645619,69.307563],[-135.628041,69.268622],[-135.567372,69.229071],[-135.557037,69.238715],[-135.613149,69.321601],[-135.600982,69.335842],[-135.569325,69.344672],[-135.43342,69.33393],[-135.339345,69.288967],[-135.166656,69.263007],[-135.1669,69.28205],[-135.219797,69.297065],[-135.239817,69.315009],[-135.244862,69.356757],[-135.284332,69.414537],[-135.267161,69.44184],[-135.211171,69.454332],[-135.155385,69.479722],[-135.126617,69.482367],[-135.108062,69.461819],[-135.088735,69.478461],[-135.03539,69.488593],[-134.950429,69.47606],[-134.862945,69.493394],[-134.818918,69.482652],[-134.806467,69.502753],[-134.779124,69.482245],[-134.746083,69.478095],[-134.641347,69.482245],[-134.533559,69.450385],[-134.476308,69.443793],[-134.425933,69.465237],[-134.416412,69.497463],[-134.450307,69.51675],[-134.500315,69.51789],[-134.53893,69.495917],[-134.525258,69.482245],[-134.541371,69.475572],[-134.58731,69.495917],[-134.573069,69.509589],[-134.594472,69.512885],[-134.573354,69.551174],[-134.525258,69.536851],[-134.471262,69.544338],[-134.491119,69.564195],[-134.44164,69.591051],[-134.405507,69.636868],[-134.410064,69.656928],[-134.497955,69.72248],[-134.480946,69.727484],[-134.429351,69.715033],[-134.374989,69.727118],[-134.328521,69.725165],[-134.323476,69.696723],[-134.353993,69.681545],[-134.334788,69.673285],[-134.224233,69.681545],[-134.149159,69.633124],[-134.219635,69.609524],[-134.242421,69.577216],[-134.186391,69.592108],[-134.17394,69.568549],[-134.12092,69.544338],[-134.036366,69.562242],[-134.004506,69.558051],[-134.052317,69.530707],[-133.99828,69.530707],[-133.962961,69.517035],[-133.914662,69.511664],[-133.861155,69.523261],[-133.880971,69.536851],[-133.860911,69.54385],[-133.81843,69.544501],[-133.799062,69.551174],[-133.825754,69.558051],[-133.807729,69.576117],[-133.778554,69.577867],[-133.77831,69.562893],[-133.751291,69.551174],[-133.760243,69.539252],[-133.786692,69.536689],[-133.781117,69.493883],[-133.818105,69.467353],[-134.0301,69.383205],[-134.092193,69.344794],[-134.100697,69.297919],[-134.169016,69.297919],[-134.222239,69.27261],[-134.228993,69.253811],[-134.271718,69.232123],[-134.278228,69.194892],[-134.312978,69.153957],[-134.264556,69.160142],[-134.246083,69.169501],[-134.19811,69.236518],[-134.162913,69.255683],[-134.122222,69.266547],[-134.000111,69.273139],[-133.954579,69.286363],[-133.906321,69.290513],[-133.884674,69.301011],[-133.869293,69.332506],[-133.841624,69.345404],[-133.799387,69.34512],[-133.743804,69.359361],[-133.751291,69.338935],[-133.682037,69.343166],[-133.661855,69.352525],[-133.696645,69.366197],[-133.671376,69.388373],[-133.631907,69.399156],[-133.463368,69.417711],[-133.257802,69.414008],[-133.226796,69.400336],[-133.089426,69.445054],[-133.045522,69.434516],[-133.04955,69.476874],[-133.007232,69.486558],[-132.969838,69.517035],[-132.981109,69.535468],[-132.954213,69.568183],[-132.990875,69.592108],[-132.975657,69.614325],[-132.887278,69.661078],[-132.77123,69.661078],[-132.799143,69.64057],[-132.723785,69.638007],[-132.670522,69.657701],[-132.606842,69.651801],[-132.5301,69.631985],[-132.385081,69.646674],[-132.348541,69.659857],[-132.332997,69.684638],[-132.351674,69.691799],[-132.462717,69.661078],[-132.43106,69.682807],[-132.435902,69.704413],[-132.45051,69.707831],[-132.578765,69.667873],[-132.627187,69.674058],[-132.586252,69.694525],[-132.548411,69.742987],[-132.393178,69.752387],[-132.343739,69.766832],[-132.277415,69.774319],[-132.257232,69.77025],[-132.35969,69.749823],[-132.483795,69.742987],[-132.483795,69.736151],[-132.291371,69.736151],[-132.318715,69.715033],[-132.26415,69.708808],[-132.236806,69.715033],[-132.224924,69.703803],[-132.167633,69.687812],[-132.138905,69.687934],[-132.121409,69.71898],[-132.099924,69.727688],[-131.999664,69.74079],[-131.929311,69.770738],[-131.839508,69.77025],[-131.819,69.776679],[-131.756418,69.811225],[-131.764719,69.82689],[-131.74942,69.836371],[-131.702382,69.845404],[-131.620107,69.87641],[-131.451283,69.896308],[-131.421254,69.914252],[-131.448557,69.914252],[-131.408315,69.961493],[-131.356801,69.950507],[-131.288238,69.949042],[-131.24059,69.933051],[-131.201527,69.883246],[-131.217763,69.841864],[-131.188466,69.824897],[-131.153676,69.865871],[-131.188466,69.865871],[-131.167958,69.886949],[-131.148834,69.892279],[-131.099721,69.886949],[-131.084828,69.892646],[-130.999013,70.012112],[-130.927805,70.030341],[-130.950347,70.037421],[-131.001291,70.028266],[-131.023997,70.030341],[-130.893625,70.106024],[-130.917226,70.075019],[-130.902984,70.068305],[-130.859202,70.092434],[-130.760243,70.110663],[-130.75121,70.129706],[-130.722808,70.132025],[-130.708648,70.126614],[-130.74706,70.089993],[-130.742787,70.078803],[-130.722971,70.078599],[-130.663889,70.09809],[-130.660878,70.136461],[-130.647125,70.14175],[-130.604888,70.135932],[-130.57665,70.141425],[-130.5419,70.173651],[-130.515289,70.177191],[-130.461578,70.174954],[-130.538075,70.152899],[-130.550404,70.133979],[-130.519765,70.104804],[-130.496449,70.106024],[-130.482737,70.120347],[-130.523752,70.126614],[-130.504384,70.138861],[-130.41983,70.136217],[-130.399648,70.150946],[-130.406361,70.161322],[-130.385081,70.165676],[-130.352366,70.134914],[-130.324452,70.140204],[-130.326405,70.109768],[-130.290924,70.106024],[-130.338124,70.085598],[-130.249379,70.085598],[-130.159983,70.106024],[-130.191029,70.072903],[-130.186879,70.052558],[-130.098215,70.11286],[-130.078603,70.10102],[-130.0985,70.078803],[-129.953684,70.102729],[-129.934641,70.098578],[-129.992502,70.075141],[-129.931711,70.076117],[-129.886301,70.085598],[-129.893666,70.098578],[-129.858306,70.106024],[-129.864125,70.133612],[-129.790028,70.18122],[-129.830963,70.202297],[-129.804351,70.206529],[-129.775299,70.229478],[-129.738271,70.225084],[-129.721099,70.22956],[-129.740142,70.243394],[-129.728505,70.256171],[-129.67394,70.269924],[-129.680165,70.256903],[-129.648508,70.251532],[-129.653472,70.222113],[-129.615061,70.216986],[-129.59203,70.195461],[-129.632965,70.167548],[-129.602895,70.162299],[-129.544057,70.167629],[-129.515736,70.161322],[-129.523101,70.153876],[-129.505442,70.148139],[-129.470041,70.153306],[-129.454905,70.14704],[-129.49942,70.117743],[-129.46817,70.090766],[-129.420074,70.133979],[-129.406484,70.121161],[-129.440582,70.068264],[-129.474843,70.052924],[-129.523549,70.051947],[-129.557281,70.044013],[-129.495229,70.030341],[-129.599762,69.991197],[-129.710032,69.972561],[-130.110666,69.869086],[-130.194732,69.859687],[-130.268707,69.840318],[-130.29776,69.838568],[-130.301381,69.850287],[-130.319203,69.849026],[-130.414133,69.80036],[-130.452301,69.796576],[-130.478993,69.780504],[-130.527089,69.783881],[-130.571156,69.759589],[-130.564687,69.742987],[-130.591135,69.707709],[-130.789662,69.677558],[-130.846791,69.606187],[-130.941151,69.565904],[-131.030181,69.599555],[-131.047963,69.643744],[-131.085764,69.633124],[-131.165924,69.636176],[-131.219553,69.610053],[-131.260081,69.603583],[-131.34553,69.60578],[-131.331858,69.577867],[-131.39391,69.577867],[-131.421254,69.592108],[-131.503163,69.571682],[-131.544097,69.577867],[-131.58259,69.571682],[-131.668284,69.577867],[-131.652577,69.554023],[-131.663442,69.535793],[-131.695546,69.558051],[-131.759429,69.570014],[-131.894154,69.536851],[-131.983551,69.536851],[-132.078521,69.482245],[-132.046783,69.465033],[-132.106068,69.44184],[-132.092193,69.420844],[-132.140614,69.414008],[-132.078521,69.386054],[-132.114329,69.361477],[-132.334625,69.315741],[-132.346669,69.307563],[-132.315338,69.267279],[-132.324859,69.249213],[-132.387034,69.310981],[-132.434804,69.304145],[-132.434804,69.252916],[-132.486155,69.235907],[-132.476389,69.222154],[-132.497467,69.160142],[-132.516428,69.267157],[-132.544667,69.290473],[-132.620351,69.290473],[-132.668528,69.263129],[-132.77123,69.256334],[-132.772043,69.236151],[-132.827016,69.223578],[-132.846303,69.208564],[-132.825795,69.204332],[-132.833485,69.187567],[-132.907948,69.130845],[-132.895253,69.111965],[-132.832631,69.112982],[-132.89981,69.076361],[-132.908355,69.044094],[-132.881093,68.992255],[-132.891998,68.982733],[-132.913686,68.985907],[-132.929311,69.000067],[-132.922027,69.023627],[-132.94933,69.044094],[-132.928863,69.08161],[-132.943186,69.082424],[-132.98412,69.057766],[-133.022572,69.055162],[-133.100738,69.072008],[-133.11913,69.04975],[-133.169016,69.04914],[-133.202748,69.037909],[-133.216868,69.009345],[-133.203236,68.988837],[-133.210846,68.978461],[-133.250356,68.968329],[-133.209381,68.947903],[-133.236724,68.913764],[-133.353993,68.865912],[-133.382924,68.873847],[-133.401235,68.893256],[-133.375844,68.895331],[-133.362904,68.911811],[-133.388173,68.913764],[-133.470123,68.893256],[-133.428538,68.858466],[-133.491322,68.842515],[-133.451039,68.791164],[-133.339752,68.762885],[-133.304026,68.744818],[-133.235219,68.737738],[-133.211497,68.72956],[-133.209381,68.715074],[-133.174062,68.715155],[-133.065745,68.693996],[-132.957875,68.699449],[-132.922027,68.693996],[-132.946848,68.714179],[-132.974355,68.720282],[-133.038075,68.721991],[-133.003977,68.715074],[-133.003977,68.707668],[-133.148915,68.723822],[-133.176625,68.74844],[-133.256174,68.763861],[-133.26183,68.779364],[-133.250722,68.791083],[-133.192454,68.766791],[-133.140492,68.762885],[-133.156728,68.775621],[-133.27184,68.80508],[-133.330434,68.794582],[-133.36026,68.8039],[-133.339752,68.817532],[-133.388173,68.845445],[-133.236724,68.865912],[-133.175282,68.845445],[-133.154775,68.824937],[-133.11384,68.817532],[-133.107533,68.805854],[-133.065419,68.8039],[-133.072865,68.817532],[-133.03718,68.825751],[-132.960764,68.803371],[-132.928863,68.8039],[-132.963979,68.844672],[-132.963002,68.858466],[-132.940297,68.863267],[-132.864858,68.846259],[-132.822621,68.82331],[-132.769887,68.813218],[-132.725697,68.790717],[-132.709462,68.796576],[-132.711293,68.810492],[-132.743886,68.831204],[-132.705393,68.836982],[-132.514231,68.805325],[-132.483225,68.805406],[-132.459096,68.837592],[-132.421132,68.838609],[-132.39387,68.865912],[-132.550201,68.920111],[-132.579416,68.906928],[-132.483795,68.88581],[-132.510732,68.877997],[-132.585601,68.893256],[-132.619985,68.891995],[-132.65453,68.878974],[-132.644887,68.858832],[-132.676015,68.848578],[-132.720448,68.84516],[-132.784535,68.85102],[-132.778066,68.872748],[-132.725331,68.874579],[-132.709788,68.88581],[-132.816884,68.90766],[-132.832631,68.921129],[-132.810902,68.937323],[-132.675649,68.927395],[-132.740387,68.960679],[-132.849843,68.985785],[-132.858632,69.032904],[-132.826487,69.044094],[-132.84496,69.058336],[-132.873647,69.057766],[-132.862172,69.07331],[-132.791656,69.091864],[-132.661366,69.091864],[-132.578765,69.129706],[-132.483795,69.147121],[-132.452789,69.170722],[-132.456532,69.194892],[-132.415273,69.23786],[-132.43106,69.14289],[-132.449086,69.139635],[-132.469553,69.112982],[-132.403798,69.131659],[-132.372792,69.149319],[-132.348215,69.216946],[-132.326975,69.23371],[-132.307729,69.236233],[-132.294993,69.23078],[-132.295766,69.20539],[-132.346669,69.194892],[-132.300893,69.181952],[-132.276601,69.184027],[-132.240549,69.213284],[-132.202626,69.218817],[-132.236155,69.148139],[-132.216298,69.153957],[-132.167877,69.215399],[-132.175526,69.233873],[-132.161366,69.24608],[-132.126943,69.249498],[-132.120107,69.235256],[-132.088206,69.23371],[-132.031239,69.254462],[-131.965891,69.259263],[-131.955637,69.283677],[-131.9051,69.31387],[-131.880523,69.318427],[-131.913442,69.287543],[-131.880442,69.284654],[-131.808095,69.32038],[-131.715443,69.400336],[-131.750559,69.402248],[-131.856313,69.37641],[-131.859446,69.400336],[-131.89387,69.410875],[-131.914784,69.412584],[-131.955556,69.399482],[-131.976715,69.407782],[-131.911244,69.428127],[-131.873158,69.433539],[-131.845774,69.42829],[-131.853179,69.420844],[-131.763539,69.434516],[-131.647125,69.42829],[-131.676747,69.448798],[-131.673573,69.46369],[-131.613026,69.47606],[-131.544097,69.461819],[-131.475942,69.45718],[-131.427561,69.435126],[-131.467152,69.421088],[-131.489491,69.400336],[-131.482655,69.359361],[-131.537913,69.338935],[-131.514882,69.335924],[-131.414377,69.372992],[-131.393707,69.422756],[-131.359731,69.420844],[-131.380238,69.454332],[-131.331858,69.448147],[-131.339426,69.470201],[-131.317047,69.493801],[-131.243723,69.407782],[-131.273793,69.499335],[-131.252065,69.503852],[-131.211171,69.398424],[-131.236318,69.380805],[-131.319447,69.362616],[-131.40746,69.314765],[-131.414377,69.297919],[-131.325592,69.325263],[-131.262929,69.366197],[-131.200185,69.372952],[-131.161122,69.393541],[-131.167348,69.42829],[-131.147532,69.448147],[-131.167388,69.467515],[-131.161122,69.495917],[-131.232493,69.541897],[-131.255442,69.575629],[-131.243072,69.585354],[-131.158762,69.522447],[-131.115142,69.51675],[-131.126373,69.444729],[-131.112701,69.420844],[-131.147532,69.386054],[-131.138051,69.369778],[-131.107981,69.391181],[-131.062978,69.480902],[-131.068837,69.51439],[-131.082916,69.533637],[-131.128407,69.559963],[-131.173492,69.571031],[-131.194692,69.592108],[-131.157216,69.616645],[-131.106516,69.619452],[-131.086537,69.597846],[-131.106516,69.577867],[-131.052154,69.530951],[-131.030181,69.461819],[-131.082021,69.355943],[-131.119537,69.325263],[-131.041127,69.366848],[-130.97053,69.475287],[-130.997182,69.518378],[-130.978871,69.550523],[-130.944936,69.531928],[-130.938832,69.424302],[-130.996653,69.366197],[-131.042144,69.351996],[-131.051259,69.338935],[-131.022776,69.309231],[-130.957265,69.380316],[-130.911285,69.396226],[-130.900461,69.366848],[-130.918568,69.326483],[-130.992177,69.270982],[-130.991526,69.247789],[-131.026194,69.206],[-131.008046,69.197577],[-131.023997,69.174465],[-131.011871,69.145087],[-130.992909,69.138373],[-130.968739,69.147121],[-130.927805,69.139635],[-130.954172,69.178778],[-130.931549,69.21369],[-130.955068,69.263129],[-130.945139,69.276679],[-130.869862,69.326972],[-130.819325,69.338528],[-130.797434,69.352525],[-130.825673,69.381537],[-130.750234,69.407782],[-130.686838,69.41828],[-130.661488,69.432685],[-130.646596,69.461819],[-130.750234,69.454332],[-130.447377,69.585354],[-130.45108,69.62287],[-130.338124,69.681545],[-130.338124,69.68773],[-130.379709,69.694525],[-130.338246,69.702297],[-130.167144,69.711737],[-129.95523,69.754218],[-129.899892,69.756008],[-129.701975,69.789049],[-129.605092,69.824897],[-129.50886,69.824897],[-129.451812,69.836737],[-129.122914,69.856106],[-129.043568,69.889879],[-128.995513,69.942206],[-128.965443,69.964504],[-128.925364,69.977607],[-128.886057,69.976264],[-128.858388,69.955268],[-128.890736,69.970526],[-128.912994,69.910875],[-128.957916,69.89411],[-128.932851,69.845404],[-129.114003,69.847724],[-129.173695,69.832343],[-129.132721,69.777086],[-129.153635,69.703518],[-129.119049,69.694525],[-129.042551,69.692939],[-128.99413,69.679389],[-128.91983,69.68773],[-128.97468,69.719224],[-128.967641,69.732408],[-128.912099,69.748114],[-128.803293,69.758368],[-128.69579,69.809394],[-128.600453,69.86933],[-128.426381,69.93476],[-128.336293,69.950385],[-128.310374,69.962714],[-128.323964,69.96955],[-128.317128,70.024115],[-128.347239,70.039618],[-128.370229,70.097398],[-128.337229,70.129828],[-128.269928,70.140815],[-128.207753,70.164008],[-128.154897,70.170559],[-128.111073,70.188666],[-127.992828,70.181464],[-127.886383,70.209052],[-127.816884,70.208482],[-127.586822,70.237698],[-127.515207,70.222113],[-127.582021,70.250922],[-127.872222,70.271796],[-128.032379,70.293687],[-128.060536,70.306383],[-128.063873,70.325141],[-128.111073,70.366767],[-127.958404,70.348212],[-127.906239,70.39411],[-127.942209,70.401842],[-128.063303,70.379788],[-128.140736,70.374661],[-128.178212,70.37995],[-128.20051,70.400865],[-128.195912,70.446967],[-128.163442,70.49551],[-128.11852,70.536078],[-127.991526,70.592922],[-127.928293,70.567084],[-127.698394,70.50019],[-127.44518,70.405911],[-127.230824,70.309882],[-127.136464,70.252875],[-126.884633,70.010484],[-126.77477,69.975735],[-126.795237,69.975735],[-126.791656,69.950263],[-126.768544,69.93476],[-126.81017,69.911851],[-126.805776,69.898627],[-126.701772,69.767401],[-126.646067,69.729682],[-126.275136,69.54857],[-126.245229,69.525336],[-126.17398,69.506903],[-126.131703,69.482245],[-125.938629,69.414008],[-125.808339,69.386054],[-125.685414,69.393541],[-125.658111,69.37641],[-125.610341,69.372992],[-125.592641,69.352525],[-125.448842,69.319159],[-125.412953,69.322903],[-125.370107,69.352525],[-125.39745,69.366197],[-125.390614,69.372992],[-125.454498,69.386908],[-125.473134,69.400336],[-125.459543,69.414008],[-125.430247,69.398993],[-125.161244,69.386054],[-125.116851,69.420844],[-125.143544,69.434516],[-125.088979,69.454332],[-125.15099,69.454332],[-125.15099,69.461819],[-125.116851,69.468655],[-125.22411,69.468411],[-125.253407,69.461819],[-125.247222,69.448147],[-125.261545,69.447577],[-125.301869,69.454332],[-125.288197,69.468655],[-125.303619,69.473944],[-125.465688,69.454332],[-125.624013,69.420844],[-125.575551,69.461819],[-125.582997,69.47606],[-125.541656,69.48017],[-125.500478,69.47606],[-125.512563,69.492336],[-125.483957,69.513658],[-125.308705,69.502753],[-125.336008,69.523261],[-125.316518,69.527533],[-125.247222,69.502753],[-125.182729,69.491889],[-125.116851,69.489691],[-125.153472,69.504706],[-125.240793,69.517564],[-125.274526,69.536851],[-125.26769,69.544338],[-125.294342,69.551174],[-125.260854,69.574774],[-125.219309,69.585354],[-125.24706,69.595038],[-125.415883,69.603217],[-125.438385,69.612616],[-125.386342,69.614732],[-125.376943,69.626288],[-125.418568,69.64057],[-125.370107,69.694525],[-125.33727,69.702786],[-125.233551,69.694525],[-125.143544,69.728664],[-125.088979,69.728664],[-125.085846,69.746405],[-125.067983,69.750963],[-124.970123,69.733222],[-124.93692,69.64997],[-124.880035,69.677802],[-124.861562,69.713202],[-124.851633,69.718573],[-124.822011,69.715033],[-124.872426,69.740668],[-124.926096,69.75259],[-125.076975,69.759426],[-125.171498,69.777086],[-125.221262,69.768052],[-125.239898,69.771064],[-125.253407,69.797593],[-125.281361,69.811225],[-125.180531,69.857327],[-125.166005,69.854885],[-125.168935,69.802069],[-125.157826,69.797593],[-125.064605,69.799384],[-125.023671,69.831732],[-125.027496,69.865871],[-124.976674,69.886664],[-124.91511,69.935126],[-124.695424,69.979438],[-124.659739,69.970364],[-124.639312,69.973944],[-124.630238,69.986274],[-124.650502,70.011135],[-124.684885,70.024115],[-124.740102,69.975735],[-124.76594,69.972235],[-124.856191,69.989407],[-124.794749,70.010484],[-124.814076,70.015855],[-124.902943,70.016099],[-124.931549,69.996243],[-124.992747,70.010484],[-125.055409,69.989407],[-125.047963,69.975735],[-125.114166,69.972398],[-125.129872,69.962714],[-125.10261,69.948391],[-125.119781,69.942613],[-125.171498,69.948391],[-125.209462,69.935492],[-125.219309,69.948391],[-125.184885,69.973212],[-125.206207,70.003079],[-125.129872,70.037177],[-125.034657,70.061347],[-125.013824,70.085598],[-124.983469,70.078274],[-124.98766,70.045559],[-125.029205,70.040513],[-125.047963,70.030341],[-125.006093,70.019965],[-124.896392,70.024319],[-124.856191,70.037177],[-124.959218,70.030341],[-124.959218,70.037177],[-124.83552,70.06981],[-124.822011,70.071357],[-124.80842,70.057603],[-124.671254,70.078803],[-124.631744,70.064765],[-124.59553,70.037177],[-124.599924,70.021877],[-124.576527,70.014838],[-124.545562,70.018948],[-124.527211,70.037177],[-124.562001,70.037177],[-124.527984,70.060981],[-124.45287,70.042426],[-124.417348,70.051459],[-124.447906,70.079576],[-124.464996,70.086656],[-124.510121,70.073961],[-124.559804,70.075995],[-124.582428,70.085598],[-124.518219,70.093736],[-124.506744,70.106024],[-124.594065,70.1164],[-124.710601,70.092353],[-124.740102,70.092434],[-124.740102,70.098578],[-124.684885,70.11286],[-124.711537,70.121527],[-124.750559,70.116034],[-124.750396,70.132025],[-124.702016,70.151272],[-124.602284,70.14704],[-124.554555,70.161322],[-124.506744,70.14704],[-124.408111,70.155422],[-124.38386,70.140204],[-124.443918,70.111151],[-124.372792,70.083645],[-124.370269,70.041693],[-124.39037,70.020453],[-124.41686,70.014838],[-124.477203,70.020738],[-124.506744,70.010484],[-124.417348,69.996243],[-124.472239,69.993557],[-124.486724,69.976752],[-124.540883,69.96955],[-124.430653,69.951483],[-124.449941,69.919827],[-124.506907,69.916327],[-124.446197,69.890774],[-124.443227,69.868109],[-124.403717,69.859687],[-124.452016,69.834459],[-124.472564,69.797593],[-124.4912,69.796576],[-124.481191,69.759182],[-124.506744,69.736151],[-124.480336,69.720852],[-124.414377,69.724311],[-124.366567,69.703843],[-124.32608,69.697984],[-124.285146,69.700873],[-124.201568,69.732001],[-124.074778,69.728664],[-124.040598,69.708808],[-124.05427,69.68773],[-124.034413,69.681545],[-124.184641,69.633124],[-124.209625,69.616034],[-124.239858,69.551174],[-124.343332,69.51557],[-124.429107,69.473456],[-124.439565,69.447943],[-124.417348,69.414008],[-124.498362,69.415107],[-124.521067,69.407782],[-124.422841,69.366645],[-124.382192,69.367377],[-124.32608,69.354234],[-124.158844,69.34809],[-124.094594,69.359076],[-124.05427,69.393541],[-124.061106,69.379869],[-124.006459,69.34512],[-123.994211,69.352973],[-124.020131,69.379869],[-124.010121,69.396633],[-123.983144,69.404364],[-123.95637,69.388088],[-123.881947,69.373603],[-123.842641,69.386054],[-123.808827,69.387356],[-123.801625,69.366197],[-123.726959,69.377509],[-123.663564,69.359361],[-123.617665,69.370917],[-123.544749,69.377021],[-123.38268,69.414008],[-123.437408,69.426337],[-123.443227,69.476874],[-123.355336,69.502753],[-123.266591,69.509589],[-123.273427,69.502753],[-123.177561,69.495917],[-123.165639,69.500434],[-123.163564,69.536851],[-123.129465,69.574774],[-123.163564,69.616034],[-123.100453,69.67536],[-123.113678,69.74372],[-123.157338,69.77025],[-123.077748,69.787787],[-122.979726,69.834784],[-122.950999,69.838568],[-122.835561,69.803127],[-122.772532,69.794867],[-122.745839,69.832343],[-122.684397,69.818671],[-122.628163,69.821723],[-122.584381,69.809149],[-122.530263,69.813056],[-122.481109,69.802069],[-122.35261,69.814154],[-122.172109,69.804511],[-122.036041,69.818671],[-121.64387,69.789049],[-121.559967,69.769477],[-121.427846,69.766832],[-120.807362,69.623521],[-120.639516,69.534857],[-120.278635,69.407782],[-120.157867,69.388617],[-120.085805,69.363593],[-119.997629,69.347357],[-119.787221,69.347357],[-119.725494,69.329779],[-119.476186,69.305162],[-119.258168,69.296454],[-118.868764,69.256171],[-118.666371,69.225491],[-118.476918,69.129462],[-118.220815,69.078192],[-118.040883,69.024604],[-117.834706,68.994289],[-117.686757,68.985663],[-117.370717,68.950914],[-117.301869,68.925686],[-117.165395,68.893948],[-117.126129,68.893256],[-117.050689,68.906928],[-116.981353,68.906806],[-116.961659,68.913764],[-117.010081,68.940375],[-116.973622,68.946275],[-116.94164,68.938707],[-116.847076,68.887681],[-116.824208,68.886908],[-116.787262,68.897773],[-116.756825,68.88581],[-116.467844,68.863756],[-116.421783,68.867255],[-116.412953,68.88581],[-116.386138,68.885321],[-116.328603,68.878119],[-116.208119,68.831204],[-115.971181,68.809272],[-115.941233,68.817532],[-116.098704,68.856391],[-116.1256,68.878974],[-116.085276,68.878974],[-116.085276,68.88581],[-116.323598,68.95482],[-116.298004,68.978827],[-116.21524,68.988837],[-116.160471,68.984117],[-115.908111,68.929674],[-115.879221,68.927395],[-115.83788,68.940375],[-115.769928,68.940375],[-115.884999,68.97606],[-115.941233,69.003119],[-115.916412,69.010159],[-115.801666,68.9914],[-115.714711,68.968329],[-115.56725,68.971869],[-115.497141,68.94595],[-115.442983,68.942328],[-115.378896,68.921129],[-115.211252,68.895738],[-115.114369,68.856431],[-115.063588,68.852281],[-115.07726,68.865912],[-115.034983,68.875149],[-114.987782,68.867418],[-114.829335,68.81391],[-114.742055,68.755316],[-114.522572,68.717231],[-114.439809,68.687201],[-114.467763,68.666693],[-114.375315,68.607001],[-114.182851,68.564032],[-114.169667,68.530097],[-114.128285,68.520087],[-114.079945,68.494452],[-114.056793,68.440823],[-114.111684,68.439643],[-114.124664,68.43183],[-114.08609,68.400865],[-114.004994,68.399807],[-113.988393,68.434394],[-113.967152,68.440823],[-113.905385,68.399807],[-113.948394,68.392239],[-113.963246,68.367825],[-114.056793,68.304185],[-114.015248,68.252672],[-114.035471,68.241197],[-114.081207,68.240668],[-114.20519,68.257514],[-114.268463,68.235907],[-114.337392,68.235907],[-114.450347,68.269477],[-114.624257,68.252102],[-114.837026,68.262641],[-114.941518,68.291327],[-114.968617,68.283149],[-114.887278,68.24787],[-114.838694,68.236314],[-114.755116,68.194322],[-114.833648,68.191067],[-114.860178,68.156562],[-114.896067,68.151353],[-115.241689,68.186916],[-115.179514,68.141832],[-115.183705,68.122382],[-115.228098,68.091295],[-115.249135,68.042914],[-115.204742,68.025702],[-115.128651,68.022854],[-115.111969,68.016181],[-115.202992,67.982245],[-115.302398,67.973334],[-115.468251,67.940497],[-115.511586,67.938666],[-115.543365,67.923407],[-115.518219,67.89525],[-115.393544,67.879096],[-115.256012,67.885891],[-115.282704,67.872219],[-115.265859,67.86164],[-115.187245,67.824449],[-115.126332,67.812893],[-115.118235,67.8039],[-114.99649,67.792711],[-114.789215,67.816962],[-114.716542,67.811591],[-114.599029,67.774563],[-114.542836,67.782864],[-114.535268,67.796942],[-114.397857,67.741889],[-114.329823,67.728217],[-114.261627,67.728217],[-114.172109,67.742255],[-113.981313,67.724189],[-113.858754,67.696234],[-113.680776,67.694729],[-113.315826,67.710883],[-113.19286,67.700263],[-113.041982,67.67357],[-112.833404,67.687323],[-112.749379,67.676459],[-112.42101,67.68244],[-112.354604,67.694281],[-112.343088,67.70303],[-112.371002,67.735053],[-112.327626,67.745551],[-112.186106,67.728217],[-112.02774,67.748684],[-111.997711,67.740627],[-111.980051,67.694037],[-111.926015,67.694037],[-111.885487,67.685207],[-111.870758,67.694037],[-111.883778,67.705064],[-111.931549,67.721991],[-111.904286,67.741889],[-111.931549,67.748684],[-111.87975,67.764065],[-111.545644,67.721381],[-111.575917,67.748684],[-111.534983,67.769232],[-111.459218,67.769232],[-111.469309,67.744289],[-111.452789,67.735663],[-111.424916,67.739569],[-111.356313,67.793931],[-111.291982,67.826117],[-111.216664,67.833686],[-111.167388,67.846096],[-111.152821,67.831244],[-111.212229,67.7897],[-111.184193,67.797065],[-111.171254,67.782864],[-111.212229,67.762356],[-111.156321,67.767727],[-111.088124,67.790676],[-111.037506,67.766832],[-111.018951,67.768134],[-110.904205,67.800523],[-110.847076,67.806871],[-110.739573,67.865424],[-110.677805,67.879096],[-110.576568,67.888495],[-110.531972,67.915717],[-110.420806,67.948391],[-110.328359,67.947943],[-110.342641,67.968411],[-110.279286,67.964179],[-110.219106,67.947943],[-110.158193,67.918402],[-110.12975,67.926825],[-110.188385,67.954169],[-110.203033,67.974066],[-110.177846,67.998847],[-110.130971,68.010443],[-110.059641,68.005072],[-109.971181,67.967271],[-109.999379,67.885891],[-109.994781,67.852607],[-109.966908,67.833808],[-109.933095,67.834174],[-109.910634,67.858547],[-109.952219,67.885891],[-109.870676,67.882717],[-109.832021,67.873603],[-109.755727,67.82685],[-109.698354,67.810126],[-109.708323,67.798529],[-109.73762,67.790961],[-109.746165,67.776028],[-109.622629,67.741889],[-109.650787,67.739814],[-109.720774,67.75023],[-109.742747,67.745307],[-109.74356,67.728705],[-109.716705,67.719184],[-109.538726,67.689032],[-109.518463,67.691352],[-109.490834,67.717963],[-109.512766,67.728217],[-109.495513,67.74079],[-109.451894,67.744289],[-109.405873,67.769761],[-109.391713,67.768988],[-109.382436,67.75552],[-109.404164,67.741889],[-109.312327,67.722561],[-109.259836,67.735053],[-109.067047,67.72016],[-109.006256,67.67357],[-108.985178,67.590399],[-108.929433,67.531806],[-109.022572,67.487698],[-109.013092,67.46133],[-108.996938,67.449042],[-108.929921,67.434027],[-108.932607,67.416938],[-108.865956,67.414618],[-108.824127,67.357164],[-108.779693,67.379381],[-108.756907,67.414618],[-108.730702,67.61579],[-108.710805,67.62519],[-108.639882,67.629462],[-108.59911,67.625312],[-108.581125,67.608466],[-108.584788,67.577338],[-108.519643,67.494818],[-108.510406,67.392035],[-108.471262,67.351467],[-108.448354,67.350287],[-108.431223,67.369371],[-108.443959,67.434027],[-108.420074,67.435248],[-108.386301,67.449286],[-108.370269,67.447577],[-108.32429,67.435126],[-108.26415,67.381252],[-107.992543,67.282457],[-107.882314,67.155178],[-107.875356,67.139228],[-107.916371,67.139228],[-107.88561,67.092515],[-107.885365,67.048245],[-108.02123,67.083564],[-108.039866,67.08393],[-108.077748,67.070136],[-108.139394,67.080024],[-108.156565,67.077704],[-108.163401,67.063422],[-108.197499,67.055976],[-108.189768,67.031724],[-108.214955,67.027411],[-108.302968,67.040351],[-108.423736,67.085517],[-108.484731,67.100409],[-108.589223,67.158189],[-108.62206,67.159654],[-108.62206,67.152818],[-108.576975,67.123603],[-108.5183,67.037177],[-108.488881,67.041938],[-108.49234,67.063422],[-108.464996,67.074897],[-108.364735,67.017157],[-108.339711,66.990424],[-108.221506,66.979438],[-108.163564,66.964504],[-108.119456,66.939399],[-108.11498,66.878485],[-108.136057,66.860093],[-108.231679,66.851142],[-108.186513,66.838853],[-108.053538,66.851142],[-107.995229,66.832221],[-107.936838,66.782294],[-107.95051,66.735093],[-107.888905,66.669745],[-107.878529,66.666205],[-107.86852,66.672105],[-107.875356,66.707221],[-107.857533,66.723822],[-107.889027,66.761786],[-107.857737,66.760077],[-107.832387,66.748277],[-107.765736,66.691352],[-107.689809,66.645738],[-107.71109,66.645006],[-107.724517,66.632066],[-107.635162,66.570014],[-107.565541,66.530748],[-107.54776,66.531562],[-107.540354,66.540513],[-107.553293,66.556342],[-107.521148,66.553412],[-107.432525,66.454739],[-107.364898,66.433498],[-107.275787,66.360826],[-107.241526,66.348538],[-107.209869,66.359117],[-107.201772,66.378485],[-107.237945,66.391832],[-107.249867,66.413886],[-107.293324,66.441718],[-107.43517,66.51081],[-107.451405,66.548041],[-107.563547,66.59455],[-107.57372,66.62523],[-107.626698,66.662543],[-107.658681,66.707709],[-107.767405,66.739407],[-107.799672,66.768622],[-107.743072,66.753852],[-107.71349,66.752997],[-107.689809,66.768622],[-107.717763,66.878485],[-107.765533,66.946112],[-107.765859,66.996324],[-107.758656,67.008857],[-107.737457,67.011461],[-107.687571,66.982164],[-107.634836,66.967108],[-107.6079,66.974066],[-107.666493,67.063422],[-107.642974,67.077094],[-107.617828,67.073961],[-107.523997,67.020413],[-107.484364,66.91942],[-107.53185,66.929877],[-107.548166,66.917955],[-107.568918,66.919094],[-107.646474,66.955756],[-107.67162,66.959621],[-107.697255,66.953559],[-107.616322,66.885403],[-107.595326,66.881537],[-107.579945,66.885932],[-107.587392,66.899604],[-107.532786,66.878485],[-107.57372,66.844957],[-107.562978,66.839504],[-107.512318,66.823228],[-107.477528,66.844957],[-107.431467,66.807847],[-107.40925,66.817084],[-107.484364,66.885932],[-107.41161,66.878974],[-107.395619,66.892157],[-107.441396,66.962958],[-107.43928,66.96955],[-107.401031,66.974311],[-107.354115,66.96133],[-107.308502,66.934638],[-107.221547,66.902045],[-107.131907,66.830268],[-107.087717,66.823228],[-107.087717,66.830715],[-107.162221,66.878485],[-107.134877,66.892157],[-107.267405,66.989407],[-107.313059,67.015041],[-107.403391,67.041164],[-107.361155,67.06684],[-107.246449,67.084215],[-107.251576,67.097602],[-107.203196,67.124905],[-107.223744,67.131659],[-107.285756,67.124905],[-107.336334,67.142401],[-107.390004,67.14883],[-107.423492,67.157945],[-107.527008,67.212348],[-107.588857,67.310492],[-107.656728,67.372463],[-107.71642,67.404608],[-107.72232,67.420966],[-107.697255,67.4265],[-107.651438,67.400336],[-107.635162,67.406073],[-107.628326,67.450426],[-107.583648,67.478013],[-107.585846,67.501166],[-107.668691,67.52912],[-107.745595,67.592597],[-107.811269,67.620307],[-107.865875,67.630927],[-107.989613,67.693345],[-108.005727,67.709662],[-108.012603,67.759101],[-107.94164,67.854315],[-107.86734,67.862454],[-107.699778,67.902899],[-107.659332,67.946723],[-107.750803,67.965481],[-107.803944,67.955024],[-107.834381,67.981513],[-107.909535,67.995103],[-107.918609,68.00552],[-107.895863,68.026435],[-107.879506,68.093004],[-107.846303,68.107123],[-107.813954,68.091295],[-107.750111,68.091864],[-107.697255,68.077623],[-107.718902,68.061184],[-107.813954,68.057196],[-107.802113,68.044867],[-107.738189,68.042914],[-107.818227,68.024604],[-107.834381,68.009426],[-107.774078,67.988593],[-107.681752,68.048733],[-107.582997,68.066555],[-107.506744,68.062323],[-107.4287,68.04267],[-107.37267,68.047431],[-107.272084,68.077623],[-107.146637,68.131822],[-107.107574,68.126044],[-107.134877,68.091295],[-107.025624,68.104967],[-106.952545,68.100084],[-106.970448,68.111802],[-106.926096,68.126451],[-106.866119,68.123114],[-106.758168,68.104967],[-106.745758,68.139553],[-106.813385,68.207994],[-106.788808,68.224026],[-106.682444,68.228461],[-106.699818,68.19831],[-106.644887,68.173285],[-106.627187,68.185207],[-106.6315,68.249579],[-106.599517,68.246324],[-106.49649,68.202582],[-106.443471,68.152777],[-106.401845,68.180732],[-106.346588,68.186916],[-106.48412,68.228664],[-106.494374,68.245836],[-106.448842,68.271308],[-106.426015,68.304267],[-106.470774,68.331529],[-106.445668,68.351264],[-106.415883,68.355414],[-106.354075,68.351386],[-106.251088,68.393012],[-106.182118,68.393012],[-106.14859,68.365058],[-106.122426,68.366034],[-106.052398,68.399807],[-106.006663,68.392401],[-105.991038,68.39643],[-105.97053,68.42772],[-105.874094,68.410468],[-105.843251,68.424018],[-105.81843,68.455146],[-105.798573,68.42772],[-105.747629,68.420966],[-105.727122,68.426581],[-105.697581,68.488837],[-105.718129,68.513414],[-105.757639,68.523342],[-105.778676,68.550686],[-105.706044,68.594672],[-105.692738,68.622626],[-105.648346,68.638739],[-105.727691,68.638251],[-105.791005,68.611965],[-105.81664,68.61286],[-105.87914,68.63935],[-105.941233,68.640082],[-106.052398,68.619534],[-106.0572,68.601508],[-106.087026,68.592515],[-106.522043,68.526679],[-106.553334,68.515855],[-106.422353,68.515855],[-106.454498,68.509467],[-106.538889,68.507799],[-106.55956,68.488593],[-106.530914,68.484931],[-106.509755,68.458564],[-106.532216,68.447577],[-106.549143,68.448554],[-106.569732,68.468695],[-106.635243,68.468695],[-106.592641,68.427436],[-106.487945,68.407416],[-106.487538,68.389228],[-106.556223,68.358791],[-106.566314,68.341132],[-106.528066,68.301093],[-106.552724,68.29678],[-106.592885,68.300727],[-106.651723,68.351386],[-106.716868,68.351386],[-106.724029,68.382473],[-106.786733,68.414944],[-106.806223,68.410834],[-106.811106,68.398424],[-106.792307,68.385565],[-106.809967,68.370795],[-106.914418,68.385728],[-106.956776,68.372504],[-107.009023,68.371324],[-107.025624,68.365058],[-107.022288,68.348456],[-107.121653,68.308173],[-107.140777,68.272121],[-107.155141,68.270087],[-107.189524,68.276923],[-107.246205,68.267279],[-107.273915,68.268744],[-107.300771,68.307278],[-107.335561,68.318793],[-107.508901,68.323554],[-107.546539,68.351752],[-107.692494,68.342515],[-107.745025,68.331529],[-107.826975,68.34455],[-107.889027,68.269477],[-107.842193,68.24494],[-107.765533,68.235907],[-107.729563,68.207221],[-107.620432,68.183295],[-107.603098,68.175035],[-107.614654,68.16706],[-107.731435,68.180732],[-107.84435,68.180732],[-107.864735,68.177151],[-107.895863,68.152777],[-107.924672,68.148017],[-108.009633,68.154608],[-107.989247,68.172268],[-108.149078,68.173285],[-108.18456,68.169623],[-108.243276,68.145494],[-108.389231,68.111029],[-108.436269,68.136786],[-108.43399,68.156155],[-108.418121,68.164781],[-108.377553,68.166327],[-108.361399,68.159613],[-108.382476,68.139716],[-108.354237,68.140448],[-108.32787,68.204576],[-108.361969,68.235907],[-108.380523,68.231635],[-108.409779,68.180732],[-108.45759,68.186916],[-108.40217,68.268948],[-108.416615,68.304185],[-108.452707,68.312649],[-108.56017,68.278795],[-108.584096,68.260077],[-108.697499,68.255805],[-108.732167,68.234931],[-108.79601,68.25495],[-108.815053,68.274237],[-108.779693,68.283149],[-108.744049,68.306342],[-108.749013,68.34455],[-108.594594,68.399156],[-108.406117,68.560858],[-108.347157,68.600084],[-108.280832,68.621568],[-107.806386,68.65351],[-107.753082,68.645982],[-107.628326,68.67414],[-107.483225,68.685126],[-107.425689,68.700141],[-107.292592,68.701402],[-107.152903,68.749701],[-107.075063,68.757392],[-106.910797,68.80036],[-106.799428,68.817532],[-106.703236,68.811265],[-106.665679,68.81623],[-106.566314,68.852281],[-106.451039,68.865139],[-106.380483,68.886298],[-106.305816,68.89643],[-106.272125,68.906928],[-106.244211,68.940375],[-106.22175,68.94599],[-105.997792,68.899482],[-105.796498,68.882717],[-105.678456,68.832221],[-105.469594,68.721991],[-105.485463,68.691474],[-105.537953,68.67536],[-105.539174,68.650051],[-105.466624,68.597561],[-105.409169,68.530585],[-105.387441,68.52025],[-105.326243,68.515855],[-105.324127,68.482489],[-105.340199,68.469713],[-105.402211,68.493638],[-105.437327,68.490424],[-105.535959,68.449897],[-105.543935,68.413886],[-105.527008,68.410305],[-105.366933,68.420559],[-105.333079,68.413479],[-105.353505,68.379299],[-105.323069,68.354438],[-105.095123,68.269517],[-105.039215,68.259101],[-104.996653,68.276923],[-105.086008,68.31037],[-105.033437,68.309149],[-104.996816,68.325019],[-104.953196,68.30744],[-104.903391,68.331448],[-104.894195,68.351386],[-104.848866,68.327094],[-104.842193,68.291897],[-104.856516,68.280829],[-104.944976,68.260565],[-104.93517,68.235907],[-104.909169,68.226711],[-104.884633,68.229478],[-104.820058,68.265123],[-104.785064,68.249091],[-104.634145,68.249579],[-104.601959,68.235338],[-104.675689,68.139716],[-104.617258,68.139594],[-104.591624,68.083319],[-104.506663,68.070746],[-104.51061,68.042914],[-104.483876,68.033922],[-104.363271,68.036689],[-104.317006,68.057074],[-104.229482,68.029853],[-104.147613,68.024237],[-103.990305,68.048651],[-103.87857,68.023342],[-103.792592,68.026272],[-103.7565,68.036689],[-103.70873,68.070868],[-103.6162,68.057196],[-103.557932,68.063422],[-103.541615,68.075019],[-103.547678,68.113227],[-103.528432,68.133002],[-103.442535,68.167385],[-103.414866,68.169379],[-103.371246,68.148586],[-103.338775,68.111802],[-103.37975,68.077623],[-103.363515,68.011461],[-103.317779,68.007717],[-103.242014,67.969957],[-103.15453,67.967597],[-103.082997,67.927476],[-103.016672,67.919989],[-102.964996,67.929389],[-102.948354,67.926825],[-102.909169,67.885077],[-102.762563,67.815131],[-102.45108,67.782294],[-102.34081,67.750922],[-102.305898,67.723253],[-102.253814,67.730414],[-102.218902,67.69184],[-102.201039,67.700263],[-102.227447,67.724799],[-102.218495,67.742011],[-102.167551,67.755479],[-102.130727,67.775092],[-102.082997,67.750067],[-102.025706,67.750474],[-101.988759,67.769232],[-101.98058,67.791571],[-101.939076,67.785753],[-101.89977,67.749132],[-101.837961,67.741889],[-101.826487,67.717271],[-101.797963,67.708116],[-101.770334,67.728217],[-101.741811,67.727647],[-101.673451,67.694037],[-101.621938,67.700629],[-101.529449,67.680406],[-101.47175,67.697211],[-101.456614,67.689683],[-101.415924,67.690253],[-101.39977,67.694037],[-101.410471,67.705024],[-101.445912,67.713324],[-101.447662,67.734361],[-101.409657,67.731676],[-101.382069,67.718451],[-101.34081,67.728217],[-101.262563,67.721991],[-101.241811,67.736884],[-101.252431,67.769721],[-101.234975,67.775987],[-101.173818,67.755479],[-101.094838,67.786607],[-101.097646,67.749091],[-100.956858,67.749213],[-100.919342,67.755479],[-100.892201,67.770575],[-100.92219,67.803168],[-100.923085,67.820746],[-100.907297,67.828559],[-100.849599,67.79682],[-100.831288,67.795966],[-100.769114,67.826483],[-100.753774,67.82746],[-100.734975,67.816962],[-100.707387,67.851142],[-100.645619,67.831244],[-100.592763,67.847032],[-100.590403,67.796454],[-100.458892,67.842515],[-100.412831,67.851142],[-100.166412,67.844916],[-100.080474,67.816962],[-100.028676,67.824408],[-99.967844,67.810126],[-99.926869,67.824408],[-99.817047,67.800889],[-99.792714,67.804918],[-99.795277,67.824408],[-99.767812,67.826483],[-99.686147,67.816514],[-99.634592,67.792711],[-99.567454,67.807725],[-99.494862,67.796454],[-99.487416,67.782823],[-99.470611,67.781684],[-99.439605,67.796454],[-99.423695,67.794135],[-99.374867,67.769721],[-99.295277,67.755357],[-99.226674,67.714545],[-99.193186,67.721991],[-99.158437,67.714545],[-99.109039,67.729193],[-99.055816,67.71955],[-98.981679,67.722032],[-98.936431,67.696845],[-98.89269,67.752265],[-98.779937,67.748277],[-98.732289,67.754096],[-98.699778,67.789659],[-98.706044,67.801703],[-98.682607,67.81269],[-98.589263,67.782823],[-98.396474,67.788804],[-98.363352,67.794623],[-98.360951,67.811347],[-98.45226,67.870063],[-98.500478,67.865424],[-98.535471,67.873236],[-98.608957,67.910142],[-98.712758,67.944932],[-98.72704,67.957831],[-98.733876,68.070868],[-98.716705,68.074937],[-98.644521,68.070868],[-98.584584,68.096381],[-98.522328,68.0456],[-98.257436,67.925849],[-98.092112,67.760321],[-98.082834,67.755479],[-98.048655,67.769232],[-97.984364,67.750312],[-97.927235,67.696885],[-97.830963,67.692491],[-97.795969,67.684638],[-97.730458,67.648505],[-97.655873,67.645006],[-97.590321,67.602973],[-97.557932,67.595404],[-97.495473,67.60814],[-97.415028,67.610663],[-97.335072,67.652899],[-97.274648,67.666734],[-97.213246,67.624579],[-97.192128,67.639472],[-97.196929,67.664374],[-97.151967,67.674628],[-97.061147,67.680406],[-97.130035,67.714545],[-97.226226,67.714545],[-97.21109,67.733995],[-97.120107,67.779405],[-97.120839,67.793036],[-97.164784,67.844916],[-97.205719,67.865424],[-97.249582,67.924628],[-97.295155,67.88585],[-97.327016,67.875922],[-97.363515,67.876939],[-97.39745,67.886705],[-97.471181,67.93537],[-97.640859,68.009385],[-97.693227,68.02265],[-97.729604,67.973253],[-97.774281,67.987494],[-97.794789,67.975287],[-97.849924,67.974107],[-97.957509,67.929023],[-97.976959,67.930528],[-98.001536,67.959459],[-98.058909,67.916856],[-98.066029,67.899237],[-98.048655,67.83808],[-98.073354,67.831407],[-98.095041,67.836615],[-98.178578,67.880683],[-98.223297,67.934068],[-98.404897,68.009385],[-98.448964,68.070868],[-98.589915,68.152777],[-98.577138,68.156073],[-98.535268,68.139716],[-98.506703,68.18122],[-98.4794,68.190375],[-98.456125,68.183783],[-98.425404,68.159613],[-98.439076,68.118598],[-98.411448,68.082465],[-98.363596,68.09398],[-98.324534,68.128119],[-98.315541,68.16706],[-98.368072,68.189805],[-98.486318,68.215562],[-98.541493,68.235907],[-98.499013,68.238837],[-98.487457,68.249579],[-98.592152,68.291571],[-98.710561,68.360704],[-98.713368,68.379259],[-98.673085,68.386461],[-98.630849,68.382432],[-98.51476,68.331529],[-98.541493,68.365058],[-98.477406,68.352484],[-98.459543,68.365058],[-98.540761,68.414781],[-98.540842,68.424018],[-98.52599,68.425401],[-98.439076,68.379259],[-98.317616,68.356798],[-98.253245,68.317572],[-98.213124,68.304185],[-98.192372,68.307685],[-98.151357,68.334662],[-98.105784,68.321723],[-98.08259,68.323798],[-98.068471,68.337714],[-98.116933,68.355089],[-98.09557,68.367499],[-97.904652,68.34455],[-97.908315,68.391547],[-97.851186,68.389594],[-97.747629,68.36872],[-97.770985,68.401964],[-97.895172,68.42414],[-97.911692,68.438178],[-97.898427,68.447577],[-98.010487,68.499091],[-98.003651,68.531928],[-97.979644,68.547065],[-97.92516,68.530097],[-97.856272,68.543769],[-97.796051,68.532091],[-97.705474,68.527818],[-97.661366,68.506293],[-97.635854,68.45543],[-97.529368,68.420722],[-97.503774,68.436143],[-97.519195,68.452338],[-97.575063,68.447577],[-97.609975,68.451972],[-97.620961,68.462104],[-97.591624,68.492174],[-97.562367,68.502875],[-97.430002,68.505561],[-97.260365,68.468695],[-97.249094,68.445868],[-97.109527,68.393012],[-97.162262,68.394395],[-97.161977,68.377631],[-97.009918,68.350043],[-96.993479,68.337714],[-96.993479,68.296739],[-97.05606,68.306627],[-97.082997,68.286119],[-97.080637,68.265692],[-96.971588,68.253852],[-96.926422,68.242743],[-96.690012,68.286444],[-96.671376,68.283149],[-96.657379,68.259223],[-96.634836,68.258897],[-96.63036,68.249579],[-96.679514,68.238715],[-96.691721,68.228135],[-96.681264,68.211127],[-96.620961,68.185655],[-96.608632,68.194322],[-96.633941,68.213935],[-96.59203,68.254218],[-96.486195,68.303412],[-96.403798,68.317857],[-96.46939,68.285956],[-96.489491,68.217963],[-96.524526,68.191718],[-96.643422,68.139716],[-96.624745,68.125312],[-96.637685,68.113471],[-96.691803,68.104967],[-96.684967,68.091295],[-96.795033,68.071967],[-96.814768,68.05036],[-96.801869,68.026842],[-96.764516,68.017157],[-96.691803,68.016181],[-96.657704,68.057196],[-96.61677,68.068183],[-96.592641,68.068712],[-96.562734,68.040473],[-96.519399,68.0362],[-96.444814,68.05036],[-96.485748,68.070868],[-96.478912,68.090562],[-96.499867,68.093817],[-96.548451,68.085069],[-96.525014,68.116034],[-96.491322,68.134833],[-96.398101,68.171373],[-96.293284,68.19892],[-96.009389,68.252265],[-95.937652,68.290595],[-95.896718,68.296739],[-95.938791,68.252509],[-96.042388,68.188666],[-96.081654,68.145941],[-96.024403,68.115709],[-96.086049,68.037706],[-96.081654,68.009385],[-96.130767,67.956855],[-96.216786,67.810248],[-96.209462,67.753485],[-96.191314,67.736518],[-96.222157,67.698961],[-96.2058,67.680406],[-96.171051,67.700263],[-96.181874,67.64289],[-96.197174,67.627021],[-96.253041,67.629828],[-96.321278,67.700263],[-96.343902,67.689399],[-96.33495,67.612128],[-96.357249,67.582831],[-96.391428,67.567003],[-96.46524,67.549506],[-96.431142,67.54328],[-96.46524,67.512193],[-96.46524,67.478013],[-96.424306,67.494818],[-96.392079,67.49608],[-96.362213,67.481147],[-96.375885,67.463202],[-96.33495,67.443915],[-96.260406,67.440863],[-96.210032,67.425605],[-96.153188,67.442206],[-96.119293,67.471259],[-96.095937,67.467475],[-96.096018,67.446967],[-96.068023,67.440863],[-96.111399,67.415391],[-96.138417,67.368394],[-96.171051,67.34398],[-96.225331,67.32213],[-96.253,67.247748],[-96.142161,67.262641],[-96.136871,67.234727],[-96.110748,67.221869],[-96.037831,67.239325],[-95.944488,67.29621],[-95.927724,67.282538],[-95.90807,67.286566],[-95.760976,67.371161],[-95.716298,67.376044],[-95.719228,67.365058],[-95.678049,67.335028],[-95.637807,67.347724],[-95.622955,67.379381],[-95.603261,67.387071],[-95.561187,67.376288],[-95.533925,67.357733],[-95.554107,67.324164],[-95.584543,67.301337],[-95.811676,67.192857],[-95.835276,67.165839],[-95.706614,67.194281],[-95.666127,67.224107],[-95.643463,67.227973],[-95.663971,67.206855],[-95.621083,67.203111],[-95.521881,67.219591],[-95.485219,67.200629],[-95.499501,67.193793],[-95.478383,67.180121],[-95.491689,67.158881],[-95.482574,67.141343],[-95.442738,67.151801],[-95.437408,67.200629],[-95.382802,67.159654],[-95.396474,67.139228],[-95.379384,67.107856],[-95.417633,67.06977],[-95.403228,67.055976],[-95.337799,67.041734],[-95.327545,67.022528],[-95.347727,66.973822],[-95.366851,66.962714],[-95.403228,66.974066],[-95.421457,66.949286],[-95.476389,66.95421],[-95.603505,66.946845],[-95.636627,66.967841],[-95.601918,66.988349],[-95.657948,66.982978],[-95.765859,66.959052],[-95.913726,66.947821],[-95.937652,66.960395],[-95.961781,67.008979],[-95.992299,67.008857],[-95.967112,67.046861],[-95.930816,67.070258],[-95.9558,67.07453],[-96.048736,67.016547],[-96.027008,66.974066],[-96.093373,66.956855],[-96.127065,66.956977],[-96.157379,66.967841],[-96.115834,66.988349],[-96.150014,66.993598],[-96.221832,66.98371],[-96.259836,66.991441],[-96.281361,67.011176],[-96.264638,67.049425],[-96.280344,67.070258],[-96.298248,67.075792],[-96.349233,67.070258],[-96.392201,67.093329],[-96.454254,67.068834],[-96.455678,67.05976],[-96.41686,67.029283],[-96.397613,66.994574],[-96.301137,66.974921],[-96.246734,66.926947],[-96.15274,66.900621],[-96.126088,66.882188],[-96.096913,66.830634],[-95.85204,66.758124],[-95.780019,66.662462],[-95.783355,66.638495],[-95.820953,66.591132],[-95.792226,66.602037],[-95.740712,66.648301],[-95.712026,66.658759],[-95.660268,66.663275],[-95.630442,66.679389],[-95.655019,66.731024],[-95.677602,66.741929],[-95.671783,66.707831],[-95.68692,66.68769],[-95.715728,66.680284],[-95.754384,66.683051],[-95.792063,66.737047],[-95.836781,66.756049],[-95.909535,66.819281],[-95.999745,66.851142],[-96.028676,66.881334],[-96.085072,66.909166],[-96.09203,66.926988],[-96.028472,66.951361],[-95.976145,66.953925],[-95.924184,66.946967],[-95.886138,66.929999],[-95.82726,66.943549],[-95.77595,66.936835],[-95.752756,66.905748],[-95.733795,66.903062],[-95.670155,66.912584],[-95.575185,66.912584],[-95.506703,66.902533],[-95.453196,66.92829],[-95.410715,66.933092],[-95.388539,66.912055],[-95.341868,66.899604],[-95.316314,66.900214],[-95.275014,66.913926],[-95.218332,66.974066],[-95.233225,66.989691],[-95.300893,67.008857],[-95.291493,67.031195],[-95.345204,67.073961],[-95.323557,67.117174],[-95.348134,67.152696],[-95.268463,67.211249],[-95.255605,67.262274],[-95.172841,67.278632],[-95.175364,67.289618],[-95.33019,67.343451],[-95.375966,67.447008],[-95.413808,67.45661],[-95.399322,67.477973],[-95.324941,67.51081],[-95.338124,67.552232],[-95.438344,67.603827],[-95.463246,67.63935],[-95.550404,67.656195],[-95.592152,67.683702],[-95.663564,67.696357],[-95.704945,67.721991],[-95.70523,67.741441],[-95.676137,67.765448],[-95.629221,67.775987],[-95.629628,67.787909],[-95.585113,67.789659],[-95.545481,67.808295],[-95.526763,67.848456],[-95.536529,67.886705],[-95.582021,67.899522],[-95.526723,67.9442],[-95.465199,67.974595],[-95.444895,68.009385],[-95.421742,68.019965],[-95.431223,68.057196],[-95.478383,68.063422],[-95.450347,68.071763],[-95.272939,68.077623],[-95.23176,68.084825],[-95.218332,68.077623],[-95.272939,68.036689],[-95.228139,68.04564],[-95.141672,68.085028],[-95.094797,68.091295],[-95.039662,68.055243],[-95.012278,68.05036],[-94.931264,68.060492],[-94.860992,68.03087],[-94.798248,68.038072],[-94.738352,68.058295],[-94.700999,68.081366],[-94.683909,68.108385],[-94.560374,68.163316],[-94.474599,68.183173],[-94.451161,68.201158],[-94.382639,68.219794],[-94.36856,68.235907],[-94.36856,68.228461],[-94.340932,68.24433],[-94.210927,68.269477],[-94.193267,68.288682],[-94.211415,68.363878],[-94.138743,68.39879],[-94.122385,68.422349],[-93.949778,68.475775],[-93.757395,68.505968],[-93.723988,68.520087],[-93.661366,68.530748],[-93.621246,68.550645],[-93.560658,68.558417],[-93.546213,68.564276],[-93.559804,68.578559],[-93.546213,68.578559],[-93.544749,68.597235],[-93.523752,68.607286],[-93.446441,68.614854],[-93.374867,68.638739],[-93.580312,68.612128],[-93.645334,68.6258],[-93.752268,68.612128],[-93.705719,68.664618],[-93.67927,68.731879],[-93.697621,68.748603],[-93.687611,68.761176],[-93.653391,68.764228],[-93.636952,68.804145],[-93.570668,68.844062],[-93.577219,68.862169],[-93.649241,68.899482],[-93.637685,68.936143],[-93.656077,68.940375],[-93.634918,68.962144],[-93.660756,68.972154],[-93.738596,68.968329],[-93.724924,68.975165],[-93.73644,68.977281],[-93.77953,68.975165],[-93.827016,68.961615],[-93.857289,68.962592],[-93.875803,68.975165],[-93.833567,69.009345],[-93.909291,68.995673],[-93.865549,69.037299],[-93.800038,69.064561],[-93.827138,69.0692],[-93.868031,69.061143],[-93.936594,69.029771],[-93.902455,69.029771],[-93.950836,68.995673],[-93.922963,68.982001],[-93.958811,68.965766],[-93.968821,68.947455],[-94.061635,68.903266],[-94.069895,68.874823],[-94.064849,68.867499],[-94.040273,68.865912],[-94.080556,68.852281],[-94.036529,68.838609],[-93.978179,68.858344],[-93.943959,68.883124],[-93.922963,68.88581],[-93.94343,68.858466],[-93.8131,68.899482],[-93.826243,68.87934],[-93.895375,68.859971],[-93.977773,68.810736],[-94.059153,68.786689],[-94.094228,68.762885],[-94.282948,68.758002],[-94.412506,68.723009],[-94.465728,68.743394],[-94.507395,68.725084],[-94.570912,68.762885],[-94.636098,68.756049],[-94.604115,68.824449],[-94.559926,68.863145],[-94.550526,68.890733],[-94.584299,68.903184],[-94.566762,68.935777],[-94.598744,68.949286],[-94.601959,68.968329],[-94.571197,68.98192],[-94.530914,68.977281],[-94.464752,68.954698],[-94.463206,68.941718],[-94.442983,68.944159],[-94.402699,68.962144],[-94.345855,69.025824],[-94.319895,69.034613],[-94.231597,69.037218],[-94.176178,69.049506],[-94.149526,69.064561],[-94.186025,69.085924],[-94.172475,69.107856],[-94.077016,69.129462],[-94.005483,69.160142],[-94.038686,69.158393],[-94.135162,69.132799],[-94.252838,69.12698],[-94.324045,69.155829],[-94.279856,69.229071],[-94.300282,69.249498],[-94.259389,69.276801],[-94.313954,69.297919],[-94.281646,69.32213],[-94.237904,69.336493],[-94.114573,69.347642],[-94.026601,69.366197],[-93.930409,69.366197],[-93.885365,69.345079],[-93.846181,69.349799],[-93.794504,69.368516],[-93.739166,69.409044],[-93.612213,69.439561],[-93.525706,69.441352],[-93.595611,69.399359],[-93.630116,69.390245],[-93.678538,69.354682],[-93.809967,69.310981],[-93.881947,69.249498],[-93.860504,69.250108],[-93.8131,69.270006],[-93.84435,69.24254],[-93.881947,69.229071],[-93.868276,69.218085],[-93.8131,69.222154],[-93.851552,69.186103],[-93.840321,69.168687],[-93.760325,69.210679],[-93.703359,69.225409],[-93.607574,69.270006],[-93.62678,69.274888],[-93.642405,69.263129],[-93.579579,69.299547],[-93.48644,69.318793],[-93.453603,69.332139],[-93.434397,69.356798],[-93.361887,69.372992],[-93.385854,69.379625],[-93.477895,69.359361],[-93.555653,69.36994],[-93.587758,69.366197],[-93.492543,69.440619],[-93.484731,69.461778],[-93.450836,69.473822],[-93.450592,69.489691],[-93.477162,69.484198],[-93.505849,69.51557],[-93.557973,69.530707],[-93.690175,69.523261],[-93.803456,69.482245],[-93.8131,69.495917],[-93.872792,69.486518],[-93.868316,69.454332],[-93.897572,69.439317],[-93.930409,69.435411],[-93.998647,69.441352],[-94.149526,69.434516],[-94.322174,69.452989],[-94.382232,69.495917],[-94.447377,69.520128],[-94.521718,69.575914],[-94.561025,69.64057],[-94.585113,69.648179],[-94.606842,69.632799],[-94.617991,69.637885],[-94.636098,69.654161],[-94.629872,69.68773],[-94.764312,69.661689],[-94.724233,69.619452],[-94.745758,69.594346],[-94.788686,69.578192],[-94.875111,69.571641],[-94.95287,69.589057],[-94.971181,69.609198],[-95.012278,69.60578],[-94.999176,69.619452],[-95.02477,69.626776],[-95.131581,69.621039],[-95.184804,69.644965],[-95.225168,69.646715],[-95.410512,69.685899],[-95.586781,69.742174],[-95.669057,69.788438],[-95.735951,69.790758],[-95.751047,69.785386],[-95.786855,69.742987],[-95.82787,69.77025],[-95.812001,69.787095],[-95.786855,69.790758],[-95.807485,69.803412],[-95.830068,69.807807],[-95.848256,69.801093],[-95.869008,69.777167],[-95.93163,69.791856],[-95.951975,69.790758],[-95.944488,69.783881],[-95.975901,69.7862],[-96.086822,69.8463],[-96.2058,69.865831],[-96.15689,69.883979],[-96.113433,69.866645],[-96.081654,69.879503],[-96.12267,69.900621],[-96.08849,69.914252],[-96.08849,69.920478],[-96.106923,69.920111],[-96.110097,69.956529],[-96.174875,69.972235],[-96.222279,69.962714],[-96.256418,69.970282],[-96.52595,70.126817],[-96.57372,70.234442],[-96.54601,70.340562],[-96.444814,70.407701],[-96.422597,70.41474],[-96.362213,70.407701],[-96.347076,70.41413],[-96.328725,70.448717],[-96.33434,70.486884],[-96.232981,70.571194],[-96.188873,70.532213],[-96.136871,70.544867],[-96.144154,70.564032],[-96.126047,70.579169],[-96.074859,70.592719],[-95.995229,70.56391],[-95.79894,70.531236],[-95.793691,70.538072],[-95.802398,70.550889],[-95.95816,70.571601],[-96.043528,70.596503],[-96.053944,70.607042],[-96.054351,70.644232],[-95.958811,70.681464],[-95.814809,70.715562],[-95.903554,70.709337],[-96.122548,70.65644],[-96.150543,70.633653],[-96.190338,70.624742],[-96.347646,70.665391],[-96.397613,70.68891],[-96.440989,70.738593],[-96.46524,70.750352],[-96.573354,70.774034],[-96.602447,70.791327],[-96.616444,70.825751],[-96.527821,70.93183],[-96.487538,71.02851],[-96.499989,71.045152],[-96.439849,71.052232],[-96.376047,71.094102],[-96.410634,71.119696],[-96.419667,71.089708],[-96.45873,71.086127],[-96.561513,71.127061],[-96.54898,71.144151],[-96.45873,71.171454],[-96.390004,71.147773],[-96.375885,71.16059],[-96.459096,71.19538],[-96.431142,71.264268],[-96.479563,71.257432],[-96.472076,71.264268],[-96.506907,71.277899],[-96.447092,71.298936],[-96.32665,71.298285],[-96.305531,71.30329],[-96.280344,71.31269],[-96.268381,71.341661],[-96.211741,71.386786],[-96.133534,71.414171],[-95.98587,71.415066],[-95.924428,71.404039],[-95.839752,71.350775],[-95.658315,71.29149],[-95.536448,71.296088],[-95.540435,71.31269],[-95.519358,71.325751],[-95.577016,71.346015],[-95.588246,71.36046],[-95.472157,71.36046],[-95.478383,71.374132],[-95.437408,71.374132],[-95.437408,71.380316],[-95.506093,71.397325],[-95.546213,71.42772],[-95.520375,71.454779],[-95.464711,71.469713],[-95.464711,71.483995],[-95.375966,71.510688],[-95.476389,71.500108],[-95.492055,71.487128],[-95.628,71.493842],[-95.688385,71.50963],[-95.807362,71.510688],[-95.86262,71.538642],[-95.944488,71.552232],[-95.930409,71.570543],[-95.887807,71.580186],[-95.87621,71.593248],[-95.897532,71.59394],[-95.91039,71.606879],[-95.846425,71.627021],[-95.725168,71.633734],[-95.678619,71.652411],[-95.663808,71.673774],[-95.619252,71.675157],[-95.591298,71.692979],[-95.492055,71.722968],[-95.277211,71.724311],[-95.259267,71.73725],[-95.288238,71.751899],[-95.280385,71.778184],[-95.216054,71.829535],[-95.135732,71.832831],[-95.064361,71.847113],[-95.02481,71.840766],[-94.985585,71.847642],[-94.834706,71.842353],[-94.740712,71.829291],[-94.694814,71.835639],[-94.608144,71.867621],[-94.640981,71.873358],[-94.759023,71.839667],[-94.815012,71.85106],[-95.101674,71.860826],[-95.1787,71.847154],[-95.246693,71.862982],[-95.254547,71.879218],[-95.232004,71.894232],[-95.259267,71.901679],[-95.211497,71.929023],[-95.225168,71.94953],[-94.548695,72.002143],[-94.492014,71.990424],[-94.4735,71.956],[-94.393422,71.939317],[-94.424469,71.909532],[-94.505727,71.901679],[-94.452707,71.885932],[-94.460317,71.857408],[-94.551381,71.850531],[-94.649159,71.81977],[-94.613759,71.79621],[-94.622426,71.764594],[-94.595123,71.743476],[-94.539906,71.771348],[-94.492096,71.825995],[-94.46524,71.821112],[-94.447011,71.790717],[-94.419789,71.812323],[-94.388051,71.811591],[-94.354888,71.798692],[-94.387929,71.782457],[-94.399566,71.757025],[-94.388417,71.722968],[-94.415517,71.665473],[-94.282297,71.73607],[-94.210764,71.792304],[-94.180735,71.792548],[-94.159901,71.782945],[-94.163157,71.764594],[-94.121816,71.760443],[-94.054067,71.789171],[-94.012318,71.778184],[-93.974436,71.753119],[-93.950551,71.750922],[-93.897369,71.752997],[-93.808827,71.778917],[-93.76122,71.779283],[-93.720855,71.765326],[-93.703847,71.733466],[-93.715688,71.704901],[-93.820546,71.655341],[-93.735463,71.628119],[-93.634999,71.579535],[-93.544749,71.5539],[-93.419749,71.535834],[-93.359202,71.502143],[-93.257069,71.48371],[-93.215566,71.469102],[-93.183095,71.40766],[-93.148549,71.383409],[-93.017812,71.366929],[-92.980133,71.347357],[-92.997467,71.318915],[-92.947865,71.294908],[-92.937245,71.223334],[-92.858713,71.158637],[-92.860951,71.106024],[-92.88622,71.070665],[-92.854115,71.045152],[-92.888661,71.006903],[-92.909332,70.927843],[-92.896392,70.884019],[-92.854115,70.859605],[-92.938222,70.846055],[-93.000234,70.872667],[-93.052724,70.880683],[-93.040842,70.862372],[-92.945872,70.81745],[-92.82018,70.809923],[-92.692942,70.774644],[-92.675201,70.76557],[-92.695872,70.757799],[-92.691151,70.749254],[-92.662262,70.743516],[-92.662262,70.736029],[-92.717519,70.729844],[-92.717519,70.723009],[-92.674713,70.724555],[-92.641835,70.709337],[-92.690256,70.68891],[-92.655507,70.68891],[-92.676584,70.681464],[-92.66218,70.678656],[-92.614491,70.68891],[-92.415883,70.667792],[-92.40689,70.654853],[-92.302602,70.633653],[-92.316151,70.601426],[-92.340199,70.599473],[-92.329213,70.58161],[-92.303293,70.57335],[-92.277008,70.580756],[-92.249908,70.625352],[-92.215443,70.616278],[-92.155181,70.579047],[-92.205556,70.571763],[-92.250803,70.579047],[-92.260894,70.548651],[-92.239369,70.534125],[-92.215688,70.5338],[-92.193186,70.510077],[-92.230336,70.510728],[-92.285553,70.48961],[-92.177724,70.472886],[-92.111724,70.472642],[-92.108225,70.454047],[-92.134755,70.435004],[-92.042226,70.421373],[-92.045318,70.39411],[-91.998158,70.39411],[-92.018056,70.372992],[-91.97643,70.366767],[-92.002268,70.348822],[-91.990712,70.325141],[-92.036733,70.313544],[-92.086293,70.31212],[-92.086293,70.304674],[-91.999623,70.303168],[-91.983876,70.290391],[-92.004384,70.284247],[-91.96345,70.269884],[-91.958648,70.257758],[-91.920766,70.299302],[-91.895253,70.306464],[-91.853586,70.304674],[-91.905344,70.339911],[-91.878529,70.364732],[-91.852651,70.366929],[-91.805776,70.35932],[-91.786244,70.336493],[-91.755849,70.3581],[-91.723215,70.35578],[-91.689076,70.318345],[-91.730702,70.304674],[-91.687734,70.227769],[-91.696523,70.202257],[-91.659901,70.218858],[-91.650746,70.235907],[-91.557525,70.198228],[-91.510976,70.161322],[-91.545237,70.144965],[-91.696523,70.133979],[-91.812611,70.140204],[-91.884104,70.12873],[-91.995473,70.123033],[-92.045277,70.134101],[-92.121734,70.174058],[-92.225819,70.187934],[-92.230336,70.208482],[-92.299224,70.256903],[-92.29955,70.240465],[-92.367543,70.236436],[-92.266225,70.21308],[-92.271311,70.195421],[-92.290273,70.18769],[-92.326405,70.195136],[-92.391713,70.18122],[-92.484202,70.18122],[-92.484202,70.174913],[-92.430653,70.171373],[-92.38858,70.14704],[-92.434234,70.138129],[-92.473948,70.098578],[-92.531728,70.09337],[-92.587229,70.078803],[-92.531117,70.077582],[-92.478017,70.0456],[-92.456451,70.068712],[-92.311594,70.094306],[-92.111724,70.088609],[-92.050445,70.076728],[-91.99356,70.055528],[-91.942942,70.024115],[-92.024892,69.996202],[-92.07726,69.99372],[-92.086293,69.975694],[-92.223459,69.914781],[-92.271311,69.907457],[-92.244618,69.893785],[-92.264719,69.87523],[-92.341868,69.861925],[-92.379384,69.845079],[-92.409088,69.845404],[-92.436025,69.832343],[-92.547597,69.81684],[-92.545644,69.783881],[-92.56786,69.764594],[-92.600575,69.766832],[-92.648671,69.794176],[-92.673451,69.780829],[-92.655507,69.77025],[-92.684071,69.756944],[-92.841379,69.710028],[-92.868398,69.708808],[-92.868398,69.701972],[-92.538808,69.715033],[-92.538808,69.708808],[-92.622711,69.70539],[-92.737416,69.674058],[-92.813588,69.679185],[-92.855702,69.689561],[-92.923004,69.681505],[-92.923004,69.674058],[-92.833404,69.661322],[-92.770334,69.669501],[-92.669097,69.654161],[-92.603586,69.683295],[-92.471425,69.697618],[-92.449371,69.68773],[-92.405426,69.68476],[-92.367421,69.708726],[-92.340199,69.701972],[-92.340199,69.694525],[-92.374908,69.667833],[-92.340443,69.660102],[-92.333974,69.667833],[-92.262847,69.665839],[-92.22643,69.6588],[-92.176584,69.633409],[-92.114573,69.63227],[-92.091176,69.625922],[-92.086293,69.619452],[-92.263092,69.634223],[-92.299224,69.646715],[-92.237782,69.60578],[-92.168853,69.585313],[-92.167144,69.591051],[-92.168853,69.577867],[-92.121693,69.571641],[-92.127919,69.558051],[-91.966664,69.533637],[-91.937123,69.519029],[-91.798329,69.489691],[-91.802724,69.513251],[-91.710194,69.544298],[-91.737457,69.551134],[-91.71345,69.557685],[-91.648101,69.558051],[-91.579213,69.585313],[-91.600331,69.612616],[-91.53307,69.641059],[-91.500722,69.643622],[-91.497304,69.661078],[-91.426015,69.668402],[-91.321401,69.652777],[-91.289866,69.660224],[-91.250844,69.64057],[-91.195058,69.655707],[-91.167592,69.655707],[-91.168324,69.633124],[-91.093251,69.64057],[-91.106557,69.624864],[-91.218902,69.614325],[-91.359731,69.552924],[-91.541086,69.533759],[-91.572377,69.523261],[-91.557118,69.511827],[-91.504058,69.523261],[-91.346791,69.523261],[-91.30484,69.544298],[-91.189076,69.564195],[-91.109975,69.513292],[-91.085805,69.511298],[-91.007151,69.527167],[-90.977162,69.515937],[-90.897694,69.536851],[-90.881337,69.519232],[-90.887807,69.489691],[-90.7506,69.489691],[-90.753285,69.51911],[-90.724192,69.534166],[-90.654408,69.536851],[-90.436879,69.49315],[-90.400299,69.464667],[-90.369537,69.459703],[-90.369781,69.444688],[-90.311757,69.454332],[-90.311757,69.448106],[-90.352528,69.437323],[-90.476226,69.448106],[-90.561594,69.42829],[-90.614369,69.438951],[-90.599762,69.448106],[-90.621449,69.454047],[-90.702789,69.454332],[-90.702789,69.448106],[-90.666575,69.443101],[-90.625885,69.424058],[-90.58552,69.420844],[-90.626454,69.407782],[-90.649526,69.41352],[-90.672597,69.407701],[-90.79776,69.366197],[-90.791575,69.352525],[-90.815053,69.333686],[-90.805247,69.256334],[-90.935536,69.249498],[-90.894602,69.270006],[-90.950673,69.262641],[-90.969716,69.270006],[-90.942983,69.276801],[-90.956044,69.290473],[-90.930653,69.28974],[-90.91511,69.304145],[-90.939809,69.30329],[-91.070058,69.268134],[-91.086334,69.270006],[-91.094594,69.285102],[-91.01065,69.310981],[-90.997629,69.338935],[-90.956044,69.359361],[-90.984853,69.358832],[-91.08967,69.311998],[-91.189076,69.290473],[-91.254221,69.298692],[-91.449534,69.359361],[-91.449534,69.352525],[-91.392974,69.325792],[-91.259185,69.283677],[-91.181264,69.273993],[-91.12564,69.238837],[-91.033599,69.21955],[-90.857004,69.144639],[-90.805247,69.132799],[-90.77066,69.108873],[-90.670644,69.088202],[-90.654408,69.078192],[-90.661366,69.061835],[-90.702301,69.03974],[-90.708974,69.007188],[-90.685455,68.998236],[-90.620229,68.995673],[-90.612131,68.987494],[-90.579254,68.947862],[-90.599762,68.947862],[-90.58552,68.927354],[-90.605377,68.926581],[-90.621083,68.916327],[-90.532623,68.911444],[-90.435292,68.878974],[-90.483062,68.852281],[-90.437123,68.854804],[-90.42162,68.845445],[-90.446767,68.840155],[-90.497914,68.844672],[-90.537953,68.8369],[-90.599762,68.8039],[-90.563547,68.798936],[-90.481842,68.826606],[-90.442128,68.831163],[-90.475819,68.796495],[-90.448964,68.790229],[-90.457102,68.777045],[-90.492177,68.771715],[-90.510365,68.784003],[-90.530873,68.742418],[-90.483022,68.711046],[-90.485585,68.701117],[-90.500803,68.66767],[-90.530873,68.653022],[-90.526479,68.642035],[-90.565012,68.625718],[-90.525502,68.615058],[-90.489898,68.591539],[-90.538319,68.578559],[-90.539906,68.572089],[-90.533193,68.559678],[-90.477162,68.53441],[-90.493642,68.530097],[-90.517201,68.491929],[-90.606068,68.458075],[-90.607045,68.443915],[-90.497385,68.413438],[-90.318593,68.379259],[-90.318593,68.372504],[-90.358306,68.372382],[-90.475657,68.337714],[-90.338368,68.352037],[-90.311757,68.337714],[-90.324127,68.309882],[-90.278188,68.268134],[-90.270823,68.242133],[-90.23705,68.232123],[-90.193837,68.235785],[-90.119985,68.262641],[-90.140492,68.293647],[-90.171498,68.307318],[-90.164133,68.315172],[-90.069976,68.344346],[-90.000152,68.379259],[-89.989613,68.405992],[-90.00182,68.41942],[-89.982167,68.42772],[-90.003896,68.433905],[-89.978342,68.445624],[-89.924306,68.451606],[-89.900868,68.461249],[-89.911692,68.469835],[-89.900502,68.486396],[-89.870961,68.481879],[-89.864573,68.488349],[-89.849762,68.523301],[-89.820953,68.544542],[-89.896148,68.550238],[-89.920766,68.564276],[-89.944936,68.61579],[-89.897328,68.643866],[-89.900868,68.660468],[-89.846832,68.677314],[-89.809478,68.712714],[-89.794423,68.715074],[-89.76651,68.703681],[-89.753896,68.677314],[-89.770579,68.625718],[-89.740631,68.62995],[-89.715932,68.646186],[-89.725494,68.707506],[-89.697743,68.765326],[-89.715932,68.790229],[-89.687978,68.817491],[-89.704986,68.83275],[-89.736399,68.831163],[-89.722239,68.852973],[-89.746938,68.916246],[-89.743235,68.968329],[-89.67219,69.044501],[-89.544586,69.091864],[-89.409332,69.175116],[-89.397206,69.215399],[-89.331695,69.249498],[-89.19872,69.278062],[-89.035878,69.267198],[-88.941965,69.233588],[-88.932851,69.202745],[-88.88683,69.179551],[-88.845693,69.139635],[-88.728586,69.08393],[-88.249745,68.931586],[-88.022613,68.808661],[-87.947092,68.729682],[-87.926503,68.687201],[-87.919179,68.652899],[-87.94815,68.60871],[-87.941314,68.587633],[-87.892934,68.536973],[-87.878489,68.496527],[-87.830881,68.468695],[-87.843332,68.44184],[-87.800364,68.404283],[-87.792226,68.331244],[-87.844553,68.255805],[-87.943756,68.200873],[-88.027008,68.238227],[-88.126332,68.249579],[-88.146148,68.235907],[-88.179555,68.245307],[-88.181549,68.370429],[-88.199371,68.383368],[-88.217112,68.353827],[-88.255483,68.34455],[-88.320383,68.308783],[-88.398427,68.290798],[-88.40685,68.276923],[-88.324941,68.207994],[-88.283315,68.126044],[-88.286285,68.106635],[-88.342763,68.075385],[-88.334828,68.0456],[-88.379547,68.029853],[-88.358469,68.00255],[-88.373647,67.975816],[-88.280995,67.810981],[-88.248606,67.775987],[-88.184804,67.752753],[-88.163482,67.736192],[-88.173492,67.707709],[-88.140533,67.670722],[-88.069325,67.632025],[-87.978139,67.617784],[-87.940745,67.604682],[-87.815338,67.519477],[-87.714833,67.481147],[-87.65982,67.433905],[-87.483795,67.363105],[-87.457631,67.334947],[-87.447377,67.263861],[-87.399526,67.275702],[-87.362945,67.267198],[-87.372792,67.241563],[-87.501943,67.193793],[-87.516184,67.11872],[-87.459788,67.135362],[-87.41454,67.174994],[-87.372182,67.180121],[-87.327789,67.173285],[-87.30427,67.103705],[-87.289296,67.097602],[-87.255483,67.180121],[-87.228179,67.200629],[-87.242177,67.214423],[-87.228139,67.228095],[-87.195912,67.222724],[-87.181264,67.23664],[-87.137196,67.228827],[-87.118316,67.214301],[-87.114125,67.178941],[-87.075795,67.218085],[-87.070668,67.263373],[-87.005238,67.246568],[-86.960683,67.255235],[-87.007802,67.286729],[-86.994781,67.303046],[-87.06371,67.324164],[-87.087514,67.342637],[-87.092193,67.353095],[-87.077707,67.357652],[-87.019928,67.349921],[-86.976674,67.32331],[-86.960683,67.331],[-86.96052,67.367377],[-86.896555,67.400743],[-86.778961,67.418647],[-86.653432,67.363715],[-86.625478,67.371934],[-86.615142,67.414374],[-86.597524,67.406073],[-86.603749,67.365058],[-86.583852,67.349189],[-86.553293,67.352159],[-86.501943,67.379381],[-86.536122,67.447008],[-86.480824,67.459052],[-86.486887,67.552191],[-86.452952,67.605943],[-86.48884,67.617133],[-86.494537,67.653144],[-86.529286,67.687201],[-86.476877,67.717719],[-86.343739,67.844916],[-86.253,67.894395],[-86.186676,67.913764],[-86.128326,67.957831],[-86.130605,68.016059],[-86.108876,68.022081],[-86.097279,68.016181],[-86.10851,67.9914],[-86.08019,67.981513],[-86.058583,67.999254],[-86.01183,68.008857],[-85.901723,68.054389],[-85.914784,68.111436],[-85.907541,68.121894],[-85.864817,68.129706],[-85.887318,68.192694],[-85.871409,68.201158],[-85.804758,68.203477],[-85.789418,68.221666],[-85.835276,68.230577],[-85.843739,68.245185],[-85.809234,68.296739],[-85.844065,68.324042],[-85.803456,68.336046],[-85.717152,68.398261],[-85.706288,68.413438],[-85.747874,68.436713],[-85.665273,68.454413],[-85.732004,68.465399],[-85.741038,68.478583],[-85.72053,68.506293],[-85.72053,68.550645],[-85.73884,68.565985],[-85.726715,68.584784],[-85.742828,68.624823],[-85.693227,68.666693],[-85.668121,68.726996],[-85.641347,68.742418],[-85.610463,68.747504],[-85.561635,68.730943],[-85.523671,68.733588],[-85.459828,68.756049],[-85.562856,68.784003],[-85.413442,68.774482],[-85.363637,68.762885],[-85.391591,68.742418],[-85.36026,68.733995],[-85.224762,68.7213],[-85.233225,68.744574],[-85.26122,68.748603],[-85.239369,68.765855],[-85.199452,68.764228],[-85.124664,68.748603],[-84.959584,68.762885],[-84.898305,68.745592],[-84.788238,68.735582],[-84.75475,68.762885],[-84.809234,68.814073],[-84.840891,68.823106],[-84.904652,68.824937],[-84.987172,68.811265],[-85.145009,68.834784],[-85.178619,68.847154],[-85.192942,68.86933],[-85.17276,68.877387],[-85.042714,68.865912],[-85.055776,68.878974],[-85.000559,68.88581],[-85.069447,68.906928],[-85.063629,68.917548],[-85.012929,68.915717],[-85.000559,68.924262],[-85.145131,68.947862],[-85.118723,68.963568],[-85.080719,68.964301],[-84.95519,68.95067],[-84.920969,68.93891],[-84.879384,68.941026],[-84.804311,68.933417],[-84.797922,68.949774],[-84.815094,68.966051],[-84.905344,68.973741],[-84.941151,68.984198],[-84.945912,69.003119],[-84.987457,69.009345],[-84.953114,69.018541],[-84.836659,69.009345],[-84.843495,69.023627],[-84.808095,69.034613],[-84.724517,69.009508],[-84.669789,69.013902],[-84.581614,68.996812],[-84.528188,69.023627],[-84.557688,69.029608],[-84.651357,69.029771],[-84.689687,69.047105],[-84.714833,69.03498],[-84.729848,69.035956],[-84.75475,69.050279],[-84.74828,69.074693],[-84.767201,69.087958],[-84.921742,69.080634],[-84.952748,69.091864],[-84.947987,69.107611],[-85.028472,69.119208],[-84.966379,69.139635],[-85.010365,69.145697],[-85.095041,69.119981],[-85.138295,69.126654],[-85.11384,69.155097],[-85.024403,69.163642],[-84.987457,69.174425],[-85.012278,69.180487],[-85.16808,69.173082],[-85.192942,69.166938],[-85.181874,69.153673],[-85.200266,69.135565],[-85.270253,69.137885],[-85.316477,69.153917],[-85.290395,69.166083],[-85.224843,69.174058],[-85.206614,69.188056],[-85.252594,69.197333],[-85.346832,69.200914],[-85.391591,69.215399],[-85.377919,69.222154],[-85.432525,69.263129],[-85.4735,69.276801],[-85.500803,69.318345],[-85.488189,69.326361],[-85.465932,69.32689],[-85.391225,69.308539],[-85.336985,69.318427],[-85.456288,69.347602],[-85.467275,69.359361],[-85.440012,69.366197],[-85.497304,69.390001],[-85.50829,69.407782],[-85.483062,69.414862],[-85.385243,69.418687],[-85.412017,69.448106],[-85.34439,69.441352],[-85.399403,69.466742],[-85.436391,69.464789],[-85.480336,69.441352],[-85.510325,69.446357],[-85.534047,69.463324],[-85.539459,69.484605],[-85.514475,69.502753],[-85.531565,69.525987],[-85.475575,69.549913],[-85.480336,69.564195],[-85.461008,69.570502],[-85.385365,69.564195],[-85.495473,69.617621],[-85.544097,69.65351],[-85.514475,69.681505],[-85.471099,69.681871],[-85.44933,69.689399],[-85.440012,69.7119],[-85.449615,69.741197],[-85.496897,69.752021],[-85.514475,69.77025],[-85.429026,69.78852],[-85.397857,69.785346],[-85.412017,69.755968],[-85.391672,69.756049],[-85.349517,69.768988],[-85.33316,69.791368],[-85.370758,69.824897],[-85.590199,69.832343],[-85.563222,69.8581],[-85.357086,69.852851],[-85.32018,69.846991],[-85.174794,69.794257],[-85.055776,69.777086],[-85.055816,69.796861],[-85.029286,69.806464],[-84.879262,69.818793],[-84.857167,69.832343],[-84.898101,69.852851],[-84.862864,69.86164],[-84.774322,69.838568],[-84.694651,69.853746],[-84.339833,69.859687],[-84.288564,69.832343],[-84.24767,69.838568],[-84.169504,69.824652],[-84.031484,69.763617],[-83.812856,69.733385],[-83.731191,69.70897],[-83.495188,69.687201],[-83.448883,69.694648],[-83.356597,69.681505],[-83.253285,69.708808],[-83.020579,69.681505],[-82.904164,69.694525],[-82.688303,69.682074],[-82.664215,69.68773],[-82.698394,69.701972],[-82.630279,69.702582],[-82.568023,69.68773],[-82.57551,69.674058],[-82.417226,69.646715],[-82.253407,69.64057],[-82.406158,69.618109],[-82.456166,69.63939],[-82.616444,69.646715],[-82.589182,69.633124],[-82.645904,69.629259],[-82.65746,69.619452],[-82.554351,69.599555],[-82.58373,69.589586],[-82.753651,69.577867],[-82.617991,69.570014],[-82.479319,69.502753],[-82.516103,69.49372],[-83.253285,69.558051],[-83.293813,69.539903],[-83.192128,69.536851],[-82.281565,69.41942],[-82.225453,69.393541],[-82.267812,69.385606],[-82.389963,69.407782],[-82.389963,69.400336],[-82.358551,69.392646],[-82.305247,69.359931],[-82.202626,69.333319],[-82.143463,69.297919],[-82.169911,69.2921],[-82.225453,69.298082],[-82.253407,69.290473],[-82.230092,69.276068],[-82.239898,69.266547],[-82.294301,69.256334],[-82.269602,69.238227],[-82.237294,69.235216],[-82.026845,69.249498],[-82.047271,69.270006],[-81.991567,69.278022],[-81.753041,69.26789],[-81.639719,69.248236],[-81.49592,69.203559],[-81.465443,69.201117],[-81.403676,69.208564],[-81.344716,69.194892],[-81.321685,69.139635],[-81.273305,69.0987],[-81.273305,69.091864],[-81.362864,69.101304],[-81.389394,69.095282],[-81.482167,69.064561],[-81.552724,69.00316],[-81.58023,68.992987],[-81.636464,68.988837],[-81.683827,68.994452],[-81.699534,68.960801],[-81.729075,68.945054],[-81.885487,68.929633],[-82.008656,68.899848],[-82.061594,68.878974],[-81.814565,68.913764],[-81.786936,68.899482],[-81.702504,68.907538],[-81.589345,68.87287],[-81.588002,68.845445],[-81.561757,68.831651],[-81.5454,68.832465],[-81.503733,68.863105],[-81.419179,68.875434],[-81.378774,68.867621],[-81.233022,68.773912],[-81.263295,68.738471],[-81.2506,68.668647],[-81.26651,68.638739],[-81.340932,68.622626],[-81.35851,68.601793],[-81.479075,68.574815],[-81.649648,68.508246],[-81.814565,68.530097],[-81.796457,68.50373],[-81.825592,68.471015],[-81.918691,68.453315],[-81.953725,68.43065],[-82.016591,68.433905],[-82.063059,68.49787],[-82.088531,68.50963],[-82.273834,68.536973],[-82.248036,68.515001],[-82.176869,68.488105],[-82.187896,68.471788],[-82.22175,68.458116],[-82.429799,68.475898],[-82.572987,68.527167],[-82.611643,68.530219],[-82.635569,68.497138],[-82.589182,68.495429],[-82.547841,68.471788],[-82.496938,68.463935],[-82.558217,68.443915],[-82.596018,68.440782],[-82.643707,68.447333],[-82.650624,68.433905],[-82.634633,68.411241],[-82.602528,68.405992],[-82.503896,68.410142],[-82.465647,68.385565],[-82.3697,68.356269],[-82.348948,68.337714],[-82.376576,68.319403],[-82.467437,68.32453],[-82.506581,68.317857],[-82.441762,68.284003],[-82.36974,68.269477],[-82.302358,68.290758],[-82.272694,68.291571],[-82.267323,68.242133],[-82.344797,68.175523],[-82.314849,68.146593],[-82.206532,68.124701],[-82.174794,68.124986],[-82.108754,68.149359],[-82.099029,68.175727],[-82.044423,68.217353],[-82.026845,68.221666],[-81.993642,68.215033],[-82.018381,68.130479],[-82.046946,68.120673],[-82.123036,68.111802],[-82.081654,68.082465],[-82.124379,68.064765],[-82.143463,68.042914],[-82.129221,68.042914],[-82.160959,68.011176],[-82.177642,68.009385],[-82.123036,67.961005],[-82.129221,67.947943],[-82.101552,67.910386],[-82.060658,67.886827],[-81.971588,67.861925],[-81.949818,67.833197],[-81.889027,67.812079],[-81.828114,67.80683],[-81.811635,67.797309],[-81.841868,67.789659],[-81.818471,67.772773],[-81.700185,67.735338],[-81.642649,67.687201],[-81.58495,67.663275],[-81.457183,67.628404],[-81.266469,67.494818],[-81.237945,67.460517],[-81.31428,67.371934],[-81.375722,67.186957],[-81.417307,67.13231],[-81.40982,67.097602],[-81.446604,67.065863],[-81.490956,67.060533],[-81.502919,67.001044],[-81.527415,66.996039],[-81.63268,67.008857],[-81.664377,66.981513],[-81.716176,66.972846],[-81.821156,66.999213],[-81.954905,66.976793],[-81.978383,66.967841],[-81.999501,66.939927],[-82.034332,66.927232],[-82.041086,66.91942],[-82.013173,66.905748],[-82.091664,66.857978],[-82.082102,66.834093],[-82.176178,66.78087],[-82.182444,66.748603],[-82.156565,66.713975],[-82.373158,66.727647],[-82.381663,66.696479],[-82.464182,66.680243],[-82.482289,66.670722],[-82.479319,66.651923],[-82.554351,66.62523],[-82.590891,66.570868],[-82.633453,66.5633],[-82.851552,66.570502],[-82.909332,66.554877],[-82.998647,66.555162],[-83.027415,66.495185],[-83.058827,66.479112],[-83.130442,66.46015],[-83.262603,66.396064],[-83.327545,66.380683],[-83.369374,66.350287],[-83.499623,66.364447],[-83.560536,66.349351],[-83.589101,66.357123],[-83.568593,66.371405],[-83.65803,66.419176],[-83.630035,66.419176],[-83.629547,66.441392],[-83.595937,66.432807],[-83.595367,66.415717],[-83.552968,66.386908],[-83.534495,66.385077],[-83.528676,66.396918],[-83.644358,66.474433],[-83.678131,66.525336],[-83.732167,66.536973],[-83.847768,66.5456],[-83.890736,66.570014],[-83.904205,66.594102],[-83.914662,66.596747],[-83.963531,66.583604],[-83.980784,66.592353],[-83.972646,66.618394],[-84.01358,66.632066],[-84.003407,66.645738],[-84.01358,66.679877],[-83.983957,66.708238],[-83.957753,66.712144],[-83.931752,66.707221],[-83.914622,66.694688],[-83.911244,66.651923],[-83.895863,66.647325],[-83.856597,66.686713],[-83.890736,66.713975],[-83.942209,66.723497],[-83.958974,66.748114],[-83.943674,66.770941],[-83.900014,66.79088],[-83.884511,66.817084],[-83.89037,66.857245],[-83.91808,66.885932],[-83.942535,66.826972],[-83.965199,66.811265],[-84.048411,66.78974],[-84.029042,66.783922],[-84.103627,66.748114],[-84.097768,66.719306],[-84.137929,66.712226],[-84.269399,66.727851],[-84.302602,66.741319],[-84.308258,66.760077],[-84.268137,66.782294],[-84.303538,66.801011],[-84.411936,66.807318],[-84.439443,66.830675],[-84.389312,66.83515],[-84.240142,66.830675],[-84.240142,66.83751],[-84.372629,66.867377],[-84.411488,66.885932],[-84.410797,66.916327],[-84.391021,66.91942],[-84.408315,66.935004],[-84.437327,66.940741],[-84.493764,66.939927],[-84.582834,66.981513],[-84.419911,66.961615],[-84.370513,66.974066],[-84.809397,67.029283],[-84.910064,67.061876],[-84.939076,67.055976],[-84.904937,67.042955],[-84.939076,67.036811],[-84.843495,67.015001],[-84.859853,67.00023],[-84.884511,66.994574],[-84.853993,66.987982],[-84.76773,67.008857],[-84.735951,67.00788],[-84.637441,66.981513],[-85.004628,66.968085],[-85.212799,66.91942],[-85.145131,66.905748],[-85.204579,66.878485],[-85.227122,66.885932],[-85.21524,66.867662],[-85.186594,66.85224],[-85.127797,66.83751],[-85.061147,66.857978],[-84.978424,66.859849],[-84.940663,66.873603],[-84.91039,66.908637],[-85.000559,66.91942],[-84.974517,66.929145],[-84.919993,66.916002],[-84.891265,66.91942],[-84.871165,66.946112],[-84.767445,66.955552],[-84.71996,66.933092],[-84.603342,66.939927],[-84.615061,66.922309],[-84.591217,66.904812],[-84.747304,66.899604],[-84.695058,66.895494],[-84.616567,66.877427],[-84.543609,66.851386],[-84.508372,66.823228],[-84.652089,66.853339],[-84.692698,66.844957],[-84.650136,66.824083],[-84.548573,66.818061],[-84.500885,66.809556],[-84.441233,66.786241],[-84.343373,66.783189],[-84.322133,66.776068],[-84.348134,66.759101],[-84.452463,66.720811],[-84.370513,66.707221],[-84.315297,66.679877],[-84.26301,66.700141],[-84.144602,66.686713],[-84.144602,66.658759],[-84.177358,66.61164],[-84.216298,66.601386],[-84.211008,66.59455],[-84.075673,66.522406],[-83.963246,66.477891],[-83.894032,66.432196],[-83.870229,66.395575],[-83.862782,66.316759],[-83.783559,66.301378],[-83.761545,66.254706],[-83.70165,66.227973],[-83.685292,66.213731],[-83.690785,66.199205],[-83.80663,66.163194],[-83.856597,66.158515],[-83.791331,66.204332],[-83.791412,66.213731],[-83.971181,66.204088],[-84.002675,66.234076],[-84.089345,66.248481],[-84.130727,66.264106],[-84.15453,66.30622],[-84.203847,66.324205],[-84.302805,66.303087],[-84.322906,66.294053],[-84.309071,66.282579],[-84.348744,66.277777],[-84.387318,66.292589],[-84.423736,66.361396],[-84.44933,66.375922],[-84.514516,66.385077],[-84.500885,66.399278],[-84.537465,66.405219],[-84.592193,66.362494],[-84.636708,66.343858],[-84.603342,66.315741],[-84.553863,66.302924],[-84.401763,66.210395],[-84.378326,66.173041],[-84.404652,66.165961],[-84.480092,66.165961],[-84.535024,66.193305],[-84.607411,66.214586],[-84.78303,66.226996],[-84.870839,66.268378],[-84.942494,66.254706],[-84.983713,66.25434],[-85.03775,66.279853],[-85.08316,66.286811],[-85.088206,66.309272],[-85.117828,66.33039],[-85.136098,66.326402],[-85.130849,66.29564],[-85.179311,66.268378],[-85.241567,66.270087],[-85.267812,66.286933],[-85.279682,66.360707],[-85.31297,66.372424],[-85.300578,66.406472],[-85.322336,66.479534],[-85.377955,66.515785],[-85.416073,66.566981],[-85.465479,66.574425],[-85.529622,66.566749],[-85.751564,66.517655],[-85.782865,66.500095],[-85.852528,66.502021],[-85.905832,66.515367],[-86.138824,66.501085],[-86.207143,66.522203],[-86.282867,66.522203],[-86.343739,66.556342],[-86.39273,66.515367],[-86.416615,66.515001],[-86.525624,66.549506],[-86.597524,66.556342],[-86.577138,66.535875],[-86.620473,66.506944],[-86.740346,66.531562],[-86.782541,66.522203],[-86.747304,66.496039],[-86.631703,66.440253],[-86.666737,66.430976],[-86.789377,66.453925],[-86.807851,66.446275],[-86.620595,66.314399],[-86.543202,66.312974],[-86.470367,66.295396],[-86.326283,66.285997],[-86.275461,66.268378],[-85.956166,66.199652],[-85.892021,66.193411],[-85.856662,66.16283],[-85.899562,66.147664],[-85.974829,66.09828],[-85.986318,66.054796],[-85.974355,66.03559],[-86.063344,65.999091],[-86.194244,65.984076],[-86.204949,65.939747],[-86.226716,65.933038],[-86.292592,65.929999],[-86.346506,65.907782],[-86.412465,65.904486],[-86.426259,65.898383],[-86.421295,65.882636],[-86.46288,65.855577],[-86.467193,65.830146],[-86.494537,65.815863],[-86.453603,65.782335],[-86.464508,65.743476],[-86.522328,65.705268],[-86.549794,65.672471],[-86.615142,65.670152],[-86.663889,65.65766],[-86.825917,65.561632],[-86.895497,65.555162],[-86.987945,65.535346],[-86.974355,65.521674],[-87.008453,65.508002],[-87.015289,65.487494],[-87.084218,65.484117],[-87.114125,65.460395],[-87.109975,65.43537],[-87.072825,65.428087],[-87.06371,65.418647],[-87.078603,65.402086],[-87.155832,65.39289],[-87.209869,65.367051],[-87.259429,65.361558],[-87.310129,65.343492],[-87.380767,65.329698],[-87.92748,65.333441],[-88.063873,65.359483],[-88.1704,65.39997],[-88.221913,65.411811],[-88.255483,65.446519],[-88.300404,65.467027],[-88.325266,65.490587],[-88.417877,65.52619],[-88.461578,65.553575],[-88.550282,65.583116],[-88.661936,65.595404],[-88.721791,65.624376],[-88.83141,65.645209],[-88.584584,65.64525],[-88.480621,65.628241],[-88.420888,65.624986],[-88.413686,65.631537],[-88.44811,65.643297],[-88.742991,65.674628],[-88.818959,65.689927],[-88.845326,65.703803],[-88.970123,65.696519],[-89.051137,65.720282],[-89.109364,65.728461],[-89.136464,65.742906],[-89.160471,65.776679],[-89.227203,65.79975],[-89.310902,65.8133],[-89.33849,65.840033],[-89.408437,65.867011],[-89.448069,65.875596],[-89.475697,65.87108],[-89.478261,65.855943],[-89.509836,65.860582],[-89.53718,65.898383],[-89.638173,65.923163],[-89.687978,65.946845],[-89.759999,65.935981],[-89.775787,65.943183],[-89.967397,65.955797],[-90.003896,65.946845],[-89.767079,65.892646],[-89.730458,65.858873],[-89.732655,65.841539],[-89.770579,65.822699],[-89.837473,65.830919],[-89.910146,65.865668],[-89.969146,65.87108],[-90.04426,65.891588],[-90.138539,65.885199],[-90.228668,65.859361],[-90.302235,65.860175],[-90.435292,65.884752],[-90.403391,65.896674],[-90.366526,65.900255],[-90.291005,65.898383],[-90.222401,65.905219],[-90.218984,65.922675],[-90.236969,65.926866],[-90.400787,65.905219],[-91.045644,65.941514],[-91.106272,65.952989],[-91.181996,65.946845],[-91.310292,65.975938],[-91.383209,65.960761],[-91.46345,65.958116],[-91.497304,65.946845],[-91.120513,65.843207],[-91.031646,65.808336],[-91.004465,65.815863],[-91.127349,65.905219],[-91.107655,65.923041],[-91.070465,65.928453],[-90.955068,65.920356],[-90.895741,65.903754],[-90.529693,65.881944],[-90.300689,65.840318],[-90.094228,65.821153],[-89.958119,65.794298],[-89.850982,65.751573],[-89.736399,65.727729],[-89.613108,65.649482],[-89.468129,65.605902],[-89.442535,65.544745],[-89.393788,65.501166],[-89.184234,65.438951],[-89.150502,65.415229],[-89.147369,65.391913],[-89.12914,65.377265],[-89.039866,65.328192],[-88.967437,65.342963],[-88.933827,65.343492],[-88.879221,65.322455],[-88.617747,65.31391],[-88.547109,65.29918],[-88.121205,65.280382],[-88.07726,65.267768],[-88.045888,65.268052],[-87.941029,65.288275],[-87.831451,65.28205],[-87.750885,65.267524],[-87.73469,65.28205],[-87.748931,65.288275],[-87.71109,65.301011],[-87.659657,65.300605],[-87.608306,65.291612],[-87.527659,65.268256],[-87.372792,65.275214],[-87.046946,65.237982],[-87.038075,65.218858],[-87.056874,65.206366],[-86.978424,65.179633],[-86.938222,65.141954],[-86.994781,65.103949],[-86.973622,65.057563],[-87.11148,65.000922],[-87.077382,64.972968],[-87.118316,64.945624],[-87.168813,64.939643],[-87.275014,64.849962],[-87.310129,64.79857],[-87.300201,64.76439],[-87.372792,64.753852],[-87.444732,64.707587],[-87.471181,64.716295],[-87.468617,64.74433],[-87.49649,64.743232],[-87.529205,64.712877],[-87.513539,64.634101],[-87.54662,64.613593],[-87.577626,64.569525],[-87.599965,64.558173],[-87.809885,64.516059],[-87.812978,64.487128],[-87.858876,64.438178],[-87.874867,64.360826],[-87.899526,64.333075],[-88.041737,64.25731],[-88.050608,64.236884],[-87.981679,64.191514],[-88.044301,64.184312],[-88.11266,64.140855],[-88.129465,64.136908],[-88.221588,64.144355],[-88.272817,64.115058],[-88.483022,64.050767],[-88.558176,64.048082],[-88.550282,64.027655],[-88.666086,64.011461],[-88.687408,63.979234],[-88.734609,63.972357],[-88.826975,63.991034],[-88.865468,63.982489],[-88.879221,63.98668],[-88.872426,64.000963],[-88.903635,64.008246],[-88.96703,63.988511],[-89.002756,63.993476],[-89.00178,64.014838],[-89.05956,64.025092],[-89.147694,64.056138],[-89.199208,64.099189],[-89.220041,64.139635],[-89.255523,64.159857],[-89.290679,64.136908],[-89.232981,64.105577],[-89.177398,64.03852],[-89.105784,63.98668],[-89.089752,63.9619],[-89.049387,63.960883],[-89.023183,63.952582],[-89.049306,63.946357],[-89.147369,63.952582],[-89.1256,63.965562],[-89.194488,63.973009],[-89.239247,64.004096],[-89.286366,64.015937],[-89.250844,63.993354],[-89.249745,63.965562],[-89.379058,64.041449],[-89.438629,64.024156],[-89.496205,64.062445],[-89.545562,64.079779],[-89.565053,64.076117],[-89.557688,64.007188],[-89.482533,63.952582],[-89.509185,63.952094],[-89.592397,64.020819],[-89.694244,64.078437],[-89.722157,64.076117],[-89.704254,64.055121],[-89.706899,64.031684],[-89.752187,64.072455],[-89.825795,64.109565],[-89.802846,64.132921],[-89.743479,64.138536],[-89.736399,64.147773],[-89.752065,64.225328],[-89.786366,64.25023],[-89.80606,64.201361],[-89.887196,64.205797],[-89.868479,64.190619],[-89.826405,64.177436],[-89.818267,64.154608],[-89.832346,64.141425],[-89.91393,64.164862],[-89.970204,64.167792],[-90.04894,64.144273],[-90.127431,64.130072],[-90.070302,64.115831],[-90.040842,64.100206],[-90.016957,64.107286],[-90.023752,64.123887],[-89.932118,64.117499],[-89.91393,64.10338],[-89.938466,64.096381],[-89.943512,64.068671],[-89.928131,64.054999],[-89.898915,64.053168],[-89.894032,64.041938],[-89.853098,64.027655],[-89.853098,64.020819],[-89.888661,64.022162],[-89.920766,64.014024],[-89.91393,64.000963],[-89.839019,63.988023],[-89.818267,63.973009],[-89.813344,63.946031],[-89.831939,63.924628],[-89.898183,63.925849],[-89.959218,63.918402],[-89.996449,63.932074],[-89.954457,63.949164],[-89.952301,63.963731],[-89.995269,63.989569],[-90.01887,63.992621],[-90.029652,63.985541],[-90.017568,63.965562],[-90.083079,63.97016],[-90.09203,63.952582],[-90.168365,64.007188],[-90.222971,64.014472],[-90.277659,64.007188],[-90.277659,64.000963],[-90.223378,63.991767],[-90.085846,63.924628],[-90.127431,63.918402],[-90.099477,63.904161],[-90.093495,63.885972],[-89.998036,63.840399],[-89.965891,63.813341],[-89.974233,63.778551],[-90.119985,63.781236],[-90.068756,63.763658],[-90.061513,63.743476],[-90.099477,63.719794],[-90.103871,63.699774],[-90.137074,63.699286],[-90.168365,63.657701],[-90.147288,63.630439],[-90.22057,63.613227],[-90.259389,63.607856],[-90.283844,63.622992],[-90.222401,63.636664],[-90.269602,63.651068],[-90.318593,63.64411],[-90.298085,63.636664],[-90.342112,63.621527],[-90.394602,63.615912],[-90.446848,63.620673],[-90.489898,63.636664],[-90.45641,63.650865],[-90.52538,63.657213],[-90.544545,63.664537],[-90.512196,63.663642],[-90.483062,63.671373],[-90.520985,63.685655],[-90.648183,63.705512],[-90.641754,63.683824],[-90.702789,63.664537],[-90.64981,63.654975],[-90.605621,63.676093],[-90.571197,63.670722],[-90.542592,63.631537],[-90.557769,63.598253],[-90.592926,63.609931],[-90.661204,63.602484],[-90.743235,63.575385],[-90.910146,63.5692],[-90.974517,63.578681],[-91.06135,63.615098],[-91.15038,63.637274],[-91.195912,63.630439],[-91.234527,63.633897],[-91.314931,63.661444],[-91.391754,63.6671],[-91.408518,63.677598],[-91.39094,63.691474],[-91.332834,63.677598],[-91.34553,63.691596],[-91.507558,63.730536],[-91.548248,63.731147],[-91.591624,63.718451],[-91.673411,63.722235],[-91.682729,63.735419],[-91.654937,63.746527],[-91.681549,63.77501],[-91.700551,63.780219],[-91.748891,63.748236],[-91.898915,63.746039],[-91.947662,63.755723],[-91.990712,63.781236],[-91.967112,63.791938],[-91.888295,63.801703],[-91.888295,63.809149],[-91.9829,63.821723],[-91.998158,63.818793],[-92.004384,63.787462],[-92.052805,63.767564],[-92.045766,63.750434],[-92.064036,63.748887],[-92.148997,63.753974],[-92.187978,63.765692],[-92.299224,63.781236],[-92.373769,63.77912],[-92.506256,63.831],[-92.751088,63.863145],[-92.750844,63.887152],[-92.786244,63.900987],[-92.850413,63.907538],[-92.863189,63.902696],[-92.916168,63.904161],[-92.934071,63.908149],[-92.956532,63.9383],[-92.987213,63.941392],[-93.06843,63.932359],[-93.166615,63.973944],[-93.313385,63.993476],[-93.367502,64.011542],[-93.44815,64.023139],[-93.505849,64.048163],[-93.54247,64.075019],[-93.624989,64.106513],[-93.632924,64.125108],[-93.616811,64.154486],[-93.634918,64.164862],[-93.69518,64.162177],[-93.764556,64.196479],[-93.77953,64.191514],[-93.681142,64.138536],[-93.665924,64.089708],[-93.607167,64.049384],[-93.555572,64.033637],[-93.552358,64.024237],[-93.600819,64.014024],[-93.546213,64.007188],[-93.546213,64.000963],[-93.596791,63.993028],[-93.76594,63.993476],[-93.759633,63.975531],[-93.772084,63.959418],[-93.710683,63.959418],[-93.647288,63.881456],[-93.533111,63.849555],[-93.464508,63.849555],[-93.430653,63.843004],[-93.36852,63.817206],[-93.333852,63.815375],[-93.372467,63.82982],[-93.381703,63.8463],[-93.307444,63.832506],[-93.217193,63.842719],[-93.217193,63.849555],[-93.302235,63.852607],[-93.350942,63.869371],[-93.450592,63.932074],[-93.423248,63.9383],[-93.457387,63.959418],[-93.400624,63.977362],[-93.335927,63.96129],[-93.217193,63.910956],[-93.148305,63.904161],[-93.104075,63.880561],[-93.012359,63.869818],[-92.909657,63.840318],[-92.766469,63.831977],[-92.634918,63.783881],[-92.610951,63.780137],[-92.587758,63.786363],[-92.535064,63.819525],[-92.499379,63.820624],[-92.463857,63.811591],[-92.436391,63.794908],[-92.412465,63.746527],[-92.302602,63.740302],[-92.250803,63.746527],[-92.209828,63.72602],[-92.127512,63.711168],[-92.099965,63.699286],[-92.18932,63.685045],[-92.20873,63.666734],[-92.168853,63.64411],[-92.276519,63.621894],[-92.30602,63.630439],[-92.29304,63.636664],[-92.305084,63.652696],[-92.322987,63.651435],[-92.383656,63.596137],[-92.529693,63.564399],[-92.545644,63.554755],[-92.467437,63.528388],[-92.449371,63.527411],[-92.443227,63.548529],[-92.426015,63.552191],[-92.349355,63.551459],[-92.333974,63.575181],[-92.304107,63.574652],[-92.256744,63.542222],[-92.230336,63.541002],[-92.207265,63.572008],[-92.209828,63.609931],[-92.18102,63.621894],[-92.121653,63.621772],[-92.081288,63.645209],[-92.023508,63.647895],[-91.955149,63.683092],[-91.806874,63.715888],[-91.778432,63.714423],[-91.660878,63.677314],[-91.619985,63.65119],[-91.617828,63.603502],[-91.598378,63.585028],[-91.539906,63.580064],[-91.504058,63.562201],[-91.400299,63.530829],[-91.380605,63.513739],[-91.408518,63.500067],[-91.39094,63.487738],[-91.371083,63.485053],[-91.315541,63.501532],[-91.168324,63.493232],[-91.078521,63.452623],[-91.017405,63.471137],[-90.961293,63.456977],[-90.926747,63.432115],[-90.784739,63.39765],[-90.805165,63.391547],[-90.834381,63.393052],[-90.976471,63.424384],[-90.945383,63.398017],[-90.87267,63.385932],[-90.818512,63.367174],[-90.708363,63.364691],[-90.689117,63.356676],[-90.682444,63.33747],[-90.7506,63.321357],[-90.736318,63.308295],[-90.740956,63.294379],[-90.695383,63.274766],[-90.718902,63.260972],[-90.687245,63.224229],[-90.695627,63.185777],[-90.726552,63.190009],[-90.730092,63.18476],[-90.722279,63.174872],[-90.674875,63.164903],[-90.671742,63.153388],[-90.695383,63.136949],[-90.654408,63.088568],[-90.689117,63.081732],[-90.67748,63.070746],[-90.643625,63.068915],[-90.626454,63.061265],[-90.644928,63.057685],[-90.658803,63.034247],[-90.691965,63.041815],[-90.701894,63.03559],[-90.723297,63.014106],[-90.689117,63.014106],[-90.702463,63.003363],[-90.753651,62.999823],[-90.723297,62.97309],[-90.752187,62.965033],[-90.784739,62.965644],[-90.772206,62.953192],[-90.783803,62.945054],[-90.825673,62.938341],[-91.031117,62.951402],[-91.096303,62.922675],[-91.161488,62.911078],[-91.199615,62.896796],[-91.220774,62.862169],[-91.312408,62.830512],[-91.398427,62.828192],[-91.42219,62.822252],[-91.353871,62.801215],[-91.394276,62.786811],[-91.441965,62.786933],[-91.657867,62.811265],[-91.737172,62.829169],[-91.833079,62.829169],[-91.9794,62.847398],[-92.082997,62.872545],[-92.134755,62.876899],[-92.134999,62.849066],[-92.086293,62.818549],[-92.098866,62.8039],[-92.159983,62.804755],[-92.228424,62.829169],[-92.333119,62.84516],[-92.428578,62.833564],[-92.452748,62.824937],[-92.463043,62.811469],[-92.453928,62.793931],[-92.391713,62.763292],[-92.356801,62.732245],[-92.316965,62.713243],[-92.22411,62.691962],[-92.22411,62.684516],[-92.275624,62.691352],[-92.29304,62.684516],[-92.27774,62.678778],[-92.203603,62.666815],[-91.968007,62.655015],[-91.89745,62.639716],[-91.888051,62.620429],[-91.902943,62.579088],[-91.955434,62.550482],[-91.942942,62.541083],[-91.983469,62.531602],[-92.093739,62.547309],[-92.159047,62.54328],[-92.175689,62.547309],[-92.186757,62.561876],[-92.14151,62.582099],[-92.183217,62.612535],[-92.217112,62.596869],[-92.258412,62.601426],[-92.278717,62.595771],[-92.244618,62.574652],[-92.260894,62.562608],[-92.340199,62.568427],[-92.319692,62.547309],[-92.398915,62.53852],[-92.428944,62.541083],[-92.477366,62.555243],[-92.456858,62.588324],[-92.4794,62.599066],[-92.504628,62.574652],[-92.517649,62.575873],[-92.605051,62.622016],[-92.61852,62.622545],[-92.608632,62.597398],[-92.573313,62.579779],[-92.580393,62.560981],[-92.555491,62.553168],[-92.538808,62.533677],[-92.565012,62.51439],[-92.559234,62.492784],[-92.522043,62.51317],[-92.50064,62.513129],[-92.509999,62.489976],[-92.545644,62.47838],[-92.531972,62.444892],[-92.614084,62.467841],[-92.704945,62.468817],[-92.718332,62.464667],[-92.723744,62.44831],[-92.710072,62.410753],[-92.717397,62.397406],[-92.682769,62.376654],[-92.733144,62.36461],[-92.827382,62.355536],[-92.805165,62.349433],[-92.737416,62.349311],[-92.619781,62.322862],[-92.590321,62.294053],[-92.600901,62.269884],[-92.63561,62.259955],[-92.593414,62.239447],[-92.57665,62.201239],[-92.496653,62.169989],[-92.47053,62.150092],[-92.555979,62.171454],[-92.596669,62.160956],[-92.613433,62.172919],[-92.621327,62.211534],[-92.690256,62.232001],[-92.682769,62.245673],[-92.69811,62.266669],[-92.744252,62.294053],[-92.779042,62.286607],[-92.860911,62.317247],[-92.908559,62.312242],[-92.942372,62.32453],[-93.131012,62.344346],[-93.252024,62.369818],[-93.185943,62.346544],[-93.078481,62.330552],[-92.983795,62.294053],[-92.919301,62.286607],[-92.915598,62.266791],[-92.848378,62.263739],[-92.812611,62.254706],[-92.781321,62.239569],[-92.764719,62.21837],[-92.784779,62.214667],[-92.805613,62.178087],[-92.860951,62.18419],[-92.888905,62.204698],[-92.943471,62.197821],[-92.996816,62.203925],[-93.01179,62.197821],[-92.970815,62.18419],[-92.992177,62.17418],[-93.073557,62.178046],[-93.115224,62.159735],[-93.128489,62.129584],[-93.083811,62.117418],[-92.984364,62.12755],[-92.929799,62.116563],[-92.961537,62.085801],[-93.004628,62.068183],[-93.065907,62.081366],[-93.080678,62.068183],[-93.062367,62.05626],[-93.075754,62.041002],[-93.114817,62.040229],[-93.138173,62.053778],[-93.161488,62.047593],[-93.148305,62.026557],[-93.170155,61.985582],[-93.189931,61.984971],[-93.206899,61.993598],[-93.244496,62.034003],[-93.284739,62.049669],[-93.333852,62.0539],[-93.292958,62.019721],[-93.416493,62.034003],[-93.416493,62.026557],[-93.217193,61.958319],[-93.217193,61.951483],[-93.388539,61.951483],[-93.309885,61.926134],[-93.279286,61.896837],[-93.336741,61.896552],[-93.495758,61.939765],[-93.617014,61.952338],[-93.594309,61.934068],[-93.491567,61.88939],[-93.583323,61.886827],[-93.604237,61.879747],[-93.613596,61.861029],[-93.597808,61.854193],[-93.502065,61.855821],[-93.467926,61.835395],[-93.347524,61.821112],[-93.367177,61.814439],[-93.43692,61.814927],[-93.43692,61.80744],[-93.385121,61.786973],[-93.28718,61.794135],[-93.251536,61.788031],[-93.264556,61.744452],[-93.271392,61.736314],[-93.302887,61.751899],[-93.366851,61.753363],[-93.436187,61.771918],[-93.453521,61.773505],[-93.47175,61.766547],[-93.421864,61.731024],[-93.395375,61.725531],[-93.313385,61.732367],[-93.443105,61.690782],[-93.51887,61.683295],[-93.690175,61.615668],[-93.785756,61.554185],[-93.833567,61.574693],[-93.895619,61.505805],[-93.936594,61.491523],[-93.984975,61.457994],[-93.96581,61.449408],[-93.971344,61.436957],[-93.958119,61.419135],[-93.936594,61.410224],[-93.971344,61.402777],[-93.926096,61.390733],[-93.870595,61.392768],[-93.822336,61.349921],[-93.840972,61.341295],[-93.833567,61.328315],[-93.85851,61.317857],[-93.950836,61.300971],[-94.074615,61.326117],[-94.114735,61.328315],[-94.032826,61.279853],[-94.022857,61.245714],[-93.998647,61.224595],[-94.026601,61.218451],[-94.017079,61.200914],[-94.080474,61.177924],[-94.101064,61.163194],[-94.040273,61.163194],[-94.066396,61.133531],[-94.055409,61.107978],[-93.998647,61.114732],[-93.986236,61.100653],[-94.016225,61.083686],[-94.088206,61.079698],[-94.126943,61.067125],[-94.160471,61.033759],[-94.169993,60.995592],[-94.232045,60.930406],[-94.24234,60.903388],[-94.351552,60.8581],[-94.354888,60.837958],[-94.375396,60.827379],[-94.409535,60.764106],[-94.397369,60.72724],[-94.492096,60.649237],[-94.488352,60.623399],[-94.520741,60.584581],[-94.50593,60.575548],[-94.520009,60.54682],[-94.571645,60.527696],[-94.688344,60.552843],[-94.738515,60.539374],[-94.642323,60.512071],[-94.667795,60.49433],[-94.761708,60.505194],[-94.800608,60.498399],[-94.702748,60.485419],[-94.680165,60.474555],[-94.61559,60.392279],[-94.643463,60.336982],[-94.711822,60.265692],[-94.690745,60.238349],[-94.68163,60.197211],[-94.697581,60.162665],[-94.718007,60.149604],[-94.704335,60.094346],[-94.718577,60.079047],[-94.759877,60.068468],[-94.773305,60.052802],[-94.759023,60.046576],[-94.773305,60.025458],[-94.759023,60.019273],[-94.800852,60.010484],[-94.805816,60.001532],[-94.786936,59.991319],[-94.82136,59.948106],[-94.800608,59.943549],[-94.81428,59.923041],[-94.779408,59.83869],[-94.793121,59.820014],[-94.773305,59.789618],[-94.807444,59.717597],[-94.798492,59.659369],[-94.821889,59.650336],[-94.803375,59.59809],[-94.759023,59.566759],[-94.781239,59.562201],[-94.793121,59.525824],[-94.757151,59.501776],[-94.757924,59.467231],[-94.724233,59.443834],[-94.73469,59.429511],[-94.71642,59.375352],[-94.738515,59.347724],[-94.722768,59.342271],[-94.660146,59.358751],[-94.690745,59.347724],[-94.71703,59.32685],[-94.731679,59.326524],[-94.724233,59.312934],[-94.772206,59.298041],[-94.766469,59.28559],[-94.786936,59.265082],[-94.774281,59.252631],[-94.786936,59.23786],[-94.779449,59.203681],[-94.793121,59.189399],[-94.773305,59.168891],[-94.793121,59.093817],[-94.842437,59.081122],[-94.967275,59.085924],[-94.999176,59.052802],[-94.96817,59.06151],[-94.816477,59.068061],[-94.804026,59.063056],[-94.807444,59.018134],[-94.723704,59.004218],[-94.694,58.983466],[-94.683258,58.950385],[-94.694081,58.916938],[-94.735097,58.877794],[-94.745961,58.833116],[-94.650014,58.884996],[-94.608144,58.881537],[-94.545155,58.856024],[-94.48526,58.820054],[-94.436879,58.723822],[-94.399485,58.71247],[-94.362457,58.71894],[-94.293528,58.744371],[-94.300282,58.757392],[-94.265533,58.792182],[-94.204091,58.806464],[-94.232045,58.785346],[-94.22411,58.774726],[-94.238271,58.734117],[-94.204091,58.696601],[-94.207997,58.683783],[-94.23526,58.659857],[-94.263783,58.649237],[-94.308502,58.575141],[-94.287709,58.520819],[-94.300649,58.481269],[-94.28661,58.43651],[-94.334381,58.381415],[-94.330312,58.3369],[-94.36856,58.230414],[-94.361724,58.223009],[-94.322377,58.288764],[-94.303375,58.298692],[-94.28661,58.339667],[-94.258941,58.35692],[-94.265533,58.367621],[-94.232045,58.401109],[-94.241363,58.451158],[-94.235178,58.545152],[-94.246734,58.590806],[-94.227691,58.623399],[-94.163157,58.682929],[-94.166127,58.724311],[-94.142893,58.736802],[-94.177398,58.77912],[-94.145579,58.769761],[-94.056711,58.771674],[-93.881947,58.757392],[-93.865631,58.758043],[-93.818674,58.779853],[-93.775787,58.771674],[-93.717437,58.792182],[-93.555776,58.763251],[-93.496002,58.773505],[-93.473459,58.755235],[-93.464711,58.717515],[-93.409088,58.705064],[-93.385121,58.713324],[-93.347524,58.751166],[-93.326487,58.759955],[-93.211252,58.766547],[-93.170033,58.744371],[-93.155751,58.744371],[-93.131825,58.672349],[-93.140736,58.639757],[-93.121653,58.562486],[-93.123443,58.512885],[-93.050771,58.422349],[-93.032582,58.367011],[-92.984039,58.313056],[-92.962961,58.259874],[-92.934682,58.233262],[-92.937245,58.223009],[-92.912709,58.196397],[-92.861684,58.17182],[-92.854115,58.162095],[-92.866078,58.145941],[-92.846669,58.127387],[-92.835072,58.090806],[-92.807769,58.075751],[-92.805735,57.997667],[-92.756988,57.865912],[-92.785797,57.839423],[-92.73058,57.825751],[-92.669097,57.716498],[-92.615956,57.671251],[-92.559234,57.586127],[-92.559234,57.544542],[-92.507721,57.520982],[-92.487294,57.47484],[-92.456858,57.448961],[-92.423573,57.354438],[-92.439524,57.253282],[-92.542877,57.10578],[-92.597157,57.048326],[-92.665761,57.000556],[-92.704905,56.95539],[-92.881988,56.914537],[-92.859771,56.907538],[-92.725819,56.927436],[-92.676584,56.941881],[-92.538645,57.018907],[-92.490956,57.038072],[-92.242421,57.074693],[-92.218129,57.062812],[-92.237172,57.047431],[-92.274281,57.037177],[-92.340199,56.982856],[-92.42398,56.96544],[-92.47053,56.941881],[-92.47053,56.935045],[-92.418202,56.94953],[-92.337392,56.95954],[-92.2235,57.02147],[-92.112457,57.044135],[-91.961659,57.060248],[-91.766591,57.114691],[-91.031117,57.264635],[-90.853668,57.261094],[-90.689117,57.229926],[-90.58552,57.229926],[-90.515207,57.201646],[-90.409291,57.187486],[-90.387522,57.174628],[-90.380605,57.154608],[-90.315175,57.143622],[-90.261301,57.11579],[-90.168365,57.092719],[-90.154693,57.079047],[-90.072255,57.060858],[-89.962961,57.003974],[-89.872711,56.997423],[-89.827016,56.97602],[-89.574696,56.94481],[-89.482533,56.921983],[-89.393788,56.928168],[-89.188344,56.872992],[-89.107289,56.86994],[-89.036244,56.842515],[-89.003489,56.853583],[-88.920766,56.853095],[-88.879221,56.859931],[-88.862782,56.839464],[-88.823354,56.83515],[-88.817291,56.82689],[-88.838246,56.812201],[-88.724965,56.755113],[-88.643951,56.693427],[-88.544057,56.661322],[-88.523752,56.661689],[-88.412343,56.588446],[-88.387196,56.583482],[-88.31135,56.538031],[-88.103017,56.47724],[-88.043284,56.468248],[-87.979563,56.442857],[-87.953765,56.393785],[-87.850657,56.322821],[-87.717885,56.194566],[-87.709055,56.16002],[-87.673411,56.145575],[-87.622304,56.095567],[-87.589223,56.07982],[-87.591298,56.064805],[-87.626047,56.030707],[-87.61856,56.002753],[-87.57901,56.04621],[-87.550364,56.051215],[-87.500803,56.044867],[-87.484771,56.034613],[-87.488271,56.017035],[-87.355133,56.003607],[-87.350168,55.987413],[-87.365346,55.948188],[-87.316274,55.962348],[-87.056874,55.92829],[-86.980092,55.93358],[-86.953847,55.92829],[-86.968129,55.914618],[-86.953725,55.908555],[-86.895497,55.914618],[-86.874908,55.911322],[-86.81725,55.886705],[-86.718332,55.869005],[-86.581736,55.817034],[-86.372844,55.762188],[-86.289346,55.72565],[-85.904273,55.662049],[-85.873269,55.645958],[-85.770097,55.616467],[-85.696443,55.603784],[-85.682613,55.586584],[-85.580613,55.533801],[-85.556569,55.506663],[-85.43916,55.42843],[-85.264068,55.374457],[-85.152008,55.360419],[-85.127919,55.349799],[-85.117828,55.328437],[-85.126617,55.302558],[-85.199127,55.284003],[-85.220286,55.248643],[-85.271799,55.225653],[-85.322662,55.153673],[-85.389027,55.112128],[-85.398427,55.095649],[-85.385365,55.067694],[-85.417307,54.999213],[-85.381663,55.019884],[-85.366363,55.038886],[-85.324615,55.123236],[-85.199127,55.242418],[-85.15453,55.267808],[-85.053944,55.294135],[-84.946401,55.295152],[-84.613149,55.245185],[-84.555531,55.248643],[-84.42162,55.281928],[-84.227162,55.297065],[-84.07901,55.277452],[-83.957265,55.322089],[-83.929067,55.326524],[-83.767568,55.281317],[-83.72997,55.259508],[-83.724233,55.243638],[-83.736643,55.224555],[-83.716298,55.22191],[-83.698964,55.248643],[-83.684316,55.248765],[-83.651194,55.229356],[-83.61148,55.232164],[-83.583079,55.198065],[-83.566884,55.190741],[-83.589101,55.167914],[-83.588287,55.156806],[-83.561147,55.133165],[-83.554921,55.140082],[-83.572377,55.154771],[-83.558013,55.184678],[-83.575999,55.204901],[-83.582875,55.232489],[-83.592885,55.241523],[-83.65803,55.248643],[-83.6881,55.260199],[-83.713246,55.276557],[-83.689524,55.284857],[-83.575307,55.26732],[-83.483632,55.239569],[-83.438303,55.242418],[-83.399566,55.231391],[-83.225942,55.22191],[-83.185048,55.201483],[-83.039703,55.238959],[-82.975697,55.239081],[-82.920318,55.220526],[-82.897613,55.17414],[-82.95165,55.112738],[-82.928944,55.116929],[-82.877187,55.160509],[-82.815094,55.146837],[-82.762929,55.145128],[-82.644399,55.17414],[-82.56664,55.147895],[-82.540761,55.146837],[-82.547597,55.167914],[-82.529368,55.167589],[-82.492665,55.146837],[-82.458485,55.141181],[-82.416127,55.116034],[-82.411041,55.092231],[-82.321034,55.071112],[-82.342763,55.105292],[-82.311391,55.118598],[-82.355824,55.167914],[-82.330922,55.162543],[-82.297027,55.132758],[-82.252268,55.117906],[-82.248769,55.099595],[-82.282704,55.028144],[-82.256459,54.9831],[-82.272694,54.937812],[-82.253407,54.886176],[-82.208363,54.875922],[-82.198557,54.85578],[-82.315338,54.57746],[-82.377838,54.479071],[-82.417226,54.388983],[-82.444488,54.365424],[-82.44107,54.331855],[-82.427113,54.317694],[-82.430898,54.228217],[-82.420318,54.199042],[-82.371653,54.15058],[-82.368764,54.137885],[-82.383046,54.12519],[-82.371246,54.120063],[-82.324045,54.12226],[-82.242584,54.06505],[-82.126047,53.812201],[-82.143463,53.745347],[-82.200795,53.670478],[-82.219228,53.604438],[-82.206125,53.590074],[-82.20816,53.526597],[-82.148752,53.426337],[-82.11441,53.289008],[-82.140126,53.258734],[-82.188588,53.232042],[-82.238149,53.221422],[-82.250559,53.212958],[-82.245961,53.200995],[-82.289703,53.110175],[-82.303456,53.032701],[-82.283274,52.991645],[-82.286285,52.977769],[-82.301178,52.967597],[-82.274729,52.957506],[-82.236643,52.925971],[-82.19636,52.916449],[-82.170806,52.899359],[-82.124989,52.891832],[-82.04186,52.842841],[-81.988149,52.798448],[-81.97704,52.782172],[-81.985829,52.768378],[-81.959788,52.747748],[-81.918202,52.680365],[-81.851674,52.65644],[-81.815907,52.633653],[-81.679799,52.510932],[-81.646352,52.501532],[-81.563832,52.456244],[-81.560292,52.430162],[-81.574941,52.412095],[-81.554514,52.353095],[-81.478749,52.303453],[-81.581451,52.316474],[-81.606557,52.313666],[-81.735422,52.27558],[-81.753896,52.251166],[-81.79186,52.264228],[-81.82018,52.259385],[-81.86913,52.234565],[-81.827545,52.248236],[-81.82136,52.24079],[-81.882802,52.19359],[-81.832509,52.199286],[-81.771311,52.236436],[-81.746816,52.241889],[-81.512034,52.239325],[-81.465077,52.220323],[-81.390614,52.127794],[-81.355214,52.104234],[-81.27066,52.09101],[-81.156606,52.042792],[-81.129628,52.044013],[-81.098704,52.054633],[-81.056956,52.026557],[-81.002512,52.014838],[-80.979115,52.001817],[-80.920888,51.90941],[-80.897694,51.896552],[-80.848134,51.884508],[-80.82079,51.884508],[-80.814036,51.870185],[-80.704701,51.802558],[-80.657053,51.754747],[-80.624094,51.739569],[-80.594879,51.711371],[-80.594309,51.685858],[-80.519154,51.53502],[-80.491851,51.505927],[-80.440297,51.477281],[-80.429799,51.357164],[-80.584299,51.31505],[-80.628041,51.29564],[-80.704701,51.240831],[-80.745513,51.188422],[-80.861806,51.144639],[-80.909413,51.092963],[-80.984853,51.064765],[-81.012603,51.035386],[-80.978017,51.039496],[-80.940012,51.055609],[-80.930653,51.035386],[-80.957997,51.01496],[-80.951161,51.008124],[-80.917144,51.030097],[-80.878245,51.095649],[-80.848134,51.123521],[-80.823476,51.131334],[-80.770172,51.134263],[-80.689768,51.161566],[-80.669993,51.186225],[-80.604848,51.218817],[-80.567372,51.265123],[-80.410024,51.339545],[-80.385121,51.341376],[-80.197011,51.299384],[-80.136138,51.301337],[-80.108266,51.296088],[-80.067291,51.267564],[-79.985992,51.255113],[-79.923329,51.206732],[-79.784088,51.147406],[-79.744537,51.123521],[-79.705922,51.064521],[-79.569163,50.985582],[-79.423004,50.856635],[-79.391998,50.805121],[-79.358388,50.780463],[-79.352854,50.743354],[-79.334299,50.726915],[-79.339589,50.791815],[-79.369211,50.811387],[-79.409332,50.870307],[-79.463979,50.919135],[-79.497914,50.934027],[-79.545888,50.994452],[-79.66983,51.058417],[-79.725657,51.121772],[-79.742665,51.157579],[-79.747141,51.195502],[-79.679514,51.313178],[-79.699574,51.368354],[-79.696767,51.398505],[-79.627838,51.424384],[-79.605051,51.447821],[-79.519195,51.467393],[-79.529693,51.509711],[-79.56017,51.555528],[-79.516428,51.560289],[-79.468129,51.580186],[-79.346018,51.661811],[-79.323232,51.666978],[-79.244537,51.630927],[-79.281117,51.572089],[-79.285634,51.551988],[-79.275624,51.531602],[-79.184153,51.525702],[-79.128163,51.542548],[-79.082753,51.506659],[-79.011545,51.467393],[-79.005279,51.419013],[-78.97057,51.377427],[-78.935048,51.281602],[-78.960601,51.257921],[-78.953196,51.219224],[-78.912506,51.182481],[-78.847035,51.164496],[-78.882924,51.207261],[-78.914296,51.219184],[-78.919789,51.232978],[-78.90331,51.304389],[-78.862375,51.344184],[-78.848053,51.350898],[-78.826568,51.350084],[-78.840077,51.362901],[-78.879709,51.374498],[-78.88801,51.387641],[-78.882151,51.403266],[-78.833363,51.432685],[-78.793813,51.474473],[-78.75357,51.486192],[-78.690012,51.487291],[-78.713124,51.506537],[-78.782297,51.503607],[-78.812856,51.514594],[-78.822662,51.537706],[-78.819732,51.567979],[-78.792388,51.610785],[-78.84081,51.617011],[-78.867502,51.646837],[-78.92927,51.660468],[-78.942494,51.675116],[-78.936391,51.700141],[-78.98058,51.718573],[-79.019399,51.76317],[-79.038808,51.7685],[-79.014963,51.796129],[-78.977366,51.802558],[-78.923818,51.798204],[-78.876373,51.814887],[-78.840566,51.842271],[-78.833363,51.857164],[-78.868398,51.890326],[-78.892568,51.946763],[-78.747182,51.976874],[-78.730824,51.987413],[-78.719716,52.013983],[-78.696197,52.018256],[-78.709869,52.056464],[-78.649729,52.058661],[-78.634755,52.069444],[-78.655263,52.083726],[-78.591298,52.106147],[-78.531728,52.199774],[-78.552968,52.236396],[-78.546742,52.246649],[-78.48998,52.2567],[-78.408193,52.24079],[-78.408193,52.248236],[-78.44872,52.272406],[-78.467152,52.27558],[-78.535064,52.275743],[-78.552846,52.268134],[-78.558949,52.288804],[-78.51183,52.330186],[-78.499582,52.355821],[-78.531728,52.395331],[-78.509877,52.421373],[-78.54308,52.44005],[-78.540354,52.449408],[-78.51358,52.457953],[-78.515981,52.476752],[-78.566477,52.48786],[-78.5454,52.505479],[-78.5454,52.515123],[-78.575795,52.539374],[-78.586334,52.542426],[-78.652821,52.531724],[-78.649037,52.549262],[-78.667714,52.555976],[-78.717275,52.542426],[-78.709869,52.562934],[-78.765126,52.57038],[-78.765126,52.577216],[-78.744456,52.577501],[-78.690012,52.597724],[-78.730946,52.61754],[-78.730946,52.624986],[-78.709869,52.624986],[-78.724192,52.652289],[-78.756012,52.64647],[-78.785553,52.659125],[-78.761464,52.683783],[-78.762441,52.696031],[-78.819732,52.70067],[-78.819732,52.706895],[-78.778391,52.713813],[-78.772043,52.724189],[-78.785553,52.741034],[-78.850168,52.757392],[-78.847035,52.775214],[-78.8308,52.782538],[-78.757639,52.78266],[-78.735015,52.789171],[-78.726471,52.798082],[-78.730946,52.83043],[-78.76061,52.817857],[-78.780385,52.819648],[-78.690012,52.885077],[-78.79601,52.870917],[-78.855295,52.883897],[-78.901682,52.926622],[-78.874501,52.939805],[-78.867502,52.967597],[-78.852406,52.960517],[-78.821889,52.967149],[-78.80606,52.96015],[-78.785553,52.981879],[-78.825836,52.983873],[-78.857045,53.017157],[-78.874989,53.015448],[-78.867502,53.008612],[-78.893056,53.001654],[-78.927154,53.004991],[-78.984202,53.028428],[-78.945383,53.03852],[-78.915924,53.063829],[-78.929433,53.072211],[-78.977366,53.070014],[-78.915924,53.166205],[-78.93928,53.180365],[-78.937367,53.186713],[-78.901682,53.200995],[-78.928944,53.220893],[-78.88801,53.231757],[-78.899281,53.248236],[-78.922719,53.248155],[-78.895416,53.261786],[-78.895416,53.268622],[-78.934193,53.277655],[-78.952016,53.29149],[-78.937367,53.317003],[-78.964345,53.344428],[-78.946889,53.370347],[-78.944936,53.392279],[-78.97289,53.418524],[-78.991689,53.453599],[-79.018788,53.454047],[-79.053334,53.439317],[-79.063222,53.441962],[-79.05248,53.461046],[-79.076283,53.469428],[-79.114573,53.508857],[-79.070058,53.530626],[-79.030019,53.535102],[-79.046254,53.529364],[-79.038808,53.522528],[-79.046254,53.516303],[-79.028432,53.499091],[-79.00414,53.497667],[-78.956899,53.516303],[-78.992177,53.527574],[-79.032582,53.556627],[-79.019521,53.570868],[-78.960601,53.549791],[-78.932607,53.555121],[-78.923085,53.566718],[-78.931304,53.578599],[-78.956899,53.584581],[-78.954701,53.600084],[-78.98176,53.615424],[-78.997874,53.618109],[-79.025217,53.604438],[-79.066151,53.598212],[-79.038808,53.639228],[-79.023101,53.632066],[-79.007558,53.64765],[-79.008412,53.652818],[-79.033762,53.654731],[-79.046254,53.672716],[-79.013336,53.677314],[-79.019276,53.693915],[-79.085276,53.696601],[-79.156117,53.708075],[-79.145497,53.719428],[-79.126943,53.722846],[-79.057362,53.720038],[-79.048818,53.725653],[-79.038808,53.741645],[-79.062611,53.744086],[-79.063385,53.757148],[-79.046254,53.790025],[-79.073598,53.803656],[-79.01891,53.824164],[-79.05248,53.831],[-79.05248,53.837836],[-79.013499,53.845893],[-78.940297,53.821967],[-78.901682,53.817328],[-78.928619,53.843451],[-78.971425,53.855089],[-79.066151,53.857652],[-79.058909,53.880194],[-79.066558,53.894273],[-79.107737,53.906114],[-79.080149,53.916327],[-78.991689,53.912909],[-79.022288,53.935981],[-79.135081,53.961371],[-79.042348,53.947211],[-79.025217,53.961371],[-79.076405,53.967597],[-79.038808,53.967597],[-79.048004,53.979682],[-79.100901,53.981798],[-79.059316,53.989244],[-79.073598,54.002305],[-79.04898,54.010118],[-78.964345,54.002305],[-78.979563,54.019232],[-79.023508,54.033922],[-79.032582,54.046983],[-79.043691,54.043199],[-79.107737,54.063788],[-79.094065,54.071234],[-79.137115,54.082994],[-79.269358,54.083564],[-79.292633,54.091051],[-79.266469,54.099351],[-79.169179,54.091051],[-79.175038,54.111518],[-79.129384,54.107489],[-79.107737,54.112128],[-79.128651,54.128526],[-79.12267,54.132514],[-79.107737,54.12519],[-79.100901,54.139472],[-79.142445,54.145697],[-79.115346,54.158271],[-79.072499,54.162095],[-79.046254,54.180487],[-79.101389,54.187608],[-79.162343,54.180487],[-79.238271,54.161689],[-79.238026,54.180487],[-79.285878,54.173651],[-79.29186,54.188422],[-79.320546,54.196723],[-79.382069,54.194078],[-79.357533,54.21544],[-79.326812,54.228217],[-79.340443,54.242499],[-79.334299,54.248725],[-79.305409,54.241563],[-79.290883,54.244086],[-79.285878,54.255561],[-79.293202,54.261461],[-79.408111,54.27086],[-79.443512,54.283515],[-79.415598,54.297187],[-79.424184,54.306952],[-79.463979,54.310167],[-79.463368,54.353339],[-79.479888,54.369696],[-79.504994,54.37226],[-79.491322,54.38585],[-79.498158,54.406358],[-79.450307,54.413804],[-79.450307,54.42003],[-79.504994,54.426825],[-79.490631,54.462592],[-79.513783,54.483385],[-79.519195,54.501939],[-79.553375,54.509385],[-79.529164,54.517076],[-79.539866,54.53502],[-79.569244,54.552069],[-79.601186,54.557196],[-79.601186,54.564643],[-79.529408,54.577216],[-79.525461,54.591376],[-79.538726,54.604356],[-79.582143,54.606391],[-79.601186,54.598131],[-79.580678,54.591376],[-79.635325,54.577704],[-79.59203,54.621039],[-79.593739,54.632921],[-79.690541,54.632921],[-79.653676,54.642524],[-79.648305,54.649726],[-79.670644,54.673896],[-79.683095,54.673896],[-79.674469,54.658922],[-79.699452,54.65294],[-79.765614,54.652777],[-79.765614,54.659613],[-79.741811,54.662299],[-79.67634,54.693793],[-79.643544,54.700751],[-79.642934,54.738227],[-79.628489,54.742174],[-79.641916,54.728461],[-79.628489,54.71483],[-79.616933,54.714667],[-79.484486,54.756415],[-79.410878,54.762681],[-79.384145,54.775336],[-79.324615,54.779731],[-79.292633,54.797431],[-78.967437,54.851996],[-78.874867,54.90766],[-78.603749,54.968085],[-78.529652,55.003852],[-78.504384,55.002875],[-78.449778,55.023383],[-78.392242,55.027533],[-78.237416,55.092231],[-78.155588,55.140082],[-78.05191,55.180976],[-78.007802,55.188666],[-77.87442,55.248643],[-77.781606,55.273505],[-77.674957,55.366929],[-77.635976,55.376817],[-77.237538,55.591742],[-77.13801,55.657701],[-77.112904,55.67536],[-77.088694,55.714219],[-77.169993,55.682969],[-77.189198,55.681871],[-77.163808,55.709174],[-77.044545,55.783026],[-76.901194,55.900336],[-76.841908,55.933661],[-76.796986,55.994208],[-76.750356,56.002753],[-76.711537,56.018622],[-76.681549,56.042914],[-76.62206,56.139472],[-76.588857,56.23786],[-76.545155,56.29503],[-76.518422,56.413642],[-76.527455,56.594468],[-76.503733,56.783759],[-76.557932,57.031236],[-76.532867,57.087226],[-76.532704,57.115302],[-76.564605,57.15351],[-76.589345,57.271308],[-76.656606,57.404364],[-76.686269,57.427191],[-76.70934,57.462633],[-76.697743,57.462633],[-76.695709,57.469428],[-76.714996,57.473334],[-76.805572,57.613471],[-76.808705,57.675523],[-76.913645,57.776435],[-76.949818,57.827826],[-77.00829,57.866034],[-77.079335,57.961493],[-77.112416,57.97016],[-77.148264,58.017524],[-77.201812,58.05622],[-77.264272,58.086412],[-77.339996,58.100084],[-77.394602,58.147895],[-77.418935,58.148179],[-77.490834,58.168402],[-77.445058,58.184638],[-77.470611,58.211982],[-77.531809,58.230414],[-77.623158,58.278428],[-77.696278,58.285102],[-77.770741,58.319159],[-77.956288,58.360175],[-78.031484,58.388129],[-78.014475,58.424018],[-78.044911,58.432929],[-78.078765,58.455878],[-78.127675,58.454779],[-78.143707,58.475694],[-78.202748,58.504828],[-78.267323,58.519151],[-78.312611,58.573065],[-78.371897,58.614],[-78.409332,58.629706],[-78.429921,58.620836],[-78.417388,58.600694],[-78.320058,58.546373],[-78.344553,58.538398],[-78.372385,58.541938],[-78.446441,58.579698],[-78.4676,58.612006],[-78.548818,58.608873],[-78.566477,58.620836],[-78.559438,58.664984],[-78.573313,58.675482],[-78.520009,58.685248],[-78.518056,58.696601],[-78.498199,58.702745],[-78.475087,58.698472],[-78.468577,58.706],[-78.483551,58.731391],[-78.54247,58.765204],[-78.538319,58.795478],[-78.508168,58.77912],[-78.496409,58.783067],[-78.488515,58.806464],[-78.5454,58.902045],[-78.531728,58.942979],[-78.559967,58.944648],[-78.565745,58.95775],[-78.551096,58.968614],[-78.518056,58.963446],[-78.464345,58.918199],[-78.442983,58.915717],[-78.451405,58.939765],[-78.43456,58.954454],[-78.388336,58.963446],[-78.356801,58.959418],[-78.361806,58.914171],[-78.316396,58.925523],[-78.304677,58.959947],[-78.243723,58.998236],[-78.312611,58.983954],[-78.320058,58.9914],[-78.279368,59.017157],[-78.271637,59.032335],[-78.285268,59.052802],[-78.254262,59.069932],[-78.210032,59.053453],[-78.204945,59.073676],[-78.223256,59.1081],[-78.201772,59.112657],[-78.178619,59.092231],[-78.155588,59.093817],[-78.131418,59.107896],[-78.126129,59.123277],[-78.155588,59.155219],[-78.137441,59.161322],[-78.104726,59.155382],[-78.086659,59.161444],[-78.106557,59.209906],[-78.075551,59.226915],[-77.998402,59.244493],[-77.949818,59.26789],[-77.906565,59.268907],[-77.819203,59.293036],[-77.836578,59.302598],[-77.894887,59.312934],[-77.869293,59.320502],[-77.810943,59.320136],[-77.785024,59.326524],[-77.767323,59.340399],[-77.770172,59.350694],[-77.806142,59.36815],[-77.777903,59.381903],[-77.67516,59.402289],[-77.723541,59.415961],[-77.739247,59.401231],[-77.770741,59.408515],[-77.774485,59.425849],[-77.792958,59.432563],[-77.890614,59.401435],[-77.90803,59.404731],[-77.915395,59.419053],[-77.889719,59.44538],[-77.847076,59.450059],[-77.881174,59.484931],[-77.841542,59.508612],[-77.737213,59.539496],[-77.730336,59.548651],[-77.716176,59.621405],[-77.725942,59.630479],[-77.753489,59.631537],[-77.76769,59.63878],[-77.784901,59.659369],[-77.798695,59.682847],[-77.76891,59.683905],[-77.744049,59.69713],[-77.778188,59.71015],[-77.706207,59.703315],[-77.668528,59.676703],[-77.605051,59.680528],[-77.570302,59.693427],[-77.552235,59.676622],[-77.487538,59.647773],[-77.462148,59.624579],[-77.469716,59.594672],[-77.442983,59.577582],[-77.39977,59.569403],[-77.312734,59.566759],[-77.312734,59.572984],[-77.386098,59.582994],[-77.425852,59.595404],[-77.449818,59.614569],[-77.444569,59.644884],[-77.46288,59.676622],[-77.545481,59.689683],[-77.545481,59.69713],[-77.503163,59.706651],[-77.490834,59.717597],[-77.507395,59.718817],[-77.545481,59.74494],[-77.53539,59.759345],[-77.493967,59.74494],[-77.468414,59.747748],[-77.432444,59.789618],[-77.321685,59.790473],[-77.300404,59.79206],[-77.291615,59.799547],[-77.371734,59.900336],[-77.425038,59.919298],[-77.410512,59.925645],[-77.353017,59.929877],[-77.367828,59.942247],[-77.387196,59.943549],[-77.346832,59.964952],[-77.29898,59.970893],[-77.33316,59.984483],[-77.313466,59.991767],[-77.236318,59.997504],[-77.236318,60.00495],[-77.2801,60.00727],[-77.312734,60.025458],[-77.24474,60.033677],[-77.189198,60.060248],[-77.3308,60.035712],[-77.349273,60.042182],[-77.346181,60.060248],[-77.36974,60.066962],[-77.394602,60.066474],[-77.418568,60.046576],[-77.55602,60.052802],[-77.586415,60.066474],[-77.634185,60.066474],[-77.579579,60.094346],[-77.600697,60.114814],[-77.557118,60.130561],[-77.533599,60.134263],[-77.506907,60.124213],[-77.463043,60.133002],[-77.408274,60.129096],[-77.408274,60.135321],[-77.482493,60.153632],[-77.535308,60.183702],[-77.559682,60.211046],[-77.513987,60.207831],[-77.469716,60.217231],[-77.564198,60.267442],[-77.537994,60.2862],[-77.560292,60.285102],[-77.613678,60.265692],[-77.621897,60.272447],[-77.593251,60.320909],[-77.63329,60.343695],[-77.634185,60.361274],[-77.716176,60.382392],[-77.743153,60.404242],[-77.742258,60.425849],[-77.696278,60.464911],[-77.591705,60.502631],[-77.565907,60.518907],[-77.546946,60.547431],[-77.41511,60.54682],[-77.460846,60.566596],[-77.541819,60.57567],[-77.572743,60.574164],[-77.617421,60.559882],[-77.686025,60.558295],[-77.770579,60.592475],[-77.829701,60.649237],[-77.606842,60.759101],[-77.629547,60.77497],[-77.744049,60.766547],[-77.718332,60.781236],[-77.51065,60.834825],[-77.51065,60.84101],[-77.561025,60.838813],[-77.894887,60.752305],[-77.860097,60.79267],[-77.881663,60.800279],[-77.96996,60.79267],[-77.880686,60.827379],[-77.919423,60.835273],[-78.045725,60.806952],[-78.196523,60.79267],[-78.165517,60.868354],[-78.140452,60.873603],[-78.094146,60.916815],[-78.022369,60.951036],[-78.002756,60.972357],[-77.871002,61.050238],[-77.809316,61.057074],[-77.812367,61.08808],[-77.788726,61.155748],[-77.765207,61.179307],[-77.703114,61.191107],[-77.692738,61.207343],[-77.751536,61.232042],[-77.723541,61.273057],[-77.744049,61.297227],[-77.748402,61.374823],[-77.785268,61.454698],[-77.771596,61.462633],[-77.749094,61.45893],[-77.724029,61.438422],[-77.697581,61.43183],[-77.677154,61.439276],[-77.682607,61.46483],[-77.607737,61.464667],[-77.571604,61.470404],[-77.545481,61.485338],[-77.63329,61.509345],[-77.666127,61.527655],[-77.641265,61.560248],[-77.603668,61.563788],[-77.56843,61.547553],[-77.476552,61.539984],[-77.500803,61.5633],[-77.545562,61.575914],[-77.634185,61.582139],[-77.623158,61.593004],[-77.589426,61.592271],[-77.572743,61.595201],[-77.572743,61.601386],[-77.599233,61.608466],[-77.685699,61.608832],[-77.708363,61.616278],[-77.792714,61.701361],[-77.814565,61.69184],[-77.939849,61.69359],[-77.989735,61.71483],[-78.00475,61.732367],[-78.009185,61.778266],[-78.084828,61.888048],[-78.073069,61.92414],[-78.093984,61.976874],[-78.127675,61.993272],[-78.136952,62.013495],[-78.14273,62.107286],[-78.165028,62.166938],[-78.141265,62.232001],[-78.154897,62.297309],[-78.110666,62.315782],[-78.100494,62.347113],[-78.024037,62.391791],[-77.935618,62.40705],[-77.916615,62.420722],[-77.784657,62.467963],[-77.687001,62.477281],[-77.656606,62.516588],[-77.537994,62.547309],[-77.490834,62.588324],[-77.471791,62.593817],[-77.404856,62.588324],[-77.377512,62.557563],[-77.35676,62.560981],[-77.168365,62.547309],[-77.137115,62.526801],[-77.078481,62.535264],[-77.043284,62.519232],[-77.018788,62.5338],[-76.969838,62.543443],[-76.948964,62.541083],[-76.912017,62.522162],[-76.757721,62.51081],[-76.704742,62.489366],[-76.664662,62.486884],[-76.647328,62.47838],[-76.654775,62.472235],[-76.626861,62.461656],[-76.534047,62.459174],[-76.464467,62.43537],[-76.401479,62.43122],[-76.304677,62.407294],[-76.21935,62.399278],[-76.190582,62.387803],[-76.149892,62.387071],[-76.133412,62.38288],[-76.112904,62.349311],[-76.098541,62.345649],[-76.05484,62.355536],[-76.013905,62.341864],[-75.949045,62.355536],[-75.914296,62.335028],[-75.829742,62.313341],[-75.658599,62.296495],[-75.592152,62.273017],[-75.592152,62.266791],[-75.71642,62.238023],[-75.770904,62.206732],[-75.812367,62.202135],[-75.893788,62.163764],[-75.831695,62.163764],[-75.667836,62.222113],[-75.575063,62.245673],[-75.493479,62.295885],[-75.327748,62.31745],[-75.174428,62.294053],[-75.150502,62.28498],[-75.142161,62.272284],[-75.15331,62.232001],[-75.133046,62.234849],[-75.092437,62.266791],[-75.051747,62.273749],[-75.006093,62.268988],[-74.89037,62.234239],[-74.789662,62.182074],[-74.758534,62.152086],[-74.672963,62.123765],[-74.558095,62.109117],[-74.558095,62.116563],[-74.684193,62.155829],[-74.741078,62.185126],[-74.755035,62.213568],[-74.723541,62.246405],[-74.704905,62.252509],[-74.41686,62.252509],[-74.378245,62.264879],[-74.36498,62.278266],[-74.31786,62.286607],[-74.278391,62.323472],[-74.216786,62.337022],[-74.191518,62.325995],[-74.154693,62.325181],[-74.086985,62.35224],[-73.997914,62.367377],[-73.94225,62.418402],[-73.88976,62.442939],[-73.872182,62.464789],[-73.670725,62.482123],[-73.646311,62.472235],[-73.571441,62.394843],[-73.502309,62.390326],[-73.450185,62.366197],[-73.406361,62.376654],[-73.378163,62.370469],[-73.317291,62.328233],[-73.209543,62.312812],[-73.212026,62.276313],[-73.196034,62.260565],[-73.083892,62.214952],[-73.062164,62.187567],[-72.968984,62.172919],[-72.898997,62.143256],[-72.947377,62.122748],[-72.824615,62.117051],[-72.782867,62.109117],[-72.782867,62.116563],[-72.823842,62.13581],[-72.734486,62.150092],[-72.687896,62.126654],[-72.62914,62.116889],[-72.621449,62.101874],[-72.666168,62.061347],[-72.626332,62.062934],[-72.597971,62.047675],[-72.615875,62.036566],[-72.597971,62.019721],[-72.607777,61.972154],[-72.685129,61.95128],[-72.691314,61.90233],[-72.795969,61.835395],[-72.754994,61.835395],[-72.69286,61.875596],[-72.666168,61.883165],[-72.663238,61.850084],[-72.631581,61.82099],[-72.601877,61.812567],[-72.631703,61.895616],[-72.630483,61.922919],[-72.605214,61.943671],[-72.569569,61.932929],[-72.488026,61.92414],[-72.357086,61.88939],[-72.23233,61.881293],[-72.203196,61.86579],[-72.179596,61.827948],[-72.131825,61.800605],[-72.206288,61.793158],[-72.187001,61.780137],[-72.211578,61.778876],[-72.223704,61.75019],[-72.194692,61.737413],[-72.141103,61.757392],[-72.076283,61.744859],[-72.042388,61.725531],[-72.034535,61.700385],[-72.005849,61.690782],[-71.995229,61.67711],[-72.024648,61.641588],[-72.085113,61.606269],[-72.128407,61.604682],[-72.201527,61.617418],[-72.243479,61.617621],[-72.277333,61.603095],[-72.30309,61.567857],[-72.220855,61.601386],[-72.083404,61.588935],[-72.036244,61.601386],[-71.979482,61.603827],[-71.963735,61.641954],[-71.940012,61.656684],[-71.935414,61.670966],[-71.969838,61.701239],[-71.972768,61.708197],[-71.956776,61.711249],[-71.863637,61.697618],[-71.674428,61.656317],[-71.580963,61.613837],[-71.569447,61.601386],[-71.590566,61.601386],[-71.558217,61.587348],[-71.555776,61.561021],[-71.60733,61.567857],[-71.623891,61.565497],[-71.637766,61.54682],[-71.691518,61.539252],[-71.803538,61.542304],[-71.857411,61.533759],[-71.8485,61.523139],[-71.792592,61.526923],[-71.781809,61.504381],[-71.79601,61.491523],[-71.748199,61.479112],[-71.768788,61.460924],[-71.810902,61.447943],[-71.891591,61.436957],[-71.891591,61.430732],[-71.855295,61.423774],[-71.795725,61.423326],[-71.734527,61.410224],[-71.61852,61.418036],[-71.583119,61.410224],[-71.707265,61.368354],[-71.822662,61.375474],[-71.79601,61.369249],[-71.79601,61.361802],[-71.822662,61.354967],[-71.805572,61.347846],[-71.741363,61.348131],[-71.665639,61.334459],[-71.675649,61.319159],[-71.727122,61.287299],[-71.596791,61.259385],[-71.63093,61.204169],[-71.594594,61.222235],[-71.572906,61.220526],[-71.555776,61.197333],[-71.580434,61.160956],[-71.572865,61.155748],[-71.507965,61.169989],[-71.53539,61.210761],[-71.521067,61.224595],[-71.49767,61.230902],[-71.475819,61.226386],[-71.459706,61.213365],[-71.444,61.184678],[-71.371571,61.129014],[-71.359975,61.126451],[-71.371449,61.149522],[-71.274973,61.155748],[-71.213287,61.167222],[-71.220611,61.149522],[-71.185048,61.122748],[-71.179677,61.139594],[-71.167633,61.141059],[-71.11144,61.12523],[-71.038808,61.131781],[-70.955474,61.116197],[-70.935374,61.106635],[-70.927398,61.092719],[-70.939443,61.073798],[-70.846913,61.075426],[-70.789906,61.054755],[-70.762074,61.056708],[-70.781809,61.073798],[-70.76179,61.085801],[-70.658274,61.053941],[-70.685618,61.032823],[-70.667714,61.026842],[-70.603668,61.032823],[-70.53539,61.012315],[-70.568918,61.046495],[-70.53539,61.046495],[-70.541615,61.060126],[-70.526682,61.065416],[-70.488433,61.060289],[-70.472727,61.053941],[-70.466461,61.032823],[-70.425526,61.026597],[-70.443186,61.058295],[-70.431752,61.067572],[-70.404408,61.060126],[-70.425526,61.08808],[-70.342926,61.067572],[-70.34732,61.083075],[-70.325103,61.100409],[-70.267242,61.08808],[-70.246734,61.073798],[-70.229156,61.07331],[-70.188791,61.08808],[-70.155344,61.087633],[-70.144032,61.083564],[-70.151194,61.073798],[-70.112701,61.068793],[-70.110219,61.060126],[-70.151194,61.040269],[-70.160064,61.021674],[-70.148997,61.011176],[-70.126943,61.01024],[-70.103383,61.019843],[-70.095937,61.012315],[-70.111724,60.99608],[-70.089711,60.961168],[-70.104848,60.926093],[-70.089711,60.902533],[-70.100901,60.895616],[-70.151194,60.889472],[-70.151194,60.882025],[-70.075999,60.881537],[-70.055002,60.8758],[-70.058705,60.850328],[-69.986684,60.847886],[-69.915883,60.810004],[-69.849517,60.854682],[-69.907826,60.837755],[-69.928334,60.834825],[-69.93871,60.840196],[-69.820546,60.904283],[-69.776967,60.919501],[-69.740305,60.92296],[-69.739369,60.886094],[-69.702626,60.874335],[-69.662343,60.88524],[-69.65095,60.916815],[-69.691721,60.958808],[-69.678822,61.012315],[-69.65095,61.040269],[-69.651031,61.064276],[-69.585439,61.08808],[-69.53661,61.079698],[-69.43342,60.963975],[-69.424387,60.92296],[-69.36974,60.916815],[-69.390207,60.868354],[-69.36974,60.823961],[-69.381337,60.799872],[-69.443186,60.775377],[-69.505849,60.769965],[-69.572377,60.751532],[-69.643951,60.708604],[-69.719797,60.684027],[-69.683217,60.643052],[-69.697621,60.6081],[-69.667144,60.599433],[-69.657704,60.584093],[-69.666737,60.567206],[-69.687978,60.556464],[-69.808095,60.53559],[-69.82901,60.525743],[-69.749745,60.462226],[-69.775868,60.424506],[-69.735341,60.411322],[-69.719797,60.375556],[-69.769887,60.324042],[-69.765492,60.317084],[-69.753285,60.306627],[-69.71231,60.299791],[-69.656972,60.241523],[-69.616933,60.235175],[-69.602447,60.224677],[-69.65095,60.183702],[-69.599436,60.183702],[-69.59557,60.1789],[-69.609934,60.149604],[-69.610992,60.10106],[-69.630442,60.094346],[-69.628041,60.076728],[-69.646474,60.06859],[-69.706125,60.0633],[-69.72289,60.046576],[-69.774403,60.066474],[-69.826283,60.071601],[-69.842681,60.028876],[-69.773061,60.00434],[-69.794911,59.991319],[-69.821645,59.989203],[-69.901031,60.00495],[-70.295155,60.025458],[-70.336171,60.032294],[-70.309438,60.011786],[-70.329457,60.006049],[-70.571929,59.994981],[-70.596791,59.997504],[-70.650746,60.021796],[-70.996205,60.076239],[-71.035064,60.066474],[-70.921254,60.055528],[-70.862782,60.029486],[-70.721588,60.009223],[-70.577707,59.97724],[-70.480133,59.970893],[-70.384592,59.991319],[-70.322499,59.977647],[-70.226633,59.986518],[-70.164866,59.964057],[-70.106801,59.953355],[-70.045033,59.950995],[-69.942006,59.964057],[-69.858062,59.960924],[-69.735097,59.970282],[-69.719797,59.960273],[-69.727773,59.921942],[-69.742258,59.914781],[-69.767568,59.915595],[-69.723744,59.897773],[-69.589833,59.876085],[-69.561513,59.864691],[-69.600657,59.833604],[-69.596303,59.809434],[-69.612172,59.783881],[-69.547841,59.764757],[-69.585927,59.73607],[-69.622385,59.727403],[-69.657704,59.703315],[-69.604726,59.695543],[-69.588775,59.682847],[-69.520579,59.676622],[-69.516225,59.649278],[-69.567983,59.602607],[-69.659901,59.577826],[-69.748525,59.516099],[-69.758209,59.490465],[-69.73705,59.482733],[-69.69872,59.484809],[-69.704742,59.472154],[-69.671457,59.456977],[-69.648997,59.42829],[-69.643422,59.415961],[-69.662587,59.407538],[-69.671457,59.388617],[-69.632069,59.385118],[-69.643422,59.364732],[-69.749501,59.34276],[-69.755116,59.317694],[-69.72468,59.30504],[-69.627065,59.306708],[-69.576487,59.331773],[-69.526519,59.333564],[-69.445465,59.361314],[-69.397694,59.356879],[-69.374257,59.34752],[-69.356068,59.334052],[-69.369496,59.32038],[-69.358713,59.314073],[-69.33731,59.315131],[-69.297678,59.334296],[-69.274037,59.335069],[-69.254791,59.324815],[-69.246816,59.302965],[-69.265981,59.276801],[-69.238637,59.25609],[-69.232533,59.241278],[-69.243398,59.228217],[-69.29483,59.216051],[-69.349233,59.244615],[-69.365224,59.244452],[-69.366322,59.203437],[-69.389027,59.1942],[-69.418121,59.203681],[-69.425649,59.225409],[-69.449534,59.228502],[-69.528066,59.185981],[-69.542551,59.169542],[-69.53425,59.155219],[-69.541656,59.127997],[-69.515696,59.108466],[-69.500111,59.106757],[-69.465688,59.137274],[-69.433949,59.110541],[-69.379262,59.119737],[-69.351959,59.108222],[-69.342437,59.093817],[-69.414377,59.054877],[-69.430247,59.025458],[-69.457631,59.039008],[-69.48762,59.071601],[-69.503529,59.07331],[-69.45165,58.895209],[-69.478749,58.872911],[-69.522939,58.889879],[-69.537994,58.835883],[-69.565256,58.806464],[-69.642079,58.791205],[-69.665151,58.792182],[-69.683909,58.805406],[-69.719797,58.867255],[-69.678456,58.895087],[-69.671864,58.927436],[-69.679677,58.934678],[-69.688385,58.93065],[-69.691884,58.915717],[-69.708648,58.922227],[-69.719797,58.936143],[-69.704701,58.96308],[-69.72936,58.982978],[-69.76122,58.988105],[-69.767568,58.970893],[-69.796376,58.981309],[-69.839426,59.04564],[-69.863149,59.059678],[-69.877268,59.051825],[-69.866078,58.987372],[-69.897939,58.963446],[-69.859039,58.961127],[-69.822662,58.94599],[-69.803456,58.919053],[-69.816029,58.881537],[-69.801747,58.82628],[-69.835317,58.834215],[-69.879018,58.870592],[-69.91161,58.874091],[-69.890492,58.833116],[-69.959299,58.814561],[-70.034495,58.812608],[-70.072377,58.792182],[-70.139475,58.783922],[-70.211903,58.789537],[-70.254221,58.771674],[-70.171498,58.775743],[-70.136342,58.756415],[-70.058705,58.757392],[-70.041331,58.737535],[-69.9947,58.747504],[-69.954579,58.772162],[-69.921213,58.77912],[-69.93224,58.727484],[-69.918284,58.686387],[-69.86144,58.715033],[-69.841054,58.715155],[-69.797434,58.700751],[-69.809316,58.682318],[-69.853586,58.665595],[-69.87682,58.644721],[-69.849517,58.614],[-69.813547,58.596503],[-69.795725,58.598456],[-69.77953,58.629625],[-69.742014,58.652777],[-69.69872,58.702745],[-69.671457,58.696601],[-69.650502,58.701158],[-69.636342,58.739081],[-69.608225,58.760362],[-69.48705,58.792182],[-69.418121,58.829657],[-69.378163,58.869493],[-69.256337,58.899156],[-69.188466,58.895209],[-69.124827,58.901923],[-68.979319,58.902045],[-68.992991,58.881537],[-68.894765,58.877875],[-68.786936,58.922471],[-68.773427,58.921698],[-68.753407,58.908271],[-68.728749,58.903184],[-68.616038,58.891221],[-68.540517,58.861029],[-68.499867,58.833116],[-68.410268,58.82392],[-68.356191,58.771674],[-68.382883,58.734117],[-68.38093,58.700995],[-68.328847,58.675482],[-68.348704,58.600328],[-68.333241,58.589789],[-68.291412,58.598131],[-68.274241,58.586737],[-68.291493,58.534491],[-68.274241,58.524644],[-68.252105,58.527533],[-68.211781,58.548285],[-68.191029,58.546373],[-68.22057,58.48432],[-68.2058,58.434027],[-68.222524,58.425482],[-68.243276,58.353258],[-68.315175,58.250922],[-68.35025,58.170518],[-68.341868,58.144477],[-68.354075,58.123725],[-68.477162,58.043647],[-68.520009,58.031195],[-68.719106,58.013739],[-68.848704,57.976386],[-68.970123,57.960395],[-68.999827,57.935614],[-69.047597,57.915107],[-69.141103,57.898668],[-69.223744,57.862047],[-69.36974,57.770494],[-69.144399,57.869737],[-69.109364,57.893378],[-69.040761,57.908271],[-68.949696,57.941026],[-68.756012,57.972968],[-68.686635,57.99372],[-68.607249,57.997545],[-68.468617,58.020372],[-68.417592,58.038642],[-68.390289,58.07213],[-68.33849,58.08983],[-68.309885,58.120917],[-68.292592,58.221788],[-68.251576,58.236518],[-68.232493,58.307685],[-68.187327,58.363878],[-68.191396,58.39057],[-68.170562,58.422187],[-68.17394,58.491075],[-68.123402,58.53205],[-68.090159,58.520006],[-68.027333,58.521715],[-68.027211,58.551947],[-68.006215,58.579535],[-67.974436,58.56981],[-67.953521,58.544379],[-67.965159,58.518419],[-67.909901,58.510972],[-67.88976,58.498725],[-67.917348,58.452948],[-67.923655,58.404975],[-67.909901,58.367621],[-67.861684,58.326402],[-67.862701,58.309272],[-67.900258,58.255845],[-68.082428,58.155341],[-68.129547,58.082994],[-68.120595,58.071885],[-68.068186,58.113145],[-67.999257,58.141059],[-67.953277,58.211982],[-67.925771,58.226142],[-67.862701,58.23725],[-67.864613,58.259019],[-67.844553,58.277655],[-67.800649,58.298692],[-67.823557,58.335639],[-67.82079,58.399237],[-67.786977,58.442694],[-67.786977,58.470038],[-67.756012,58.474433],[-67.718861,58.459906],[-67.708404,58.443427],[-67.68456,58.439643],[-67.675445,58.423448],[-67.708241,58.383409],[-67.691396,58.360175],[-67.729563,58.333319],[-67.718088,58.298692],[-67.73233,58.285102],[-67.713287,58.288642],[-67.675526,58.279486],[-67.649037,58.251776],[-67.654652,58.221055],[-67.694081,58.172105],[-67.701731,58.141466],[-67.670277,58.07213],[-67.6905,58.027655],[-67.740142,57.963731],[-67.738596,57.943061],[-67.71349,57.927069],[-67.701324,57.937812],[-67.711903,57.96662],[-67.706654,57.99079],[-67.641835,58.04914],[-67.639068,58.06505],[-67.662424,58.115953],[-67.56786,58.230414],[-67.536855,58.233832],[-67.464833,58.285102],[-67.363515,58.286119],[-67.332143,58.323961],[-67.294749,58.334784],[-67.218007,58.343614],[-67.160227,58.380235],[-67.111969,58.360175],[-67.086903,58.362779],[-67.064198,58.39293],[-67.080637,58.422187],[-67.023427,58.426703],[-66.946645,58.498358],[-66.909983,58.500434],[-66.883656,58.486558],[-66.896311,58.44953],[-66.860463,58.439765],[-66.852203,58.425035],[-66.841664,58.44953],[-66.801991,58.477729],[-66.806874,58.497992],[-66.635406,58.490912],[-66.615102,58.497992],[-66.659901,58.525458],[-66.66926,58.539984],[-66.624013,58.551337],[-66.628774,58.592882],[-66.588531,58.631293],[-66.595367,58.677191],[-66.571441,58.66942],[-66.553619,58.710191],[-66.526967,58.71955],[-66.468658,58.721991],[-66.451283,58.744371],[-66.475819,58.750067],[-66.490956,58.764838],[-66.463368,58.786607],[-66.47175,58.812608],[-66.443918,58.832831],[-66.406239,58.839952],[-66.382395,58.853583],[-66.347035,58.845811],[-66.347564,58.833116],[-66.294667,58.803412],[-66.252512,58.795111],[-66.193959,58.749091],[-66.115834,58.726304],[-66.101186,58.682929],[-66.078847,58.658515],[-66.062734,58.650255],[-66.007476,58.656846],[-65.997141,58.649156],[-66.004994,58.634508],[-65.944163,58.620836],[-65.940256,58.5963],[-66.006744,58.525946],[-66.018219,58.498236],[-65.992828,58.430894],[-65.998769,58.408555],[-66.072255,58.379381],[-66.09496,58.360175],[-66.065094,58.32982],[-66.053375,58.332831],[-66.035146,58.376288],[-66.018625,58.388129],[-65.969228,58.39704],[-65.957183,58.408555],[-65.95759,58.432929],[-65.923004,58.442694],[-65.925445,58.45954],[-65.985097,58.477484],[-65.979563,58.490098],[-65.905181,58.537909],[-65.888905,58.579901],[-65.873525,58.583808],[-65.843577,58.574449],[-65.827504,58.579901],[-65.864247,58.597846],[-65.875234,58.628282],[-65.937815,58.648912],[-65.944163,58.675482],[-65.961659,58.688056],[-66.039703,58.696601],[-66.043121,58.757392],[-66.108632,58.77912],[-66.019195,58.861192],[-65.970855,58.82628],[-65.944936,58.841498],[-65.859527,58.832831],[-65.79955,58.853583],[-65.802113,58.867296],[-65.885365,58.871894],[-65.964996,58.891059],[-65.983062,58.904853],[-65.982249,58.917182],[-65.861643,58.942979],[-65.853912,58.961127],[-65.886138,58.993232],[-65.885487,59.008165],[-65.756256,58.975775],[-65.677358,58.928575],[-65.668813,58.949327],[-65.688791,58.973863],[-65.793324,59.005072],[-65.770579,59.019151],[-65.738108,59.018134],[-65.779042,59.032335],[-65.729075,59.037584],[-65.683461,59.052802],[-65.683461,59.046007],[-65.654856,59.046495],[-65.60558,59.013739],[-65.507069,58.988105],[-65.491689,58.9914],[-65.501943,59.005072],[-65.560658,59.021715],[-65.594106,59.046007],[-65.542348,59.064276],[-65.511586,59.065619],[-65.443674,59.045111],[-65.349436,59.039781],[-65.319732,59.046007],[-65.319732,59.052802],[-65.349721,59.064561],[-65.425608,59.063585],[-65.466786,59.083238],[-65.529205,59.093817],[-65.541615,59.108832],[-65.581695,59.075059],[-65.642486,59.07331],[-65.665679,59.113959],[-65.717641,59.158311],[-65.70995,59.185655],[-65.683461,59.196845],[-65.732533,59.215522],[-65.744944,59.230414],[-65.739329,59.270616],[-65.680247,59.263983],[-65.594106,59.189399],[-65.612131,59.249376],[-65.602935,59.257107],[-65.580434,59.244615],[-65.543324,59.264635],[-65.510121,59.253892],[-65.491689,59.258287],[-65.491689,59.265082],[-65.56607,59.30744],[-65.580434,59.364732],[-65.55899,59.376654],[-65.51061,59.358466],[-65.371816,59.280097],[-65.357574,59.282172],[-65.405426,59.340196],[-65.440297,59.351752],[-65.447174,59.366767],[-65.432932,59.40294],[-65.381825,59.402289],[-65.406728,59.417426],[-65.497914,59.436387],[-65.497914,59.443834],[-65.47057,59.443834],[-65.47057,59.450059],[-65.545318,59.474351],[-65.559926,59.491034],[-65.526357,59.489691],[-65.457509,59.472357],[-65.42276,59.470567],[-65.364125,59.484809],[-65.185536,59.463121],[-65.172922,59.43891],[-65.052846,59.381171],[-65.003082,59.375678],[-64.983957,59.381171],[-65.033111,59.390937],[-65.082346,59.410631],[-65.181264,59.475775],[-65.313385,59.509385],[-65.39269,59.512071],[-65.411855,59.51789],[-65.489084,59.626166],[-65.519399,59.702582],[-65.546254,59.731269],[-65.52184,59.750312],[-65.466379,59.77143],[-65.497914,59.79267],[-65.484242,59.799547],[-65.445912,59.786973],[-65.432688,59.809434],[-65.417714,59.815253],[-65.367543,59.799547],[-65.378977,59.829779],[-65.323476,59.847968],[-65.214223,59.820787],[-65.165842,59.79267],[-65.084096,59.771715],[-64.983957,59.764757],[-64.983957,59.772203],[-65.053131,59.779039],[-65.093251,59.796332],[-65.141469,59.806098],[-65.195058,59.834581],[-65.224192,59.841132],[-65.224192,59.847968],[-65.203033,59.854193],[-65.229726,59.892401],[-65.215566,59.893744],[-65.140452,59.871324],[-65.12857,59.885484],[-65.137807,59.900214],[-65.209828,59.915595],[-65.209828,59.923041],[-65.169545,59.923041],[-65.141103,59.931627],[-65.135121,59.95661],[-65.106842,59.950995],[-65.08019,59.929877],[-65.070912,59.943305],[-65.12857,59.977647],[-65.113393,59.982856],[-65.066518,59.977647],[-65.074941,59.989732],[-65.117665,60.008368],[-65.12857,60.046576],[-65.068471,60.046495],[-65.046051,60.054755],[-65.024973,60.080756],[-65.065297,60.094591],[-65.0631,60.104315],[-65.019032,60.120185],[-65.008412,60.111151],[-65.001047,60.116278],[-64.994781,60.152696],[-64.966135,60.154731],[-64.951527,60.193427],[-64.894154,60.195746],[-64.874094,60.20421],[-64.88036,60.21894],[-64.957265,60.258857],[-64.884348,60.281928],[-64.846913,60.313422],[-64.839711,60.343207],[-64.860463,60.361274],[-64.848785,60.365709],[-64.778472,60.361274],[-64.676096,60.33393],[-64.696604,60.355048],[-64.627512,60.346747],[-64.545766,60.306627],[-64.464223,60.291083],[-64.380605,60.245185],[-64.425771,60.242621],[-64.495107,60.272569],[-64.586741,60.292955],[-64.636545,60.293036],[-64.758656,60.238349],[-64.729319,60.234809],[-64.617096,60.272528],[-64.53893,60.265692],[-64.485341,60.24018],[-64.463246,60.238349],[-64.483022,60.219672],[-64.566274,60.176337],[-64.50414,60.178534],[-64.416168,60.223375],[-64.394928,60.217231],[-64.429067,60.196763],[-64.409983,60.197252],[-64.380605,60.170111],[-64.399241,60.15119],[-64.497914,60.114814],[-64.463246,60.08751],[-64.632436,60.071519],[-64.689198,60.043402],[-64.812489,60.008246],[-64.828277,59.991156],[-64.822336,59.98546],[-64.806467,59.984483],[-64.586741,60.060248],[-64.502105,60.056952],[-64.451527,60.066148],[-64.398346,60.120836],[-64.377187,60.129747],[-64.367543,60.118232],[-64.375478,60.081163],[-64.386301,60.076239],[-64.402415,60.08751],[-64.413726,60.071112],[-64.373769,60.040107],[-64.393219,60.014472],[-64.420969,60.008287],[-64.53954,60.010932],[-64.416615,59.985093],[-64.400502,59.97606],[-64.401926,59.941474],[-64.518422,59.902533],[-64.49767,59.896959],[-64.476389,59.900499],[-64.423573,59.923285],[-64.368967,59.927436],[-64.363515,59.957994],[-64.305531,59.997504],[-64.224233,59.997504],[-64.224233,60.00495],[-64.262522,60.003119],[-64.302602,60.009955],[-64.328969,60.028144],[-64.326039,60.060248],[-64.277333,60.047797],[-64.22053,60.046576],[-64.210561,60.032294],[-64.182607,60.032294],[-64.147857,59.984483],[-64.274403,59.963731],[-64.298736,59.943549],[-64.229319,59.941636],[-64.203359,59.93358],[-64.182607,59.915595],[-64.212514,59.889838],[-64.257721,59.882066],[-64.257721,59.87462],[-64.199045,59.876532],[-64.153188,59.912095],[-64.137929,59.915595],[-64.126373,59.907457],[-64.170277,59.845649],[-64.175852,59.796129],[-64.192535,59.77851],[-64.259389,59.788398],[-64.264556,59.764757],[-64.21227,59.716132],[-64.147857,59.682847],[-64.037994,59.682847],[-63.96231,59.694566],[-63.943023,59.689683],[-63.969797,59.66234],[-63.921986,59.655504],[-63.955963,59.645819],[-64.031606,59.644965],[-64.059722,59.621405],[-64.072825,59.574449],[-64.104726,59.547349],[-64.120595,59.518378],[-64.039947,59.562201],[-64.032135,59.610175],[-64.007314,59.62401],[-63.973378,59.623725],[-63.946441,59.611151],[-63.889556,59.617255],[-63.864084,59.611314],[-63.877553,59.583848],[-63.943023,59.566759],[-63.983388,59.525824],[-63.980702,59.506415],[-63.874135,59.572984],[-63.766916,59.548285],[-63.727691,59.519965],[-63.795033,59.422187],[-63.999827,59.418524],[-64.065989,59.395453],[-64.060658,59.387274],[-64.042958,59.380439],[-63.999827,59.390326],[-63.960764,59.39057],[-63.805898,59.374945],[-63.7506,59.388617],[-63.764882,59.36815],[-63.752268,59.363227],[-63.709625,59.36815],[-63.77481,59.263414],[-63.825754,59.252061],[-63.825754,59.244615],[-63.774892,59.248033],[-63.730133,59.265082],[-63.698354,59.325303],[-63.651682,59.36815],[-63.624013,59.353868],[-63.553538,59.353583],[-63.531565,59.347724],[-63.524078,59.323106],[-63.545155,59.258287],[-63.609771,59.227281],[-63.641428,59.224189],[-63.628977,59.216986],[-63.543935,59.219794],[-63.466379,59.278754],[-63.417836,59.290961],[-63.392568,59.292467],[-63.380727,59.278754],[-63.407216,59.256293],[-63.449045,59.244615],[-63.437001,59.22956],[-63.463246,59.193101],[-63.385732,59.219591],[-63.360829,59.198228],[-63.442209,59.120551],[-63.521474,59.108222],[-63.581776,59.075059],[-63.66161,59.070258],[-63.747182,59.052802],[-63.82433,59.068671],[-63.973541,59.078966],[-64.002838,59.048936],[-64.037994,59.032335],[-64.039906,59.01793],[-63.96939,59.036689],[-63.946441,59.059678],[-63.894643,59.059678],[-63.916615,59.026801],[-63.906728,58.989814],[-63.882314,58.961982],[-63.860463,58.963446],[-63.880971,59.018134],[-63.870758,59.033189],[-63.812123,59.046007],[-63.780263,59.027411],[-63.743804,59.018134],[-63.661855,59.03856],[-63.535797,59.036322],[-63.507476,59.055976],[-63.460601,59.070868],[-63.437734,59.063218],[-63.420806,59.065009],[-63.386627,59.101996],[-63.352773,59.104438],[-63.285146,59.093817],[-63.291331,59.07331],[-63.230784,59.074164],[-63.191029,59.059638],[-63.131581,59.062323],[-63.127431,59.046007],[-63.161977,59.030015],[-63.339752,59.032335],[-63.339752,59.02558],[-63.222483,59.005072],[-63.269439,58.979315],[-63.305572,58.942979],[-63.241038,58.975694],[-63.216217,58.983954],[-63.183176,58.984361],[-63.169586,58.977891],[-63.167836,58.963446],[-63.194163,58.953559],[-63.229848,58.950385],[-63.229848,58.942979],[-63.190175,58.940009],[-63.16161,58.922471],[-63.236684,58.881537],[-63.32608,58.861029],[-63.298329,58.851996],[-63.229848,58.861029],[-63.195058,58.859117],[-63.167836,58.881537],[-63.154775,58.874091],[-63.178863,58.828437],[-63.154775,58.82628],[-63.124867,58.846788],[-63.120676,58.874091],[-63.091868,58.894965],[-63.05248,58.902289],[-63.014516,58.897406],[-62.989654,58.881537],[-63.047434,58.870795],[-63.052398,58.861029],[-62.92691,58.823188],[-62.910024,58.796942],[-62.914622,58.751166],[-63.033315,58.719184],[-63.044911,58.710191],[-63.02066,58.701646],[-62.945627,58.702745],[-62.872874,58.715644],[-62.844594,58.685167],[-62.856679,58.655626],[-62.917633,58.631415],[-62.935374,58.596625],[-63.078359,58.559149],[-63.124664,58.531562],[-63.154775,58.524644],[-63.167836,58.504828],[-63.305572,58.510972],[-63.326894,58.497016],[-63.368642,58.497748],[-63.412953,58.508531],[-63.442209,58.524644],[-63.448801,58.504462],[-63.471425,58.490302],[-63.524078,58.477484],[-63.374908,58.490546],[-63.341949,58.478827],[-63.339752,58.463202],[-63.420766,58.399604],[-63.487416,58.377875],[-63.534779,58.352729],[-63.593007,58.305528],[-63.546539,58.311876],[-63.488515,58.344224],[-63.421702,58.367621],[-63.264027,58.470038],[-63.264027,58.463202],[-63.247874,58.470689],[-63.144114,58.47838],[-63.085846,58.456366],[-63.157135,58.395006],[-63.16161,58.367621],[-63.154775,58.381293],[-63.140533,58.383612],[-63.063303,58.451606],[-63.051666,58.452094],[-63.009674,58.428697],[-62.983469,58.43651],[-62.978017,58.447374],[-62.937734,58.468207],[-62.853139,58.477484],[-62.823557,58.471137],[-62.797841,58.497992],[-62.78425,58.497992],[-62.785959,58.45893],[-62.77123,58.463202],[-62.762929,58.484361],[-62.743723,58.496283],[-62.705678,58.491075],[-62.620595,58.50609],[-62.578603,58.504218],[-62.558258,58.477484],[-62.60676,58.456366],[-62.599233,58.442694],[-62.65392,58.414781],[-62.619374,58.370836],[-62.633412,58.360175],[-62.623443,58.309272],[-62.709137,58.285102],[-62.721181,58.273179],[-62.85554,58.268663],[-62.872629,58.261908],[-62.907582,58.214342],[-62.901519,58.203111],[-62.888051,58.202826],[-62.863026,58.23725],[-62.821685,58.257107],[-62.697174,58.253241],[-62.667592,58.27147],[-62.600413,58.254584],[-62.583323,58.235216],[-62.578765,58.223009],[-62.614613,58.213813],[-62.635243,58.186754],[-62.661366,58.175849],[-62.75475,58.17121],[-62.817454,58.179063],[-63.079091,58.155341],[-63.010813,58.141059],[-63.034535,58.118232],[-63.200592,58.068671],[-63.209381,58.062242],[-63.198801,58.057318],[-63.134348,58.065985],[-63.168121,58.028022],[-63.286204,58.007799],[-63.339752,57.983995],[-63.119537,58.004869],[-63.099436,58.021308],[-63.092437,58.058051],[-63.035756,58.082831],[-62.971425,58.096381],[-62.964426,58.115058],[-62.926178,58.13288],[-62.832631,58.147895],[-62.832631,58.141059],[-62.853139,58.134833],[-62.84081,58.123481],[-62.77123,58.134833],[-62.749582,58.125352],[-62.714182,58.144599],[-62.651235,58.123847],[-62.633412,58.127387],[-62.581166,58.165269],[-62.565745,58.162095],[-62.552113,58.12934],[-62.510487,58.175849],[-62.462066,58.181993],[-62.450999,58.167792],[-62.529408,58.103217],[-62.530995,58.093248],[-62.509755,58.074897],[-62.517323,58.058539],[-62.496327,58.059923],[-62.490061,58.093248],[-62.466135,58.107733],[-62.376698,58.112901],[-62.366526,58.106879],[-62.371327,58.096259],[-62.428578,58.086412],[-62.387034,58.07213],[-62.391184,58.051988],[-62.378489,58.051947],[-62.344594,58.071479],[-62.326894,58.064643],[-62.305043,58.031195],[-62.387034,57.997667],[-62.418284,57.997056],[-62.478668,58.009833],[-62.534495,58.005683],[-62.674957,57.935614],[-62.64391,57.937934],[-62.592397,57.963446],[-62.562001,57.969713],[-62.486643,57.976549],[-62.421132,57.963568],[-62.429596,57.949042],[-62.420766,57.870673],[-62.400624,57.874132],[-62.392323,57.883734],[-62.377349,57.949774],[-62.339182,57.983995],[-62.324941,57.945746],[-62.346018,57.915107],[-62.324086,57.909044],[-62.27774,57.956732],[-62.233022,57.939317],[-62.208852,57.908271],[-62.19518,57.943061],[-62.140859,57.978258],[-62.081532,57.946967],[-62.065745,57.898912],[-62.140533,57.833197],[-62.119456,57.818915],[-62.118723,57.797471],[-62.007151,57.781358],[-61.950063,57.709174],[-61.968617,57.688544],[-61.894154,57.67182],[-61.886708,57.637641],[-61.898101,57.62169],[-62.038564,57.597642],[-62.076812,57.582221],[-62.072336,57.552069],[-62.08967,57.540758],[-62.164174,57.531562],[-62.243723,57.544989],[-62.270334,57.538398],[-62.328684,57.466051],[-62.348948,57.45775],[-62.516103,57.508979],[-62.544667,57.511054],[-62.533681,57.496039],[-62.469553,57.462633],[-62.414906,57.448961],[-62.377065,57.428534],[-62.315012,57.428534],[-62.276926,57.445787],[-62.210317,57.449327],[-62.159373,57.469062],[-62.135487,57.461005],[-62.031321,57.456407],[-61.90038,57.415473],[-61.804799,57.367051],[-61.823476,57.358385],[-61.927642,57.367051],[-61.927642,57.360216],[-61.87149,57.342841],[-61.879018,57.318956],[-61.870758,57.293036],[-61.880483,57.277655],[-61.945058,57.257148],[-62.023915,57.257148],[-62.011627,57.242987],[-61.965566,57.23668],[-61.959055,57.22309],[-61.906728,57.219184],[-61.882965,57.210028],[-61.865102,57.17064],[-61.84675,57.170396],[-61.785268,57.196275],[-61.776112,57.191107],[-61.784291,57.154771],[-61.649241,57.2331],[-61.619781,57.229926],[-61.698638,57.171576],[-61.696441,57.157904],[-61.526723,57.1612],[-61.471791,57.156073],[-61.421213,57.141099],[-61.365712,57.106879],[-61.35912,57.089586],[-61.379628,57.055162],[-61.352284,57.02379],[-61.370676,57.002427],[-61.344838,56.989691],[-61.344838,56.955512],[-61.393219,56.989691],[-61.411936,56.981757],[-61.50178,56.978949],[-61.537262,56.962958],[-61.575103,56.914537],[-61.611236,56.904405],[-61.643422,56.883531],[-61.647125,56.825792],[-61.664174,56.808946],[-61.708608,56.813544],[-61.76061,56.792792],[-61.809193,56.78852],[-61.858266,56.793524],[-61.894154,56.805365],[-61.904652,56.793769],[-61.886708,56.750067],[-61.901479,56.723822],[-61.886708,56.702338],[-61.864735,56.741278],[-61.847157,56.752753],[-61.818471,56.756903],[-61.750803,56.751654],[-61.694936,56.7296],[-61.711334,56.711046],[-61.731923,56.703803],[-61.819936,56.70897],[-61.790517,56.68122],[-61.770619,56.687852],[-61.67162,56.655463],[-61.658355,56.642157],[-61.662668,56.628241],[-61.6881,56.620347],[-61.743316,56.633979],[-61.902252,56.643175],[-61.927642,56.653876],[-61.896799,56.668524],[-61.905141,56.678412],[-61.928212,56.681993],[-61.954457,56.665269],[-61.984446,56.664415],[-62.037506,56.674994],[-62.124664,56.704942],[-62.237945,56.716254],[-62.348012,56.752875],[-62.483876,56.77558],[-62.503082,56.784857],[-62.478993,56.798285],[-62.305043,56.818427],[-62.274078,56.827826],[-62.228179,56.81745],[-62.044423,56.825792],[-62.088694,56.841295],[-62.338857,56.8463],[-62.400624,56.832017],[-62.493764,56.8546],[-62.544667,56.839464],[-62.569895,56.803941],[-62.585601,56.797838],[-62.414906,56.750312],[-62.35969,56.722154],[-62.284291,56.711982],[-62.24767,56.695054],[-62.167592,56.678087],[-62.099924,56.650824],[-62.007151,56.633979],[-61.958485,56.635077],[-61.914052,56.626532],[-61.940175,56.616156],[-62.242991,56.626532],[-62.242991,56.620347],[-62.000966,56.587633],[-61.917714,56.585639],[-61.8697,56.593004],[-61.769643,56.564521],[-61.723704,56.580552],[-61.712026,56.575385],[-61.652659,56.531684],[-61.667592,56.503282],[-61.713979,56.50141],[-61.756581,56.485826],[-61.977406,56.510688],[-62.036773,56.508043],[-62.085927,56.490058],[-62.085927,56.483222],[-62.02009,56.48961],[-61.96996,56.48725],[-61.956166,56.4831],[-61.948069,56.465644],[-62.010121,56.452867],[-62.103424,56.45893],[-62.147369,56.455268],[-62.081044,56.429551],[-61.975413,56.421861],[-61.962473,56.424506],[-61.953114,56.442206],[-61.932688,56.436591],[-61.903798,56.414293],[-61.813954,56.403388],[-61.790517,56.393785],[-61.845774,56.38703],[-61.83023,56.376899],[-61.776845,56.359687],[-61.756418,56.339179],[-61.715443,56.345404],[-61.715443,56.339179],[-61.743316,56.332343],[-61.71996,56.324164],[-61.639638,56.325548],[-61.605621,56.30683],[-61.597076,56.29442],[-61.60554,56.283922],[-61.768463,56.313096],[-61.796254,56.313178],[-61.81786,56.304429],[-61.660756,56.277777],[-61.660756,56.270941],[-61.74828,56.256334],[-61.796539,56.256822],[-61.831451,56.270941],[-61.767568,56.27265],[-61.756418,56.283922],[-61.776357,56.290229],[-61.827463,56.297309],[-61.90746,56.295518],[-61.965566,56.286566],[-62.017934,56.308946],[-62.078481,56.298204],[-62.067209,56.285468],[-62.004018,56.25727],[-62.016184,56.248481],[-62.008901,56.240465],[-61.935292,56.217353],[-61.914459,56.21662],[-61.882232,56.234361],[-61.835194,56.22248],[-61.763173,56.229315],[-61.776845,56.208848],[-61.722808,56.208848],[-61.677561,56.22248],[-61.599233,56.223619],[-61.578847,56.208848],[-61.547027,56.200385],[-61.43456,56.213813],[-61.372792,56.228827],[-61.344838,56.22248],[-61.352284,56.205756],[-61.335194,56.178087],[-61.39151,56.16942],[-61.409413,56.13231],[-61.386464,56.133124],[-61.348541,56.147406],[-61.339589,56.138251],[-61.352284,56.119452],[-61.338612,56.111029],[-61.348297,56.102973],[-61.426015,56.082017],[-61.455312,56.058051],[-61.40038,56.050482],[-61.319976,56.067206],[-61.291086,56.064032],[-61.234975,56.043769],[-61.305328,56.044053],[-61.325592,56.037543],[-61.270375,56.030707],[-61.270375,56.024482],[-61.398346,56.032701],[-61.468129,56.029731],[-61.503082,56.010199],[-61.383046,55.996568],[-61.379872,55.979234],[-61.393178,55.976671],[-61.428009,55.995592],[-61.462148,56.002753],[-61.447133,55.980577],[-61.40274,55.959906],[-61.345448,55.969306],[-61.262929,55.969306],[-61.229726,55.962714],[-61.201487,55.948188],[-61.176584,55.97606],[-61.138987,55.972154],[-61.071156,55.92829],[-61.078521,55.89289],[-61.101877,55.90001],[-61.173329,55.898627],[-61.194,55.89289],[-61.193267,55.879625],[-61.0985,55.848334],[-60.945465,55.870307],[-60.895863,55.860419],[-60.781606,55.859687],[-60.746816,55.850165],[-60.728505,55.825263],[-60.735992,55.800035],[-60.761057,55.78087],[-60.81786,55.756415],[-60.892974,55.749498],[-60.94929,55.755072],[-60.968658,55.749498],[-60.950185,55.742621],[-60.943918,55.729804],[-60.862294,55.742743],[-60.749013,55.736518],[-60.696401,55.769761],[-60.653961,55.825303],[-60.615549,55.825263],[-60.601959,55.819566],[-60.626088,55.783026],[-60.607167,55.754706],[-60.612416,55.715399],[-60.591379,55.708564],[-60.614898,55.690294],[-60.656239,55.676378],[-60.648915,55.651964],[-60.631256,55.640448],[-60.653432,55.605536],[-60.685129,55.578559],[-60.681304,55.564561],[-60.63268,55.612128],[-60.602203,55.627875],[-60.530751,55.746161],[-60.523793,55.786566],[-60.507924,55.804023],[-60.489613,55.810492],[-60.47525,55.797349],[-60.463002,55.801581],[-60.423736,55.776842],[-60.399526,55.790473],[-60.372222,55.770006],[-60.334706,55.781968],[-60.331288,55.760077],[-60.385894,55.722846],[-60.372222,55.715399],[-60.385894,55.701117],[-60.375111,55.685492],[-60.49352,55.660102],[-60.52538,55.616767],[-60.530507,55.591905],[-60.471181,55.630194],[-60.434316,55.634467],[-60.399526,55.612982],[-60.394399,55.585069],[-60.454742,55.503119],[-60.428578,55.51081],[-60.340891,55.582709],[-60.326283,55.583197],[-60.319244,55.576117],[-60.333892,55.539903],[-60.304026,55.530463],[-60.31078,55.509345],[-60.332875,55.5185],[-60.343332,55.515977],[-60.386545,55.474921],[-60.454742,55.447862],[-60.443227,55.429023],[-60.454742,55.413764],[-60.444,55.402167],[-60.482086,55.352281],[-60.441477,55.368476],[-60.413238,55.400092],[-60.428456,55.415269],[-60.418935,55.42768],[-60.379709,55.447862],[-60.327707,55.494818],[-60.304026,55.489447],[-60.331288,55.475816],[-60.365387,55.434882],[-60.343007,55.437567],[-60.331288,55.455308],[-60.306223,55.436632],[-60.283762,55.440619],[-60.290273,55.479234],[-60.279449,55.501207],[-60.254018,55.50495],[-60.201568,55.489447],[-60.214589,55.46837],[-60.204416,55.456977],[-60.214589,55.441026],[-60.194081,55.434882],[-60.194081,55.427436],[-60.201568,55.42121],[-60.229563,55.427802],[-60.268544,55.421454],[-60.362416,55.390448],[-60.374664,55.380683],[-60.382924,55.345771],[-60.413238,55.311347],[-60.391469,55.305121],[-60.403961,55.292182],[-60.42809,55.282782],[-60.450266,55.295762],[-60.467844,55.297065],[-60.502553,55.270372],[-60.536733,55.204901],[-60.612416,55.167914],[-60.568186,55.182074],[-60.492096,55.226264],[-60.45816,55.235582],[-60.432973,55.220811],[-60.396637,55.258734],[-60.382802,55.262926],[-60.355336,55.259101],[-60.412262,55.214179],[-60.467844,55.188422],[-60.516225,55.119493],[-60.673899,55.050645],[-60.661448,55.037584],[-60.687571,54.995429],[-60.612416,55.036363],[-60.5572,55.085395],[-60.493235,55.101793],[-60.47525,55.112738],[-60.457102,55.154853],[-60.426869,55.167914],[-60.387441,55.161689],[-60.372222,55.167914],[-60.269032,55.242987],[-60.228871,55.25609],[-60.211985,55.247789],[-60.154042,55.290229],[-60.139516,55.284003],[-60.173655,55.242418],[-60.169667,55.231635],[-60.194081,55.194648],[-60.170644,55.204088],[-60.134145,55.235582],[-60.087392,55.248603],[-60.048207,55.273546],[-60.022817,55.276557],[-60.029205,55.26142],[-60.070546,55.235582],[-60.091054,55.188422],[-60.175933,55.123969],[-60.187896,55.099066],[-60.216868,55.105577],[-60.252268,55.086534],[-60.284291,55.054796],[-60.297109,55.023383],[-60.201405,55.08751],[-60.0985,55.140082],[-60.040435,55.218573],[-60.016225,55.226915],[-60.022817,55.235582],[-59.996449,55.243476],[-59.939198,55.235419],[-59.912953,55.242418],[-59.918284,55.262926],[-59.884999,55.273505],[-59.847035,55.309882],[-59.799672,55.33039],[-59.776357,55.331855],[-59.757436,55.299018],[-59.762074,55.284003],[-59.748402,55.276557],[-59.734771,55.292222],[-59.720204,55.274237],[-59.71642,55.252305],[-59.735422,55.25609],[-59.755849,55.22191],[-59.736806,55.217027],[-59.735422,55.201483],[-59.741851,55.19481],[-59.762074,55.201483],[-59.818837,55.169623],[-59.891225,55.15233],[-59.93456,55.161811],[-59.974477,55.155951],[-59.963979,55.117133],[-59.920318,55.146837],[-59.886098,55.138861],[-59.866119,55.147773],[-59.865712,55.119493],[-59.799957,55.112738],[-59.755849,55.146837],[-59.735666,55.15058],[-59.677073,55.146837],[-59.643422,55.133531],[-59.538401,55.177232],[-59.530588,55.214057],[-59.517812,55.214342],[-59.495229,55.194648],[-59.495229,55.140082],[-59.467356,55.150743],[-59.440053,55.151842],[-59.430043,55.142035],[-59.486318,55.100898],[-59.524648,55.058539],[-59.564076,55.050645],[-59.639231,54.995429],[-59.659657,55.002875],[-59.735422,54.968085],[-59.718129,54.955512],[-59.732004,54.937201],[-59.758656,54.92064],[-59.801259,54.907335],[-59.850087,54.874579],[-59.852773,54.844713],[-59.835317,54.854356],[-59.824127,54.851996],[-59.820058,54.840806],[-59.857777,54.789862],[-59.947662,54.756415],[-59.921986,54.743232],[-59.791982,54.786811],[-59.80309,54.814521],[-59.793446,54.875963],[-59.749623,54.903998],[-59.690745,54.916938],[-59.625559,54.948188],[-59.447621,55.061957],[-59.427317,55.06623],[-59.413564,55.057563],[-59.413238,55.030219],[-59.398183,55.039862],[-59.364858,55.099066],[-59.30956,55.146837],[-59.30956,55.164252],[-59.268666,55.208319],[-59.2329,55.219916],[-59.216054,55.218207],[-59.207183,55.208319],[-59.223866,55.192694],[-59.221506,55.167914],[-59.188547,55.19481],[-59.159779,55.238715],[-59.131581,55.213813],[-59.125315,55.194648],[-59.142649,55.154731],[-59.227895,55.114081],[-59.262441,55.092231],[-59.282867,55.058051],[-59.317983,55.045762],[-59.38622,55.004584],[-59.392812,54.989203],[-59.382558,54.978013],[-59.327626,55.016547],[-59.282216,55.021959],[-59.263254,55.030341],[-59.235178,55.050645],[-59.240834,55.071885],[-59.225413,55.084052],[-59.180531,55.099066],[-59.169545,55.080308],[-59.154286,55.074286],[-59.145131,55.080552],[-59.152577,55.099066],[-59.127919,55.127265],[-59.111643,55.125718],[-59.098948,55.115058],[-59.104807,55.078599],[-59.073476,55.108385],[-59.064076,55.148017],[-59.047841,55.159491],[-59.027415,55.161973],[-59.007965,55.153673],[-58.994944,55.119493],[-58.963857,55.140082],[-58.954254,55.13109],[-58.974436,55.078599],[-59.044789,54.998847],[-59.036244,54.995429],[-59.007965,55.016547],[-58.987782,55.019517],[-58.972524,54.995958],[-58.892486,54.954413],[-58.966949,54.92772],[-59.015452,54.899766],[-59.015452,54.893012],[-58.960805,54.893012],[-58.940297,54.899766],[-58.933461,54.920274],[-58.90567,54.922471],[-58.886708,54.911322],[-58.884104,54.897813],[-58.905588,54.893012],[-58.900461,54.878119],[-58.919789,54.855455],[-58.913808,54.848212],[-58.834137,54.842719],[-58.798411,54.857774],[-58.76476,54.842637],[-58.751291,54.802924],[-58.731801,54.842475],[-58.713002,54.84984],[-58.697987,54.843858],[-58.700103,54.831529],[-58.681467,54.818549],[-58.65217,54.809801],[-58.515736,54.803656],[-58.555084,54.783189],[-58.562896,54.769477],[-58.505238,54.783759],[-58.439361,54.776923],[-58.444203,54.760728],[-58.422353,54.744086],[-58.386952,54.747382],[-58.398427,54.789984],[-58.386342,54.795233],[-58.203521,54.797431],[-58.185292,54.785875],[-58.199086,54.777655],[-58.190094,54.764146],[-58.159495,54.742174],[-58.023549,54.742743],[-58.005523,54.737006],[-58.008656,54.721666],[-57.992177,54.716783],[-57.94286,54.742174],[-57.864817,54.74494],[-57.78954,54.693793],[-57.782094,54.68004],[-57.729726,54.690131],[-57.720693,54.68004],[-57.727854,54.663316],[-57.685902,54.637926],[-57.667551,54.63345],[-57.580312,54.639594],[-57.555816,54.659613],[-57.48644,54.6588],[-57.449818,54.649359],[-57.446278,54.626085],[-57.41218,54.619249],[-57.417836,54.597724],[-57.350413,54.589423],[-57.353179,54.566759],[-57.431996,54.557196],[-57.431996,54.55036],[-57.383209,54.541368],[-57.375478,54.526679],[-57.391021,54.501939],[-57.41161,54.491319],[-57.659779,54.488634],[-57.707021,54.475287],[-57.686635,54.465562],[-57.452626,54.467882],[-57.419016,54.461005],[-57.436676,54.449327],[-57.462229,54.462999],[-57.500193,54.463813],[-57.530751,54.453559],[-57.54186,54.447333],[-57.519195,54.434638],[-57.531117,54.42475],[-57.63386,54.383409],[-57.678334,54.377427],[-57.795766,54.392076],[-57.847076,54.37934],[-57.879058,54.393378],[-58.186147,54.358588],[-58.187571,54.344468],[-58.242299,54.324937],[-58.261301,54.310167],[-58.22053,54.31273],[-58.137196,54.331488],[-58.097401,54.331855],[-58.179351,54.297187],[-58.194651,54.303412],[-58.247629,54.290269],[-58.227162,54.263007],[-58.236318,54.256212],[-58.324859,54.253038],[-58.468088,54.233629],[-58.562896,54.20775],[-58.681223,54.15705],[-58.727406,54.145697],[-58.878733,54.147284],[-59.001576,54.120551],[-59.130849,54.107408],[-59.187001,54.086859],[-59.234242,54.082261],[-59.267934,54.066718],[-59.398305,54.049425],[-59.515696,54.063788],[-59.579661,54.05036],[-59.59142,54.043891],[-59.582997,54.038398],[-59.524485,54.026353],[-59.522532,54.005357],[-59.510813,54.001166],[-59.441233,54.015977],[-59.302846,54.018378],[-59.120595,54.054877],[-58.964223,54.074286],[-58.768951,54.12519],[-58.69811,54.124376],[-58.54308,54.194078],[-58.526031,54.190863],[-58.456044,54.20067],[-58.394887,54.236558],[-58.371165,54.228217],[-58.410512,54.209052],[-58.464101,54.153673],[-58.523101,54.128363],[-58.562896,54.084825],[-58.626332,54.044298],[-58.705434,54.032701],[-58.858388,54.050116],[-59.042714,54.030219],[-59.042714,54.022773],[-58.919789,54.015977],[-58.974517,53.971503],[-59.011708,53.957628],[-59.034332,53.95246],[-59.102366,53.953111],[-59.216542,53.930732],[-59.302113,53.894273],[-59.364858,53.879381],[-59.427113,53.84455],[-59.441233,53.844672],[-59.474517,53.828111],[-59.531646,53.821641],[-59.639231,53.824164],[-59.791331,53.847968],[-59.843984,53.844672],[-59.865956,53.838975],[-59.878774,53.824164],[-59.868276,53.817572],[-59.813954,53.81391],[-59.8072,53.798448],[-59.822987,53.79328],[-59.900014,53.795518],[-60.001576,53.780097],[-60.06371,53.762071],[-60.13268,53.783149],[-60.078033,53.737372],[-60.016591,53.714301],[-60.016591,53.708075],[-60.069203,53.709296],[-60.094146,53.700385],[-60.112172,53.617784],[-60.071034,53.566474],[-60.074086,53.554551],[-60.111643,53.546617],[-60.136098,53.529364],[-60.149159,53.555732],[-60.229888,53.574897],[-60.338735,53.625556],[-60.388539,53.667914],[-60.43871,53.677191],[-60.502553,53.708075],[-60.691274,53.738511],[-60.736399,53.757921],[-60.801666,53.772284],[-60.821278,53.779731],[-60.859446,53.83515],[-60.879303,53.831],[-60.863515,53.815416],[-60.86144,53.795762],[-60.883046,53.758653],[-60.934316,53.728258],[-60.920277,53.714301],[-60.899973,53.710924],[-60.835276,53.727973],[-60.722279,53.708075],[-60.636708,53.703843],[-60.441151,53.646064],[-60.410797,53.621812],[-60.356313,53.607245],[-60.275746,53.561998],[-60.181508,53.541002],[-60.101633,53.502021],[-60.06371,53.508857],[-60.049794,53.497789],[-60.037099,53.439927],[-60.081207,53.459703],[-60.13268,53.461046],[-60.20165,53.440253],[-60.285471,53.397203],[-60.345204,53.382392],[-60.365387,53.351793],[-60.397084,53.370103],[-60.405873,53.366034],[-60.40982,53.34809],[-60.381744,53.336982],[-60.259592,53.344428],[-60.204742,53.35456],[-60.187896,53.351793],[-60.181264,53.336371],[-60.208119,53.31977],[-60.276031,53.296576],[-60.347157,53.281358],[-60.420644,53.275458],[-60.420644,53.268622],[-60.302113,53.271796],[-60.247629,53.279975],[-60.169993,53.305487],[-60.128977,53.275458],[-60.103261,53.283149],[-60.091054,53.30622],[-60.13976,53.31566],[-60.153147,53.32392],[-60.142649,53.333686],[-60.029042,53.3581],[-59.899281,53.461046],[-59.874908,53.446601],[-59.884023,53.482164],[-59.873118,53.487738],[-59.809438,53.474433],[-59.783803,53.481513],[-59.783803,53.488349],[-59.808339,53.494859],[-59.860707,53.499701],[-59.882192,53.512559],[-59.891225,53.530585],[-59.879465,53.538153],[-59.75475,53.523993],[-59.607249,53.5338],[-59.511098,53.555406],[-59.454213,53.598212],[-59.389272,53.626899],[-59.367828,53.652411],[-59.329986,53.657172],[-59.317047,53.686998],[-59.295155,53.687445],[-59.269399,53.665351],[-59.218373,53.693223],[-59.207183,53.694444],[-59.176829,53.672716],[-59.151112,53.674628],[-59.11734,53.687812],[-59.076812,53.686998],[-59.066965,53.721137],[-59.022206,53.714301],[-59.015452,53.749091],[-59.007965,53.749091],[-59.05016,53.755235],[-59.048899,53.781806],[-59.070668,53.796251],[-59.050038,53.8133],[-59.003977,53.829291],[-58.880238,53.897284],[-58.853139,53.941962],[-58.840688,53.947089],[-58.748525,53.953843],[-58.657948,53.972846],[-58.526967,54.015082],[-58.322743,54.052476],[-58.289133,54.066596],[-58.220326,54.063788],[-58.155873,54.093817],[-58.128082,54.097886],[-57.81843,54.066107],[-57.795766,54.071234],[-57.795562,54.083564],[-57.85143,54.101874],[-57.951039,54.101264],[-58.037831,54.129462],[-58.150624,54.14057],[-58.225819,54.128363],[-58.292307,54.091986],[-58.321767,54.092841],[-58.344472,54.112128],[-58.39684,54.12755],[-58.415517,54.140448],[-58.391021,54.184312],[-58.356068,54.209581],[-58.330149,54.214545],[-58.252309,54.209174],[-58.228505,54.235704],[-58.198883,54.24018],[-58.097401,54.228217],[-58.074818,54.236762],[-58.011586,54.239732],[-57.935129,54.2119],[-57.90095,54.209337],[-57.877675,54.214545],[-57.861684,54.202989],[-57.767812,54.214545],[-57.782094,54.20775],[-57.770253,54.197333],[-57.699859,54.200303],[-57.603383,54.187323],[-57.617014,54.166815],[-57.548818,54.186957],[-57.528879,54.173651],[-57.466176,54.200303],[-57.390533,54.154039],[-57.398508,54.132636],[-57.356923,54.139472],[-57.365387,54.108507],[-57.342681,54.067328],[-57.262034,53.978013],[-57.233998,53.961371],[-57.15803,53.951117],[-57.144643,53.934027],[-57.200754,53.939765],[-57.216949,53.930284],[-57.21345,53.879096],[-57.144643,53.844672],[-57.091705,53.835557],[-57.075795,53.824164],[-57.104726,53.823432],[-57.13036,53.831],[-57.137807,53.824164],[-57.107981,53.804063],[-57.106923,53.794257],[-57.150136,53.784532],[-57.155263,53.77204],[-57.124135,53.741645],[-57.15274,53.739936],[-57.203277,53.719428],[-57.255523,53.708808],[-57.336415,53.672716],[-57.457102,53.648627],[-57.51769,53.6258],[-57.549387,53.590766],[-57.497385,53.603583],[-57.446278,53.625556],[-57.441965,53.610663],[-57.453725,53.598212],[-57.377024,53.607245],[-57.329661,53.584581],[-57.317779,53.585191],[-57.343861,53.543565],[-57.319814,53.543158],[-57.306142,53.534491],[-57.309153,53.495185],[-57.377431,53.433702],[-57.333079,53.447374],[-57.281158,53.439927],[-57.2919,53.469346],[-57.269154,53.489447],[-57.135365,53.550401],[-57.146881,53.571397],[-57.165761,53.562852],[-57.13036,53.587714],[-57.133127,53.621039],[-57.074574,53.636949],[-57.060658,53.649888],[-57.068959,53.66649],[-56.983469,53.727484],[-56.946034,53.735419],[-56.885854,53.720079],[-56.815053,53.733385],[-56.795237,53.721137],[-56.784291,53.73371],[-56.757232,53.727647],[-56.745229,53.733344],[-56.754262,53.749091],[-56.715403,53.752305],[-56.6433,53.719224],[-56.596018,53.714301],[-56.596018,53.721137],[-56.631337,53.741645],[-56.631337,53.749091],[-56.61026,53.749091],[-56.617665,53.769517],[-56.594879,53.756578],[-56.545074,53.776353],[-56.479888,53.790025],[-56.436513,53.767524],[-56.424062,53.753404],[-56.439565,53.741645],[-56.41161,53.727973],[-56.427398,53.721625],[-56.49352,53.721137],[-56.544057,53.712144],[-56.606191,53.678656],[-56.726918,53.686998],[-56.709096,53.675727],[-56.632721,53.660346],[-56.59732,53.645575],[-56.431142,53.617377],[-56.398264,53.617865],[-56.348622,53.63642],[-56.314809,53.629828],[-56.260162,53.604438],[-56.280995,53.59748],[-56.327382,53.604926],[-56.350168,53.598212],[-56.330393,53.590766],[-56.250234,53.584581],[-56.182362,53.599433],[-56.158355,53.598212],[-56.134145,53.586371],[-56.036244,53.58043],[-55.979604,53.549791],[-55.993886,53.529364],[-55.98644,53.522528],[-56.015492,53.504014],[-56.027415,53.508857],[-56.02123,53.522528],[-56.052887,53.524604],[-56.062164,53.529364],[-56.041086,53.5362],[-56.069692,53.545762],[-56.197499,53.560289],[-56.239735,53.560411],[-56.263499,53.553656],[-56.240305,53.5362],[-56.052846,53.478502],[-56.03067,53.461249],[-56.034901,53.433702],[-55.965932,53.412665],[-55.965932,53.40644],[-56.005727,53.394355],[-56.041086,53.371649],[-56.014272,53.365912],[-55.952301,53.398993],[-55.924672,53.401557],[-55.85676,53.371649],[-55.85676,53.364854],[-55.890248,53.351793],[-55.843088,53.351793],[-55.816518,53.340399],[-55.812082,53.330064],[-55.911366,53.309638],[-55.889882,53.304267],[-55.838287,53.306464],[-55.819203,53.299669],[-55.808217,53.279364],[-55.863596,53.248155],[-55.81078,53.233751],[-55.794667,53.235175],[-55.773061,53.259263],[-55.757436,53.261786],[-55.745473,53.255601],[-55.794749,53.205756],[-55.843088,53.214667],[-55.810943,53.183824],[-55.760813,53.173529],[-55.774159,53.166205],[-55.746897,53.145738],[-55.828765,53.097357],[-55.945465,53.118476],[-55.945465,53.111029],[-55.90217,53.102403],[-55.877187,53.07685],[-55.886464,53.053412],[-55.931386,53.025824],[-55.982045,53.025458],[-56.058746,53.04267],[-56.165191,53.035875],[-56.165191,53.028428],[-56.082021,53.022203],[-56.104888,52.996772],[-56.137278,52.987494],[-56.122792,52.97309],[-56.109527,52.970811],[-56.051137,53.00434],[-55.940541,52.994615],[-55.904164,52.983507],[-55.884023,52.96015],[-55.911366,52.953966],[-55.834788,52.92357],[-55.843088,52.899359],[-55.812856,52.877021],[-55.802113,52.840684],[-55.811635,52.83043],[-55.871002,52.83043],[-55.897694,52.816759],[-55.978383,52.8133],[-56.000111,52.795722],[-55.925038,52.795722],[-55.975168,52.777899],[-56.027415,52.78266],[-56.061391,52.799018],[-56.162465,52.817979],[-56.13683,52.786851],[-56.03775,52.754869],[-56.02123,52.734239],[-56.027415,52.721259],[-56.005198,52.72016],[-55.965932,52.687079],[-55.946523,52.680487],[-55.887115,52.687079],[-55.798411,52.687079],[-55.777577,52.681098],[-55.759023,52.656195],[-55.73941,52.652289],[-55.746409,52.642808],[-55.780385,52.631822],[-55.753733,52.624986],[-55.802113,52.597724],[-55.817291,52.613511],[-55.884023,52.611396],[-55.940297,52.639757],[-56.047678,52.659288],[-56.097239,52.662177],[-56.124257,52.645453],[-56.016998,52.641547],[-55.978139,52.617743],[-56.048492,52.577216],[-56.011545,52.576361],[-55.98644,52.556708],[-56.016957,52.55268],[-56.068105,52.568915],[-56.117096,52.57038],[-56.21817,52.540269],[-56.298492,52.572618],[-56.363189,52.584052],[-56.427317,52.58039],[-56.453765,52.595038],[-56.500356,52.597724],[-56.450063,52.574286],[-56.35261,52.568793],[-56.266713,52.53856],[-56.163075,52.536363],[-56.140696,52.54857],[-56.075795,52.542426],[-56.040639,52.545356],[-56.01065,52.518012],[-55.911366,52.507676],[-55.828765,52.521959],[-55.843088,52.494615],[-55.768707,52.499213],[-55.74059,52.492906],[-55.758616,52.44953],[-55.679351,52.44953],[-55.647572,52.443183],[-55.662668,52.403917],[-55.644887,52.39289],[-55.653879,52.365058],[-55.671742,52.3581],[-55.685902,52.360419],[-55.744211,52.387274],[-55.808258,52.385443],[-55.767323,52.350653],[-55.770985,52.339667],[-55.783559,52.33869],[-55.978098,52.382148],[-56.169097,52.443712],[-56.19872,52.446845],[-56.16511,52.416571],[-56.116811,52.399034],[-56.02538,52.391913],[-55.962514,52.367743],[-55.943837,52.346381],[-55.822581,52.330186],[-55.822581,52.322699],[-55.85676,52.309638],[-55.85676,52.303453],[-55.820058,52.308214],[-55.808258,52.303453],[-55.815785,52.296007],[-55.780385,52.296007],[-55.767323,52.281806],[-55.70934,52.296007],[-55.730092,52.272447],[-55.774037,52.262152],[-55.794667,52.24079],[-55.705922,52.255072],[-55.616526,52.220323],[-55.638173,52.213121],[-55.705922,52.220323],[-55.741444,52.212348],[-55.75121,52.224799],[-55.780385,52.206651],[-55.69225,52.186143],[-55.706614,52.145982],[-55.684804,52.11168],[-55.712066,52.090644],[-55.772532,52.092231],[-55.802113,52.083726],[-55.761138,52.056464],[-55.810129,52.022528],[-55.887441,52.006903],[-55.93578,52.020453],[-55.965932,52.021674],[-55.897694,51.970445],[-55.902984,51.94953],[-55.934193,51.925238],[-56.037994,51.898139],[-56.081207,51.870551],[-56.116811,51.864],[-56.2329,51.787299],[-56.350168,51.778673],[-56.375315,51.748358],[-56.41161,51.73371],[-56.437611,51.74433],[-56.452748,51.742906],[-56.475657,51.705797],[-56.578969,51.657416],[-56.682485,51.648139],[-56.70759,51.579413],[-56.736806,51.574449],[-56.76061,51.562079],[-56.777333,51.537543],[-56.810536,51.526801],[-56.802073,51.514594],[-56.825347,51.489976],[-56.859731,51.475653],[-56.896108,51.47724],[-56.925526,51.500922],[-56.95287,51.473619],[-56.940907,51.446601],[-56.966542,51.425238],[-57.029286,51.424994],[-57.048451,51.419013],[-57.056752,51.427843],[-57.100331,51.419013],[-57.162017,51.424913],[-57.171986,51.415595],[-57.189809,51.418809],[-57.224233,51.439805],[-57.246327,51.468329],[-57.227203,51.494086],[-57.249989,51.508287],[-57.359202,51.492255],[-57.398508,51.480414],[-57.437611,51.485704],[-57.453725,51.480414],[-57.442047,51.467882],[-57.449696,51.448676],[-57.466176,51.445665],[-57.483876,51.467393],[-57.500885,51.453111],[-57.603383,51.432685],[-57.576039,51.467393],[-57.59557,51.465522],[-57.626698,51.444648],[-57.678538,51.434394],[-57.690907,51.449042],[-57.685902,51.480414],[-57.748525,51.46308],[-57.770741,51.408271],[-57.791982,51.407945],[-57.799306,51.416205],[-57.795766,51.439521],[-57.841786,51.409776],[-57.876861,51.40058],[-57.977651,51.329657],[-58.040151,51.313666],[-58.049631,51.319688],[-58.124745,51.296088],[-58.152008,51.302314],[-58.181874,51.284369],[-58.234039,51.276923],[-58.25178,51.280341],[-58.261301,51.296088],[-58.254791,51.329169],[-58.260325,51.334947],[-58.289174,51.336412],[-58.27123,51.327623],[-58.299143,51.291205],[-58.289174,51.27501],[-58.333323,51.277655],[-58.412262,51.308417],[-58.453684,51.316596],[-58.59024,51.251085],[-58.595855,51.268378],[-58.608713,51.278388],[-58.62267,51.27733],[-58.631825,51.261339],[-58.618153,51.233385],[-58.653676,51.236518],[-58.663482,51.257148],[-58.67748,51.244208],[-58.656484,51.210924],[-58.59024,51.186225],[-58.603871,51.18358],[-58.62564,51.151475],[-58.670155,51.141832],[-58.716379,51.106513],[-58.779408,51.09337],[-58.789459,51.096869],[-58.809967,51.077582],[-58.822092,51.077704],[-58.830434,51.090033],[-58.850942,51.055284],[-58.836334,51.053331],[-58.830434,51.041612],[-58.892486,50.994452],[-58.912017,50.998236],[-58.885081,51.041612],[-58.895497,51.054999],[-58.932729,51.049058],[-58.974436,51.021104],[-58.998362,51.022325],[-59.007965,51.01496],[-58.996653,51.004136],[-58.963857,51.008124],[-58.954579,51.003119],[-58.974436,50.953477],[-58.953969,50.939195],[-58.966949,50.898261],[-58.940297,50.884589],[-58.967519,50.877021],[-58.953969,50.829332],[-58.961334,50.820665],[-58.983469,50.810533],[-58.993276,50.790839],[-59.029652,50.780951],[-59.007965,50.761054],[-59.03775,50.752427],[-59.066965,50.762397],[-59.089101,50.784369],[-59.097971,50.811957],[-59.063222,50.863471],[-59.073842,50.894355],[-59.098256,50.871568],[-59.125315,50.802069],[-59.186025,50.758002],[-59.202789,50.73192],[-59.254994,50.761054],[-59.270619,50.718695],[-59.317494,50.701606],[-59.34439,50.675116],[-59.364858,50.664862],[-59.419504,50.664862],[-59.424062,50.652167],[-59.405832,50.644395],[-59.415598,50.631944],[-59.450795,50.627021],[-59.468414,50.592475],[-59.451264,50.584265],[-59.423179,50.584368],[-59.410497,50.572409],[-59.423984,50.540013],[-59.454106,50.533749],[-59.495996,50.537405],[-59.510109,50.546255],[-59.55663,50.52025],[-59.581532,50.484076],[-59.594472,50.479315],[-59.652211,50.4737],[-59.725331,50.457139],[-59.755849,50.4383],[-59.768056,50.445014],[-59.791005,50.440416],[-59.80309,50.445746],[-59.88561,50.376899],[-59.88561,50.370673],[-59.858306,50.363837],[-59.862416,50.340522],[-59.854726,50.331855],[-59.840932,50.328437],[-59.822133,50.356635],[-59.817291,50.346422],[-59.82726,50.32807],[-59.850657,50.313585],[-59.934967,50.284166],[-59.944325,50.261094],[-59.966949,50.272406],[-60.016754,50.244696],[-60.039418,50.243232],[-60.06371,50.253974],[-60.0985,50.240302],[-60.134877,50.212999],[-60.13268,50.232856],[-60.173655,50.232856],[-60.155507,50.2508],[-60.153472,50.288398],[-60.176991,50.287462],[-60.199045,50.275743],[-60.24649,50.234687],[-60.269846,50.240302],[-60.235015,50.274482],[-60.263295,50.270941],[-60.276031,50.294908],[-60.293691,50.246527],[-60.349843,50.253241],[-60.365387,50.246527],[-60.354115,50.233588],[-60.365387,50.22602],[-60.382069,50.243109],[-60.409088,50.254584],[-60.438385,50.241807],[-60.447336,50.246527],[-60.441151,50.26081],[-60.499176,50.253974],[-60.540435,50.22602],[-60.599924,50.216376],[-60.62206,50.223009],[-60.618642,50.253974],[-60.667063,50.22602],[-60.722279,50.22602],[-60.714833,50.240302],[-60.736236,50.240343],[-60.794057,50.204657],[-60.821278,50.222235],[-60.838368,50.219794],[-60.815541,50.248969],[-60.776926,50.26081],[-60.802642,50.267076],[-60.835561,50.256334],[-60.93456,50.199327],[-60.955068,50.219794],[-60.98233,50.212388],[-61.026112,50.22724],[-61.048695,50.221747],[-61.050649,50.205552],[-61.078521,50.212388],[-61.105865,50.205552],[-61.119537,50.192491],[-61.160634,50.201728],[-61.153066,50.185045],[-61.225413,50.205552],[-61.31135,50.199327],[-61.427724,50.168647],[-61.506256,50.158149],[-61.585032,50.129991],[-61.717885,50.100043],[-61.784291,50.103135],[-61.784291,50.109931],[-61.595611,50.158393],[-61.581654,50.163764],[-61.57608,50.187364],[-61.592519,50.192491],[-61.610911,50.174506],[-61.694936,50.158393],[-61.747711,50.138251],[-61.776763,50.134141],[-61.804799,50.14411],[-61.796742,50.172065],[-61.863189,50.23017],[-61.92455,50.232856],[-61.961578,50.241278],[-61.982737,50.230536],[-62.023915,50.22602],[-62.133778,50.240302],[-62.212473,50.241767],[-62.280507,50.263373],[-62.326975,50.289171],[-62.383616,50.277899],[-62.390289,50.294501],[-62.412424,50.290595],[-62.434804,50.267646],[-62.450551,50.265489],[-62.479482,50.281236],[-62.595693,50.277289],[-62.750722,50.287462],[-62.750722,50.294908],[-62.709137,50.30919],[-62.709137,50.315416],[-62.778066,50.30268],[-62.791656,50.30919],[-62.798655,50.299018],[-62.832631,50.287462],[-62.852447,50.294257],[-62.959625,50.288194],[-62.993072,50.313422],[-63.017649,50.315416],[-63.052398,50.287462],[-63.110422,50.294908],[-63.176666,50.290147],[-63.16161,50.26081],[-63.20287,50.245103],[-63.25064,50.240302],[-63.334788,50.250312],[-63.360219,50.246527],[-63.395009,50.219794],[-63.420644,50.21898],[-63.442209,50.222886],[-63.447906,50.242133],[-63.485015,50.263536],[-63.536285,50.266832],[-63.603505,50.253974],[-63.637685,50.274482],[-63.6704,50.270331],[-63.682362,50.274482],[-63.709625,50.301744],[-63.767974,50.301744],[-63.80899,50.315416],[-63.989166,50.306952],[-64.095855,50.29088],[-64.144765,50.267646],[-64.247467,50.270697],[-64.348622,50.288031],[-64.389963,50.310045],[-64.445424,50.322943],[-64.470041,50.322252],[-64.532623,50.298407],[-64.629384,50.284044],[-64.87682,50.27265],[-64.902008,50.287462],[-64.916005,50.288275],[-64.937815,50.282823],[-65.033803,50.284166],[-65.151031,50.298896],[-65.191314,50.287299],[-65.25829,50.322252],[-65.299916,50.30919],[-65.456899,50.301744],[-65.531606,50.284125],[-65.624338,50.276964],[-65.737172,50.257432],[-65.83849,50.260484],[-65.929189,50.292833],[-65.964223,50.293199],[-65.995025,50.277899],[-66.046539,50.22602],[-66.079172,50.222276],[-66.087758,50.230333],[-66.080719,50.246527],[-66.103383,50.244086],[-66.105214,50.228013],[-66.087514,50.192491],[-66.161855,50.195787],[-66.21288,50.217719],[-66.252024,50.219794],[-66.357045,50.201402],[-66.409413,50.22248],[-66.413075,50.264228],[-66.429555,50.273139],[-66.46817,50.2685],[-66.529286,50.230333],[-66.54955,50.19831],[-66.512074,50.164618],[-66.445139,50.175889],[-66.430165,50.172065],[-66.434885,50.157538],[-66.466135,50.142686],[-66.497385,50.146308],[-66.533193,50.158393],[-66.574127,50.158393],[-66.63561,50.185045],[-66.622548,50.150946],[-66.665924,50.134752],[-66.74592,50.053656],[-66.76594,50.041083],[-66.813954,50.027533],[-66.912099,50.011298],[-66.950917,49.986436],[-66.978871,49.944892],[-66.965932,49.915391],[-66.991363,49.903144],[-67.026601,49.842393],[-67.044911,49.828315],[-67.091176,49.849311],[-67.131459,49.831285],[-67.181549,49.754869],[-67.170033,49.677965],[-67.22525,49.623358],[-67.245107,49.568101],[-67.231597,49.513983],[-67.245107,49.458848],[-67.376332,49.339219],[-67.401112,49.329698],[-67.549306,49.331244],[-67.583323,49.327501],[-67.615061,49.314887],[-67.628977,49.321275],[-67.735463,49.314887],[-67.774648,49.303575],[-67.814076,49.280219],[-67.917714,49.292955],[-68.026438,49.286689],[-68.054555,49.294379],[-68.082428,49.26024],[-68.122385,49.271348],[-68.164377,49.205634],[-68.197865,49.205634],[-68.228871,49.191962],[-68.300893,49.198188],[-68.300893,49.191962],[-68.253977,49.16706],[-68.190541,49.167467],[-68.18106,49.124457],[-68.219635,49.112006],[-68.325429,49.098456],[-68.376617,49.069037],[-68.408925,49.061754],[-68.444325,49.061632],[-68.382069,49.099921],[-68.369781,49.115587],[-68.371897,49.140326],[-68.406484,49.163682],[-68.40331,49.184516],[-68.444325,49.198188],[-68.430165,49.183905],[-68.407053,49.123033],[-68.451772,49.095771],[-68.515004,49.069892],[-68.595082,49.054755],[-68.615102,49.039496],[-68.644521,48.991156],[-68.636098,48.965399],[-68.698801,48.944892],[-68.688629,48.932359],[-68.655426,48.929633],[-68.643544,48.91767],[-68.795318,48.907416],[-68.814809,48.88288],[-68.883127,48.847032],[-68.949615,48.825751],[-68.974436,48.788194],[-69.055735,48.773505],[-69.069569,48.756212],[-69.117909,48.630561],[-69.144439,48.600531],[-69.191558,48.58869],[-69.22053,48.596503],[-69.229482,48.592108],[-69.267812,48.54328],[-69.287831,48.499335],[-69.289377,48.464586],[-69.32551,48.425279],[-69.404449,48.362738],[-69.446645,48.29621],[-69.492421,48.281928],[-69.547841,48.245429],[-69.575185,48.245429],[-69.582021,48.225531],[-69.676015,48.149888],[-69.712758,48.144477],[-69.747141,48.156684],[-69.819895,48.161933],[-69.882314,48.221137],[-69.985097,48.278428],[-70.144358,48.273383],[-70.211008,48.315009],[-70.283518,48.333319],[-70.369211,48.374132],[-70.392893,48.376939],[-70.43517,48.362982],[-70.634389,48.396837],[-70.692983,48.392808],[-70.766713,48.435004],[-70.792063,48.437812],[-70.824127,48.431749],[-70.877553,48.44953],[-70.987213,48.465155],[-71.069814,48.444648],[-70.973622,48.451483],[-70.887603,48.421617],[-70.805898,48.407457],[-70.788482,48.395697],[-70.792063,48.379747],[-70.838531,48.36461],[-70.891672,48.362738],[-70.865631,48.324164],[-70.826772,48.32567],[-70.781809,48.348456],[-70.744496,48.355333],[-70.600494,48.356431],[-70.545277,48.362738],[-70.477528,48.356431],[-70.443227,48.34276],[-70.345855,48.326036],[-70.334299,48.321234],[-70.323842,48.301093],[-70.28775,48.307481],[-70.23058,48.272773],[-70.162953,48.245063],[-70.092641,48.234849],[-70.027659,48.252875],[-69.950307,48.230821],[-69.906239,48.207261],[-69.870025,48.156684],[-69.846669,48.142768],[-69.735951,48.122504],[-69.742421,48.105536],[-69.774403,48.074774],[-69.794911,47.988715],[-69.825836,47.969957],[-69.835276,47.91706],[-69.894195,47.85163],[-69.932037,47.773057],[-69.979848,47.746405],[-70.034495,47.697333],[-70.099721,47.668077],[-70.130605,47.667304],[-70.144358,47.656358],[-70.137115,47.642279],[-70.199574,47.595526],[-70.210113,47.528388],[-70.236887,47.495592],[-70.302235,47.469428],[-70.407379,47.453355],[-70.459096,47.430487],[-70.486928,47.44477],[-70.506907,47.379625],[-70.533762,47.359565],[-70.597727,47.249416],[-70.634389,47.218166],[-70.714955,47.11758],[-70.791656,47.072414],[-70.920318,47.037218],[-70.956858,47.020657],[-71.191029,46.858059],[-71.231923,46.798407],[-71.30248,46.758857],[-71.353993,46.739],[-71.463206,46.734483],[-71.51476,46.724718],[-71.720204,46.670071],[-71.772043,46.670071],[-71.812652,46.683743],[-71.880523,46.69066],[-72.013743,46.607733],[-72.055409,46.594346],[-72.141916,46.580715],[-72.227935,46.553371],[-72.258046,46.470852],[-72.296783,46.450995],[-72.337148,46.443508],[-72.392649,46.419176],[-72.440785,46.411933],[-72.46227,46.40233],[-72.602528,46.301337],[-72.64509,46.286526],[-72.737864,46.286526],[-72.844472,46.264797],[-72.994496,46.210801],[-72.985951,46.195299],[-73.022043,46.109605],[-73.071645,46.089748],[-73.158559,46.074856],[-73.179311,46.053046],[-73.204091,45.983466],[-73.262318,45.902248],[-73.289906,45.875067],[-73.355865,45.841539],[-73.372548,45.811184],[-73.420277,45.765123],[-73.495432,45.727891],[-73.677398,45.708157],[-73.755442,45.676378],[-73.862701,45.592637],[-73.909535,45.534735],[-73.94579,45.523993],[-73.979237,45.49844],[-74.043446,45.483995],[-74.104848,45.485012],[-74.14745,45.494371],[-74.199045,45.530911],[-74.306956,45.525539],[-74.334869,45.537014],[-74.359527,45.559475],[-74.379465,45.561632],[-74.329701,45.50967],[-74.101471,45.463446],[-74.037709,45.438463],[-74.016103,45.450426],[-74.008656,45.436184],[-74.014719,45.420315],[-74.001943,45.396104],[-73.961537,45.354234],[-74.013499,45.328437],[-74.109364,45.32746],[-74.15331,45.320136],[-74.211334,45.264879],[-74.233754,45.262112],[-74.321441,45.225002],[-74.346181,45.220567],[-74.413401,45.182278],[-74.454335,45.175442],[-74.493642,45.146226],[-74.526275,45.091132],[-74.653066,45.042548],[-74.712961,44.999254],[-74.741557,44.998857],[-74.868474,45.010122],[-74.88651,45.009398],[-74.903744,45.005213],[-74.940201,44.987746],[-74.998647,44.972398],[-75.0149,44.96599],[-75.058721,44.941031],[-75.075594,44.935501],[-75.129647,44.925166],[-75.270233,44.863774],[-75.341831,44.816749],[-75.455958,44.741766],[-75.578199,44.661513],[-75.69969,44.581673],[-75.754622,44.527567],[-75.791183,44.496768],[-75.830948,44.464315],[-75.845417,44.439046],[-75.855701,44.422044],[-75.870325,44.408608],[-75.898696,44.399978],[-76.067264,44.347992],[-76.149792,44.304532],[-76.178679,44.278642],[-76.178059,44.272131],[-76.169739,44.247688],[-76.169325,44.242365],[-76.185758,44.225674],[-76.206636,44.217405],[-76.317172,44.185056],[-76.327765,44.18149],[-76.337119,44.173739],[-76.341356,44.165781],[-76.344405,44.158184],[-76.350089,44.151725],[-76.454631,44.084235],[-76.797194,43.64527],[-76.841532,43.625504],[-78.688086,43.631808],[-78.750821,43.617055],[-79.17431,43.464532],[-79.091628,43.342523],[-79.058425,43.277799],[-79.053775,43.260358],[-79.048607,43.170622],[-79.04933,43.159847],[-79.051604,43.146851],[-79.055583,43.138427],[-79.061423,43.130288],[-79.065738,43.120237],[-79.065273,43.105897],[-79.062947,43.096544],[-79.055532,43.087888],[-79.041863,43.07546],[-79.030753,43.066804],[-79.02326,43.058071],[-79.022019,43.049415],[-79.028246,43.034506],[-79.031967,43.013422],[-79.022019,43.002234],[-79.008351,42.991046],[-78.98352,42.976138],[-78.959956,42.966216],[-78.93634,42.96004],[-78.915256,42.947612],[-78.909055,42.930223],[-78.918951,42.889244],[-78.963057,42.840125],[-79.019384,42.802686],[-80.246596,42.365477],[-81.276662,42.208665],[-82.424861,41.676811],[-82.451319,41.671902],[-82.666913,41.669086],[-82.711122,41.680248],[-83.068413,41.847731],[-83.097378,41.875765],[-83.123449,41.920336],[-83.157012,42.000435],[-83.159493,42.046324],[-83.139649,42.115854],[-83.135929,42.200268],[-83.128513,42.239955],[-83.109832,42.272279],[-83.079963,42.305067],[-83.040353,42.331862],[-82.943511,42.355478],[-82.83282,42.398008],[-82.800135,42.41798],[-82.644331,42.557817],[-82.608467,42.561098],[-82.575833,42.571795],[-82.549246,42.590941],[-82.526224,42.619906],[-82.511264,42.646675],[-82.48341,42.719254],[-82.476951,42.761474],[-82.471344,42.779845],[-82.470982,42.790568],[-82.473618,42.798164],[-82.485271,42.818524],[-82.482325,42.835113],[-82.468036,42.863974],[-82.464781,42.883637],[-82.453179,42.918983],[-82.430442,42.951307],[-82.414603,42.983243],[-82.416412,43.017143],[-82.411089,43.051275],[-82.153611,43.549591],[-82.145446,43.600647],[-82.532141,45.293516],[-82.54829,45.334598],[-82.588778,45.371805],[-83.483974,45.771937],[-83.636867,45.773944],[-83.510247,45.932391],[-83.465857,45.993111],[-83.462808,46.007787],[-83.474099,46.023135],[-83.492031,46.037088],[-83.508826,46.047371],[-83.565437,46.09078],[-83.613884,46.115636],[-83.664837,46.11915],[-83.766536,46.106489],[-83.839296,46.119202],[-83.856427,46.115739],[-83.930738,46.066957],[-83.9473,46.0606],[-83.964586,46.063184],[-84.014169,46.115998],[-84.021042,46.151603],[-84.055821,46.171446],[-84.086801,46.201212],[-84.096774,46.224828],[-84.099229,46.237231],[-84.099229,46.250873],[-84.10667,46.27697],[-84.114138,46.295573],[-84.119098,46.314228],[-84.112897,46.327871],[-84.10543,46.347741],[-84.129046,46.375026],[-84.147676,46.399882],[-84.158812,46.433343],[-84.110443,46.526464],[-84.147676,46.541346],[-84.197285,46.546359],[-84.242011,46.526464],[-84.30534,46.501607],[-84.352469,46.522743],[-84.389702,46.520262],[-84.42324,46.511581],[-84.448096,46.489722],[-84.465408,46.478172],[-84.478301,46.466467],[-84.492176,46.456881],[-84.512304,46.451636],[-84.541295,46.452825],[-84.566565,46.461196],[-84.589406,46.475123],[-84.773322,46.633434],[-84.854196,46.861172],[-84.87869,46.897914],[-86.00857,47.370365],[-86.53231,47.581903],[-88.347264,48.298655],[-88.407906,48.304055],[-88.642724,48.25659],[-89.340382,47.984152],[-89.387097,47.980535],[-89.461847,47.994539],[-89.593105,47.996503],[-89.65659,48.007975],[-89.678656,48.008699],[-89.712788,48.003376],[-89.724596,48.005908],[-89.745964,48.013763],[-89.763302,48.017303],[-89.780975,48.017199],[-89.803454,48.013763],[-89.902441,47.985909],[-89.92045,47.98746],[-89.980317,48.010094],[-89.995329,48.018595],[-90.008222,48.029731],[-90.061036,48.091019],[-90.073257,48.101199],[-90.120386,48.115359],[-90.178625,48.116444],[-90.470623,48.089882],[-90.477858,48.091536],[-90.483465,48.094482],[-90.490493,48.096239],[-90.501887,48.094275],[-90.542014,48.083733],[-90.573872,48.097892],[-90.586843,48.104817],[-90.611079,48.103499],[-90.701307,48.08456],[-90.750347,48.083991],[-90.786469,48.10045],[-90.796701,48.117064],[-90.803057,48.147166],[-90.812307,48.160989],[-90.823883,48.168327],[-90.83427,48.171789],[-90.848843,48.198713],[-90.837939,48.210547],[-90.840678,48.220107],[-90.873802,48.234344],[-90.923153,48.227109],[-91.008109,48.194372],[-91.02816,48.184838],[-91.071103,48.170859],[-91.203963,48.107659],[-91.23807,48.082648],[-91.276362,48.064768],[-91.3654,48.057843],[-91.427929,48.036449],[-91.446274,48.040738],[-91.464722,48.048955],[-91.487098,48.053476],[-91.574845,48.048205],[-91.586989,48.052572],[-91.585129,48.06084],[-91.579806,48.070969],[-91.589676,48.088332],[-91.618615,48.089572],[-91.692512,48.097866],[-91.716438,48.112051],[-91.695509,48.13758],[-91.727575,48.168327],[-91.744137,48.179593],[-91.764988,48.187344],[-91.852244,48.195974],[-91.975492,48.236566],[-91.992158,48.247909],[-92.007997,48.262482],[-92.021355,48.287441],[-92.030114,48.313176],[-92.043421,48.334596],[-92.070499,48.346714],[-92.154732,48.350125],[-92.259118,48.339635],[-92.281598,48.33178],[-92.303095,48.310928],[-92.301416,48.290645],[-92.291029,48.249562],[-92.327874,48.229435],[-92.353815,48.222897],[-92.371851,48.222587],[-92.38464,48.232406],[-92.41823,48.282041],[-92.451381,48.312685],[-92.462465,48.329299],[-92.467064,48.353225],[-92.467581,48.394282],[-92.474532,48.410483],[-92.490629,48.433117],[-92.526932,48.445623],[-92.570521,48.446656],[-92.657053,48.438233],[-92.677129,48.441747],[-92.704052,48.445158],[-92.718909,48.459782],[-92.710641,48.482882],[-92.691366,48.489858],[-92.627468,48.502777],[-92.630181,48.519468],[-92.648604,48.536263],[-92.72555,48.548692],[-92.884197,48.579878],[-92.955588,48.612228],[-92.97972,48.61768],[-93.131701,48.62463],[-93.25774,48.630314],[-93.385716,48.614863],[-93.417316,48.604114],[-93.451475,48.597422],[-93.453774,48.586958],[-93.45225,48.572721],[-93.459924,48.557399],[-93.491756,48.542309],[-93.566584,48.538279],[-93.599889,48.526341],[-93.616297,48.531302],[-93.756779,48.516549],[-93.778664,48.519468],[-93.809386,48.543576],[-93.835741,48.617137],[-93.874885,48.636206],[-94.03485,48.643311],[-94.23215,48.652019],[-94.251038,48.65729],[-94.252459,48.662405],[-94.255767,48.683541],[-94.258454,48.690828],[-94.265482,48.697752],[-94.274499,48.704108],[-94.284034,48.709069],[-94.292586,48.711912],[-94.311577,48.713927],[-94.4795,48.700698],[-94.519161,48.70447],[-94.592852,48.726433],[-94.688893,48.778832],[-94.701786,48.790098],[-94.710907,48.807513],[-94.713284,48.823843],[-94.712147,48.842446],[-94.711734,48.862755],[-94.711217,48.914586],[-94.753772,49.026156],[-94.792039,49.12646],[-94.803743,49.146407],[-94.811185,49.166561],[-94.806121,49.210899],[-94.810358,49.229606],[-94.819892,49.252034],[-94.827256,49.292858],[-94.839142,49.308878],[-94.856195,49.318283],[-94.926087,49.345568],[-94.982518,49.356162],[-95.102821,49.35394],[-95.160569,49.369494]]],[[[-67.176015,45.178656],[-67.254986,45.205045],[-67.277207,45.195072],[-67.284648,45.169699],[-67.31922,45.153886],[-67.356272,45.165926],[-67.390533,45.193108],[-67.427585,45.236568],[-67.471303,45.266282],[-67.475024,45.282353],[-67.468668,45.301835],[-67.459056,45.318424],[-67.434561,45.350308],[-67.428825,45.38705],[-67.48231,45.455521],[-67.493214,45.493142],[-67.467531,45.508283],[-67.42619,45.533449],[-67.422107,45.568796],[-67.431306,45.597941],[-67.449961,45.610809],[-67.475799,45.612979],[-67.506392,45.609827],[-67.551867,45.610447],[-67.607522,45.620059],[-67.660336,45.637371],[-67.690773,45.653804],[-67.704829,45.664191],[-67.710462,45.675404],[-67.72798,45.692251],[-67.740744,45.683621],[-67.748031,45.677781],[-67.761776,45.680107],[-67.786116,45.691217],[-67.80012,45.699847],[-67.807045,45.71287],[-67.811127,45.76651],[-67.80627,45.781754],[-67.794126,45.799169],[-67.779863,45.815706],[-67.772835,45.828057],[-67.776091,45.840821],[-67.792627,45.858907],[-67.799242,45.875651],[-67.787356,45.890017],[-67.769425,45.903969],[-67.757849,45.919472],[-67.759658,45.928567],[-67.767461,45.935957],[-67.776556,45.942933],[-67.782757,45.95053],[-67.784566,45.960142],[-67.78715,46.094552],[-67.789733,46.229014],[-67.792317,46.363476],[-67.794849,46.497861],[-67.797433,46.632297],[-67.800017,46.766785],[-67.802549,46.901247],[-67.805185,47.035631],[-67.808699,47.075138],[-67.813556,47.081908],[-67.854742,47.09785],[-67.870607,47.107358],[-67.899132,47.138778],[-67.943419,47.164538],[-67.949982,47.172936],[-67.953703,47.18663],[-67.962436,47.197689],[-67.993184,47.223217],[-68.039382,47.245231],[-68.101446,47.286185],[-68.115398,47.292282],[-68.145061,47.301455],[-68.156068,47.306674],[-68.184335,47.333133],[-68.197047,47.341401],[-68.24645,47.360573],[-68.299728,47.367833],[-68.347839,47.358506],[-68.382049,47.32781],[-68.383392,47.307139],[-68.385614,47.301713],[-68.410212,47.297424],[-68.422563,47.293109],[-68.435327,47.291275],[-68.466746,47.305692],[-68.492016,47.307553],[-68.518009,47.304762],[-68.539662,47.299853],[-68.58524,47.28249],[-68.607926,47.269829],[-68.6256,47.255205],[-68.644203,47.245283],[-68.668801,47.243422],[-68.71779,47.245231],[-68.761819,47.23704],[-68.889718,47.190609],[-68.906229,47.190221],[-69.0402,47.249055],[-69.057486,47.269467],[-69.06356,47.290809],[-69.065134,47.296339],[-69.066193,47.32967],[-69.054333,47.389253],[-69.054023,47.418399],[-69.069655,47.431886],[-69.221972,47.459688],[-69.237268,47.45881],[-69.25091,47.452919],[-69.267628,47.439844],[-69.357906,47.350134],[-69.448159,47.260346],[-69.538464,47.17061],[-69.628794,47.080797],[-69.719099,46.991086],[-69.809403,46.901299],[-69.899708,46.811562],[-69.989961,46.721697],[-70.007763,46.704075],[-70.023628,46.661287],[-70.032723,46.609766],[-70.050086,46.511271],[-70.061817,46.445409],[-70.074323,46.419545],[-70.153052,46.372829],[-70.167418,46.368179],[-70.188398,46.358412],[-70.197028,46.336863],[-70.199509,46.315262],[-70.201886,46.305495],[-70.223693,46.300793],[-70.236173,46.288339],[-70.253407,46.251493],[-70.280899,46.211857],[-70.284801,46.191859],[-70.263329,46.183229],[-70.249247,46.162765],[-70.244002,46.141009],[-70.24948,46.120597],[-70.26444,46.106593],[-70.30033,46.089281],[-70.312629,46.079566],[-70.311362,46.071866],[-70.304774,46.065975],[-70.300795,46.061737],[-70.296092,46.057862],[-70.293017,46.054038],[-70.29201,46.048663],[-70.294309,46.044943],[-70.303637,46.038483],[-70.306143,46.035331],[-70.316892,45.999002],[-70.316298,45.982982],[-70.303947,45.968616],[-70.280434,45.959315],[-70.263148,45.956834],[-70.255939,45.948876],[-70.262528,45.923038],[-70.283173,45.890482],[-70.312654,45.867641],[-70.389807,45.825059],[-70.409935,45.810745],[-70.415232,45.804389],[-70.41717,45.793795],[-70.413682,45.787697],[-70.408282,45.781651],[-70.403941,45.771161],[-70.402442,45.749663],[-70.407351,45.731525],[-70.419315,45.716901],[-70.439132,45.705893],[-70.450424,45.703723],[-70.4728,45.703568],[-70.484763,45.699641],[-70.514735,45.681709],[-70.572406,45.662279],[-70.589614,45.651788],[-70.686792,45.572723],[-70.730329,45.507973],[-70.732009,45.491591],[-70.722836,45.470921],[-70.707385,45.4564],[-70.668162,45.439036],[-70.650257,45.427461],[-70.641316,45.408496],[-70.65359,45.395473],[-70.696739,45.388652],[-70.718004,45.397282],[-70.75255,45.422345],[-70.794873,45.430406],[-70.825982,45.410459],[-70.833837,45.393096],[-70.835465,45.373097],[-70.835258,45.309794],[-70.870243,45.283129],[-70.874351,45.245663],[-70.892412,45.234604],[-70.906908,45.246232],[-70.951608,45.332014],[-70.968118,45.34452],[-70.993155,45.347827],[-71.016539,45.343125],[-71.027598,45.33465],[-71.036667,45.323385],[-71.054418,45.310362],[-71.064211,45.307055],[-71.084952,45.304293],[-71.085553,45.304213],[-71.095242,45.300905],[-71.111029,45.287108],[-71.141725,45.252329],[-71.160329,45.245767],[-71.185133,45.248557],[-71.20937,45.254758],[-71.293396,45.292327],[-71.334323,45.28871],[-71.3521,45.278323],[-71.381245,45.250779],[-71.394888,45.241529],[-71.449045,45.226905],[-71.42269,45.217189],[-71.406567,45.204942],[-71.413026,45.186184],[-71.441604,45.150682],[-71.445996,45.140295],[-71.451215,45.121691],[-71.45659,45.110994],[-71.497259,45.066553],[-71.504752,45.052962],[-71.506613,45.037045],[-71.50408,45.013739],[-71.505848,45.013731],[-71.603816,45.013274],[-71.703551,45.012757],[-71.803287,45.012241],[-71.903074,45.011776],[-72.00281,45.011259],[-72.102545,45.010794],[-72.202229,45.010329],[-72.301964,45.00976],[-72.401752,45.009295],[-72.501487,45.00883],[-72.601274,45.008313],[-72.700958,45.007797],[-72.800694,45.007331],[-72.900481,45.006866],[-73.000268,45.00635],[-73.099952,45.005885],[-73.199687,45.005419],[-73.299423,45.004903],[-73.351341,45.004634],[-73.399158,45.004386],[-73.49892,45.003921],[-73.598655,45.003404],[-73.698417,45.002939],[-73.798152,45.002474],[-73.897888,45.001957],[-73.997649,45.00144],[-74.097385,45.000975],[-74.197146,45.000458],[-74.296881,44.999993],[-74.396617,44.999477],[-74.496352,44.999012],[-74.596114,44.998495],[-74.695875,44.99803],[-74.712961,44.999254],[-74.634918,45.014024],[-74.473541,45.067125],[-74.436838,45.08633],[-74.407135,45.114651],[-74.399566,45.144761],[-74.36734,45.154364],[-74.329498,45.178087],[-74.219472,45.197577],[-74.145619,45.233954],[-74.048451,45.23253],[-74.004384,45.245185],[-73.964345,45.267808],[-73.889231,45.337144],[-73.857533,45.340074],[-73.77595,45.381496],[-73.73469,45.418606],[-73.687367,45.43122],[-73.604604,45.422512],[-73.569163,45.428046],[-73.557281,45.414293],[-73.518951,45.426256],[-73.502553,45.447903],[-73.502594,45.463446],[-73.522694,45.504462],[-73.522043,45.539944],[-73.490387,45.584093],[-73.460601,45.608059],[-73.446929,45.642239],[-73.456858,45.672431],[-73.448842,45.704495],[-73.412831,45.751532],[-73.259348,45.854112],[-73.217275,45.89883],[-73.206532,45.915595],[-73.207387,45.970567],[-73.178049,46.004014],[-73.156117,46.049709],[-73.139801,46.058336],[-73.040598,46.073594],[-72.932607,46.144395],[-72.909413,46.135647],[-72.876047,46.136623],[-72.731028,46.176622],[-72.669423,46.215155],[-72.670644,46.247382],[-72.556264,46.305732],[-72.495961,46.3605],[-72.398061,46.396389],[-72.274322,46.420559],[-72.241567,46.443508],[-72.189931,46.526231],[-72.102447,46.560207],[-72.007395,46.571397],[-71.960439,46.614854],[-71.905019,46.63996],[-71.867096,46.666653],[-71.845693,46.66828],[-71.76061,46.634182],[-71.714182,46.632188],[-71.30248,46.745185],[-71.243723,46.775458],[-71.205068,46.787014],[-71.157948,46.840806],[-71.115346,46.85338],[-71.019114,46.851549],[-70.973622,46.861884],[-70.919667,46.897569],[-70.901926,46.902899],[-70.856923,46.895413],[-70.815338,46.91649],[-70.774322,46.91649],[-70.727162,46.956448],[-70.60025,46.997056],[-70.534901,47.010565],[-70.388173,47.115871],[-70.28661,47.209133],[-70.194895,47.315294],[-70.07608,47.368964],[-70.050364,47.40001],[-70.031077,47.469591],[-70.000356,47.499376],[-69.959381,47.512397],[-69.934234,47.537177],[-69.900746,47.5456],[-69.802235,47.622382],[-69.588775,47.814032],[-69.561879,47.82807],[-69.55016,47.843858],[-69.555287,47.872382],[-69.548004,47.889594],[-69.445465,47.991889],[-69.361318,48.013007],[-69.323964,48.030585],[-69.253651,48.092353],[-69.152333,48.146674],[-69.054433,48.232367],[-68.964711,48.287787],[-68.844553,48.342719],[-68.824778,48.365831],[-68.80606,48.372423],[-68.726064,48.37641],[-68.638539,48.431952],[-68.561594,48.451483],[-68.523346,48.470771],[-68.463287,48.528917],[-68.425038,48.547065],[-68.353586,48.555976],[-68.313873,48.586982],[-68.205637,48.641913],[-68.132721,48.652533],[-68.060292,48.693834],[-67.962026,48.701646],[-67.671254,48.817857],[-67.603342,48.832384],[-67.546783,48.862372],[-67.42516,48.873603],[-67.361806,48.903998],[-67.117543,48.96308],[-66.879628,49.046495],[-66.62206,49.122626],[-66.526519,49.133368],[-66.219309,49.207872],[-66.054921,49.224677],[-65.882802,49.224677],[-65.684153,49.24254],[-65.565785,49.266466],[-65.39623,49.261054],[-65.277008,49.244452],[-64.96349,49.219306],[-64.877797,49.195421],[-64.822621,49.189032],[-64.71345,49.138861],[-64.613393,49.123033],[-64.552561,49.097357],[-64.438832,49.02912],[-64.396474,49.011827],[-64.350494,48.975653],[-64.298736,48.959215],[-64.281646,48.934394],[-64.221181,48.894355],[-64.206451,48.869574],[-64.216786,48.828233],[-64.174875,48.784491],[-64.155344,48.774237],[-64.168813,48.761827],[-64.227366,48.800971],[-64.303334,48.830268],[-64.529652,48.882392],[-64.559397,48.88288],[-64.477447,48.841905],[-64.477447,48.835679],[-64.539215,48.830024],[-64.53893,48.821397],[-64.521596,48.817003],[-64.460072,48.828233],[-64.397206,48.821357],[-64.374094,48.791693],[-64.418324,48.791205],[-64.429067,48.780463],[-64.417388,48.774604],[-64.388051,48.780463],[-64.327952,48.755845],[-64.278188,48.725816],[-64.235422,48.678087],[-64.20519,48.666978],[-64.175038,48.644477],[-64.16218,48.629625],[-64.25768,48.619208],[-64.278188,48.58869],[-64.278879,48.561265],[-64.221547,48.533677],[-64.188832,48.526597],[-64.22053,48.495836],[-64.305531,48.469428],[-64.326039,48.437812],[-64.312367,48.431586],[-64.329091,48.419623],[-64.444488,48.406846],[-64.545155,48.387519],[-64.683217,48.340318],[-64.723256,48.335395],[-64.704701,48.323717],[-64.70401,48.307481],[-64.731313,48.284003],[-64.779368,48.204047],[-64.908844,48.177191],[-64.938466,48.177314],[-64.960357,48.18769],[-64.963531,48.174994],[-64.949818,48.149848],[-64.987864,48.125963],[-65.18102,48.042833],[-65.285553,48.012641],[-65.4322,48.003282],[-65.477406,48.020087],[-65.487172,48.041327],[-65.503407,48.052069],[-65.577219,48.064032],[-65.667633,48.095811],[-65.783844,48.115587],[-65.819976,48.12995],[-65.858713,48.159369],[-65.890452,48.1706],[-65.895741,48.225531],[-65.912953,48.200792],[-65.953033,48.19538],[-66.067047,48.101996],[-66.09557,48.097154],[-66.183095,48.115709],[-66.286855,48.114488],[-66.299794,48.108222],[-66.265045,48.101996],[-66.274729,48.073106],[-66.290028,48.065172],[-66.30663,48.081529],[-66.325307,48.081163],[-66.34142,48.101996],[-66.376129,48.114203],[-66.473297,48.120103],[-66.51537,48.1081],[-66.542795,48.058661],[-66.585072,48.061265],[-66.599965,48.044745],[-66.632192,48.054267],[-66.663482,48.033759],[-66.698801,48.024034],[-66.84789,47.998969],[-66.834096,47.992906],[-66.731516,47.986518],[-66.68578,48.007636],[-66.613515,48.01085],[-66.557607,48.038194],[-66.385894,48.075141],[-66.355295,48.069281],[-66.361928,48.040595],[-66.345123,48.02143],[-66.319,48.011054],[-66.261952,48.005845],[-66.238352,47.985175],[-66.215932,47.993232],[-65.970855,47.923896],[-65.866119,47.916938],[-65.81786,47.907416],[-65.772206,47.882921],[-65.7412,47.848578],[-65.689687,47.724677],[-65.628814,47.67064],[-65.669179,47.656358],[-65.667104,47.645331],[-65.635732,47.62226],[-65.591054,47.669176],[-65.566762,47.677476],[-65.477406,47.683702],[-65.363637,47.76203],[-65.284983,47.781684],[-65.20934,47.819688],[-65.025746,47.849595],[-64.977773,47.841986],[-65.054555,47.803046],[-65.073354,47.779893],[-64.990224,47.790635],[-64.906117,47.810736],[-64.826283,47.815497],[-64.800038,47.809272],[-64.785959,47.793565],[-64.789703,47.771308],[-64.809438,47.76142],[-64.860463,47.759385],[-64.860463,47.75255],[-64.785959,47.738959],[-64.778472,47.711005],[-64.763905,47.708075],[-64.758656,47.75255],[-64.735707,47.764472],[-64.718251,47.761583],[-64.668609,47.732123],[-64.75121,47.700751],[-64.757639,47.686387],[-64.812611,47.677476],[-64.799631,47.663804],[-64.811757,47.653266],[-64.799631,47.642686],[-64.814036,47.621568],[-64.892161,47.56151],[-64.908844,47.519843],[-64.874094,47.519843],[-64.924469,47.467475],[-64.929311,47.450914],[-64.915151,47.464789],[-64.867828,47.485704],[-64.908844,47.355333],[-64.908844,47.402533],[-64.927887,47.393378],[-64.960357,47.344794],[-64.959625,47.294298],[-64.973988,47.286444],[-65.042958,47.275214],[-65.061269,47.251939],[-65.098459,47.236436],[-65.122548,47.202745],[-65.331451,47.100572],[-65.367543,47.094631],[-65.367543,47.087795],[-65.244781,47.081895],[-65.203033,47.094631],[-65.213206,47.052069],[-65.206451,47.04678],[-65.149037,47.053697],[-65.0631,47.090562],[-65.032338,47.094631],[-65.015004,47.088528],[-64.99828,47.06505],[-64.984527,47.059882],[-64.96524,47.063096],[-64.936757,47.087795],[-64.908559,47.09276],[-64.825429,47.089097],[-64.799631,47.08161],[-64.82551,47.063544],[-64.807607,47.015245],[-64.806467,46.985419],[-64.852651,46.962714],[-64.895172,46.91649],[-64.905832,46.886868],[-64.904368,46.858751],[-64.8815,46.806627],[-64.844309,46.76317],[-64.792144,46.724718],[-64.818918,46.724758],[-64.839426,46.716864],[-64.851918,46.700832],[-64.854237,46.676337],[-64.832672,46.699368],[-64.80191,46.695624],[-64.75121,46.670071],[-64.757924,46.690294],[-64.749176,46.699815],[-64.732167,46.698798],[-64.713612,46.687161],[-64.705393,46.65176],[-64.717397,46.555976],[-64.690256,46.538642],[-64.677724,46.500556],[-64.71109,46.480455],[-64.689768,46.464016],[-64.668609,46.470852],[-64.654652,46.46369],[-64.620229,46.435126],[-64.613393,46.419298],[-64.614613,46.382229],[-64.627675,46.354153],[-64.645497,46.340399],[-64.70401,46.327501],[-64.672597,46.327379],[-64.657216,46.321031],[-64.627675,46.333645],[-64.574941,46.33869],[-64.579905,46.347968],[-64.558502,46.369127],[-64.536529,46.351467],[-64.523427,46.321601],[-64.528391,46.305732],[-64.555328,46.29857],[-64.563588,46.27969],[-64.559397,46.223782],[-64.514027,46.239407],[-64.405426,46.238105],[-64.380605,46.223782],[-64.347157,46.231269],[-64.253285,46.234442],[-64.185048,46.210191],[-64.16275,46.195136],[-64.169057,46.183458],[-64.151275,46.166327],[-64.127431,46.169827],[-64.110911,46.186835],[-64.082672,46.159288],[-64.037994,46.183458],[-63.973215,46.183458],[-63.946278,46.178778],[-63.894276,46.156643],[-63.813059,46.140286],[-63.771108,46.11522],[-63.791819,46.099514],[-63.860463,46.087266],[-63.894643,46.059963],[-64.063791,46.061754],[-64.072743,46.059963],[-64.079701,46.036526],[-64.093251,46.03262],[-64.04186,45.991116],[-64.007721,46.005032],[-63.904856,45.980333],[-63.870269,45.96247],[-63.866689,45.936428],[-63.824859,45.925198],[-63.805898,45.888658],[-63.758941,45.885403],[-63.715891,45.86815],[-63.757476,45.847032],[-63.736155,45.841864],[-63.690297,45.853095],[-63.668691,45.847032],[-63.669749,45.823391],[-63.652252,45.836819],[-63.659088,45.873847],[-63.628774,45.862291],[-63.593007,45.875067],[-63.491933,45.882636],[-63.439117,45.875596],[-63.408599,45.854478],[-63.483144,45.860704],[-63.438059,45.838446],[-63.428538,45.826565],[-63.447581,45.821357],[-63.504262,45.826565],[-63.522817,45.819444],[-63.51594,45.810899],[-63.496327,45.806952],[-63.476918,45.813544],[-63.428538,45.799872],[-63.415435,45.813544],[-63.353993,45.799872],[-63.259104,45.815904],[-63.229848,45.806057],[-63.301666,45.775539],[-63.347239,45.766506],[-63.380727,45.771959],[-63.372792,45.757188],[-63.294789,45.725653],[-63.287953,45.724189],[-63.281646,45.741116],[-63.257192,45.758897],[-63.257192,45.737169],[-63.195709,45.765123],[-63.188873,45.778795],[-63.1822,45.766262],[-63.20523,45.745917],[-63.202545,45.737169],[-63.189809,45.736396],[-63.117299,45.763007],[-63.065419,45.758897],[-63.070465,45.778428],[-63.084055,45.790269],[-63.120676,45.806057],[-63.100657,45.811347],[-62.777415,45.765123],[-62.674957,45.771959],[-62.695953,45.76081],[-62.756947,45.758897],[-62.728831,45.744371],[-62.682362,45.742092],[-62.633412,45.717353],[-62.702992,45.686916],[-62.770579,45.674425],[-62.791656,45.642239],[-62.765004,45.661729],[-62.748769,45.664049],[-62.73644,45.65526],[-62.749745,45.61286],[-62.706614,45.655585],[-62.656809,45.627753],[-62.647043,45.642239],[-62.672353,45.656236],[-62.664703,45.679796],[-62.624745,45.682278],[-62.612904,45.69066],[-62.565745,45.683173],[-62.544667,45.662706],[-62.526357,45.658271],[-62.475738,45.662706],[-62.509145,45.614976],[-62.493398,45.608059],[-62.470448,45.614488],[-62.435211,45.642686],[-62.376943,45.662177],[-62.361684,45.673326],[-62.370961,45.682522],[-62.383372,45.68008],[-62.44164,45.65526],[-62.416127,45.679104],[-62.270334,45.703721],[-62.060048,45.807969],[-61.98884,45.863023],[-61.948801,45.881822],[-61.911488,45.888983],[-61.897369,45.871649],[-61.921457,45.850735],[-61.919993,45.829942],[-61.887847,45.737698],[-61.894154,45.703721],[-61.876291,45.692694],[-61.836497,45.68122],[-61.794911,45.652899],[-61.707834,45.623277],[-61.684397,45.621731],[-61.642161,45.641506],[-61.626047,45.635403],[-61.648508,45.634182],[-61.648061,45.626817],[-61.619781,45.614325],[-61.609934,45.639146],[-61.589019,45.645413],[-61.575103,45.672675],[-61.558013,45.683661],[-61.492543,45.69066],[-61.47053,45.683092],[-61.437245,45.649807],[-61.399973,45.632636],[-61.36974,45.580797],[-61.358876,45.577704],[-61.338694,45.552843],[-61.262929,45.511868],[-61.237213,45.505764],[-61.236806,45.468004],[-61.248525,45.453111],[-61.352895,45.413398],[-61.372792,45.40884],[-61.374094,45.421251],[-61.388092,45.418036],[-61.42984,45.391995],[-61.482655,45.374742],[-61.461537,45.354844],[-61.450754,45.349351],[-61.136871,45.354234],[-60.998647,45.333157],[-60.971181,45.31387],[-60.968658,45.271633],[-60.983062,45.271308],[-60.996002,45.292141],[-61.036977,45.299628],[-61.016469,45.271633],[-61.024078,45.263007],[-61.047231,45.254625],[-61.062978,45.23253],[-61.078521,45.237535],[-61.071156,45.223944],[-61.11974,45.213446],[-61.139394,45.218004],[-61.153066,45.237535],[-61.119537,45.271633],[-61.164703,45.263658],[-61.179799,45.242499],[-61.174794,45.202786],[-61.212066,45.252997],[-61.246002,45.239488],[-61.263051,45.239163],[-61.262929,45.251125],[-61.278554,45.254014],[-61.350575,45.217353],[-61.365061,45.201239],[-61.364613,45.189602],[-61.338694,45.189765],[-61.38915,45.16356],[-61.56786,45.147121],[-61.610585,45.150621],[-61.639638,45.175442],[-61.647288,45.156846],[-61.687123,45.17536],[-61.702382,45.169257],[-61.666168,45.149319],[-61.639638,45.120836],[-61.674428,45.114651],[-61.639638,45.093573],[-61.639638,45.087307],[-61.694936,45.091417],[-61.704335,45.107042],[-61.715443,45.100979],[-61.756418,45.100979],[-61.756418,45.079901],[-61.809722,45.100938],[-61.825266,45.099026],[-61.811635,45.079901],[-61.859364,45.079901],[-61.836171,45.056138],[-61.838938,45.046373],[-61.880483,45.053209],[-61.882395,45.034166],[-61.896881,45.030666],[-61.918446,45.03677],[-61.93517,45.053209],[-61.941314,45.024644],[-61.959462,45.036485],[-61.975738,45.036038],[-62.004018,45.010972],[-62.010243,45.032131],[-62.050608,45.010972],[-61.976064,44.991116],[-61.98884,44.984931],[-62.018219,44.984849],[-62.031321,44.991116],[-62.073394,44.972968],[-62.085927,44.977444],[-62.138539,44.968817],[-62.151519,44.975165],[-62.184926,44.956366],[-62.233754,44.959296],[-62.254547,44.952012],[-62.270334,44.929063],[-62.27774,44.93651],[-62.306142,44.920071],[-62.339182,44.922268],[-62.346018,44.908596],[-62.339182,44.894924],[-62.393422,44.910264],[-62.414906,44.894924],[-62.400624,44.881252],[-62.437164,44.868516],[-62.448394,44.833482],[-62.467152,44.841376],[-62.475738,44.901109],[-62.507151,44.863389],[-62.527089,44.855862],[-62.551503,44.86758],[-62.565745,44.840237],[-62.530995,44.80622],[-62.552724,44.800116],[-62.577789,44.833401],[-62.599233,44.826646],[-62.60676,44.837144],[-62.661366,44.80622],[-62.65392,44.792548],[-62.687245,44.80211],[-62.805328,44.785061],[-62.802602,44.761094],[-62.825836,44.751573],[-62.797922,44.729804],[-62.830434,44.71776],[-62.8426,44.716783],[-62.86384,44.73786],[-62.873606,44.723619],[-62.930247,44.740058],[-62.989491,44.711005],[-62.997141,44.71369],[-63.003977,44.737291],[-63.003977,44.771389],[-63.018544,44.777981],[-63.047027,44.766221],[-63.058583,44.778225],[-63.059316,44.763251],[-63.020985,44.726711],[-63.014027,44.710598],[-63.058583,44.675198],[-63.063059,44.718004],[-63.095611,44.729153],[-63.102651,44.784003],[-63.119374,44.790676],[-63.127431,44.785061],[-63.123891,44.734849],[-63.140492,44.68887],[-63.160471,44.705675],[-63.154775,44.729804],[-63.173248,44.721055],[-63.183176,44.691636],[-63.213938,44.68122],[-63.216217,44.703192],[-63.236684,44.737291],[-63.253245,44.711493],[-63.236684,44.68887],[-63.281321,44.643459],[-63.285146,44.627427],[-63.389068,44.643134],[-63.415435,44.655341],[-63.387563,44.668362],[-63.399037,44.682034],[-63.4169,44.682929],[-63.4558,44.668362],[-63.420644,44.648261],[-63.415435,44.633612],[-63.421702,44.613756],[-63.438954,44.59634],[-63.510162,44.624091],[-63.632639,44.712958],[-63.661855,44.716783],[-63.640126,44.676174],[-63.627756,44.668362],[-63.587554,44.664171],[-63.563547,44.634833],[-63.545155,44.593329],[-63.546498,44.550116],[-63.523264,44.518134],[-63.523793,44.503241],[-63.548573,44.473212],[-63.579335,44.463528],[-63.586903,44.469062],[-63.579335,44.484036],[-63.596181,44.487372],[-63.632802,44.440741],[-63.643707,44.449612],[-63.627756,44.469794],[-63.658111,44.475206],[-63.700836,44.467597],[-63.715891,44.456122],[-63.728627,44.475002],[-63.736928,44.469794],[-63.758372,44.48135],[-63.764882,44.504503],[-63.793365,44.468411],[-63.805898,44.47663],[-63.809438,44.490139],[-63.784779,44.531846],[-63.812123,44.511339],[-63.833974,44.524482],[-63.846832,44.518704],[-63.840077,44.504503],[-63.874013,44.498603],[-63.900543,44.498114],[-63.929433,44.511339],[-63.942494,44.534044],[-63.941721,44.554307],[-63.921986,44.593329],[-63.943023,44.62051],[-63.918609,44.634141],[-63.91511,44.64171],[-63.929433,44.647854],[-63.890859,44.679796],[-63.888417,44.696357],[-63.925852,44.674709],[-64.065989,44.634263],[-64.06192,44.586656],[-64.036692,44.570909],[-64.011342,44.511339],[-64.041249,44.52261],[-64.075836,44.47663],[-64.097076,44.474718],[-64.117502,44.487454],[-64.124013,44.521877],[-64.118764,44.537502],[-64.128041,44.554918],[-64.16218,44.579657],[-64.197621,44.580308],[-64.211497,44.571357],[-64.210561,44.552314],[-64.227366,44.537014],[-64.305531,44.565985],[-64.292551,44.545478],[-64.303863,44.542629],[-64.30134,44.50259],[-64.326039,44.47663],[-64.298736,44.469794],[-64.353912,44.456122],[-64.353668,44.445136],[-64.335601,44.429104],[-64.339711,44.415147],[-64.275299,44.415432],[-64.257721,44.408922],[-64.288238,44.400946],[-64.312367,44.387193],[-64.312367,44.381008],[-64.26065,44.380276],[-64.210561,44.367336],[-64.227935,44.3605],[-64.347157,44.367336],[-64.335764,44.34984],[-64.339711,44.332587],[-64.305043,44.32038],[-64.292551,44.326321],[-64.312367,44.339993],[-64.301666,44.343126],[-64.264556,44.332587],[-64.288808,44.29914],[-64.237294,44.29914],[-64.269032,44.267076],[-64.28661,44.258612],[-64.305531,44.271796],[-64.312367,44.264309],[-64.347157,44.292222],[-64.333485,44.29914],[-64.429067,44.339993],[-64.401601,44.312974],[-64.359039,44.29564],[-64.360178,44.271796],[-64.425649,44.233873],[-64.439605,44.199123],[-64.477447,44.182359],[-64.497914,44.140774],[-64.549184,44.161933],[-64.559397,44.148261],[-64.606191,44.158596],[-64.600413,44.148261],[-64.620839,44.140774],[-64.55427,44.130032],[-64.545766,44.117255],[-64.560943,44.079983],[-64.576487,44.069241],[-64.594146,44.079413],[-64.649159,44.058946],[-64.71703,44.058824],[-64.705393,44.045722],[-64.669423,44.035468],[-64.661773,44.014472],[-64.666982,43.99787],[-64.696685,43.990139],[-64.744537,43.957831],[-64.815663,43.954088],[-64.82844,43.930976],[-64.847401,43.929104],[-64.833323,43.913886],[-64.797109,43.894884],[-64.785959,43.874498],[-64.813954,43.874091],[-64.812611,43.852851],[-64.829579,43.844957],[-64.838979,43.829657],[-64.874094,43.867051],[-64.915028,43.880723],[-64.888336,43.846584],[-64.8815,43.811835],[-64.906606,43.804999],[-64.949818,43.867051],[-64.966786,43.873643],[-64.932485,43.80626],[-64.958241,43.765774],[-64.983957,43.75788],[-65.020416,43.816962],[-65.039174,43.832343],[-65.015981,43.758409],[-65.016591,43.727159],[-65.024973,43.716213],[-65.034413,43.712307],[-65.042877,43.7237],[-65.052846,43.720526],[-65.059682,43.703192],[-65.076975,43.710761],[-65.073069,43.744981],[-65.086985,43.75788],[-65.12857,43.674669],[-65.151235,43.689114],[-65.136586,43.727118],[-65.141591,43.751044],[-65.161244,43.715644],[-65.178456,43.710069],[-65.193674,43.724473],[-65.211741,43.77204],[-65.237864,43.805569],[-65.237864,43.784491],[-65.254709,43.775702],[-65.224599,43.718817],[-65.250356,43.673407],[-65.289296,43.674669],[-65.327219,43.696397],[-65.313547,43.743557],[-65.322987,43.765448],[-65.34081,43.75788],[-65.351471,43.736802],[-65.367543,43.743557],[-65.334299,43.670315],[-65.340647,43.617255],[-65.358062,43.603583],[-65.346059,43.587388],[-65.34081,43.544908],[-65.371246,43.579088],[-65.401682,43.565416],[-65.456899,43.599514],[-65.412953,43.538804],[-65.401682,43.503974],[-65.416168,43.500067],[-65.428944,43.544908],[-65.450103,43.560452],[-65.455434,43.534735],[-65.47232,43.523993],[-65.484242,43.524482],[-65.471425,43.493801],[-65.474843,43.470933],[-65.484242,43.47191],[-65.504018,43.502834],[-65.546783,43.532294],[-65.545644,43.555976],[-65.565989,43.574042],[-65.669179,43.497138],[-65.689687,43.51081],[-65.729563,43.513495],[-65.738108,43.531317],[-65.731597,43.56273],[-65.739573,43.576728],[-65.752349,43.586534],[-65.744944,43.55858],[-65.754384,43.551663],[-65.778147,43.568183],[-65.771555,43.668809],[-65.779042,43.688951],[-65.788808,43.691067],[-65.806996,43.654771],[-65.792348,43.633938],[-65.79955,43.60635],[-65.814809,43.631578],[-65.819976,43.709377],[-65.847971,43.751044],[-65.861643,43.805569],[-65.868479,43.805569],[-65.861643,43.77086],[-65.877187,43.769599],[-65.909413,43.819241],[-65.937164,43.825995],[-65.941274,43.819892],[-65.929921,43.805569],[-65.971344,43.780097],[-65.996653,43.854071],[-66.003651,43.809719],[-65.963368,43.737291],[-65.979604,43.705959],[-65.991322,43.703192],[-65.983144,43.719468],[-65.983795,43.729315],[-65.991607,43.731106],[-66.004994,43.7237],[-66.006418,43.699856],[-66.023793,43.698065],[-66.030873,43.73668],[-66.042144,43.746405],[-66.055531,43.740871],[-66.060211,43.716213],[-66.074208,43.729315],[-66.073232,43.767727],[-66.079416,43.772366],[-66.121693,43.743557],[-66.133656,43.809719],[-66.111155,43.84752],[-66.118276,43.852851],[-66.128489,43.849514],[-66.149566,43.825507],[-66.149241,43.852444],[-66.155914,43.859971],[-66.170074,43.860256],[-66.170074,43.894395],[-66.149566,43.932237],[-66.162913,43.975653],[-66.150258,44.010403],[-66.18342,44.084052],[-66.194325,44.092597],[-66.210439,44.085557],[-66.210317,44.105699],[-66.187652,44.17121],[-66.158681,44.200548],[-66.142161,44.23078],[-66.113678,44.34337],[-66.09496,44.374172],[-66.046742,44.406643],[-66.032541,44.436754],[-65.965972,44.489244],[-65.84789,44.556505],[-65.840484,44.573391],[-65.84911,44.586819],[-65.913157,44.579657],[-65.942535,44.583401],[-66.196767,44.390937],[-66.180328,44.434434],[-65.998769,44.579657],[-65.888905,44.630764],[-65.785878,44.696357],[-65.756337,44.657294],[-65.757069,44.610907],[-65.729604,44.609198],[-65.692291,44.620714],[-65.624989,44.66649],[-65.601552,44.696357],[-65.594106,44.68887],[-65.536733,44.73664],[-65.428944,44.778225],[-65.447255,44.781073],[-65.615346,44.709133],[-65.67634,44.696357],[-65.74177,44.667833],[-65.758534,44.682685],[-65.723459,44.727444],[-65.456899,44.8546],[-65.397613,44.894884],[-65.358266,44.904364],[-65.231679,44.955186],[-65.180531,44.993232],[-65.022125,45.060167],[-64.863189,45.139553],[-64.714019,45.192369],[-64.51065,45.228583],[-64.441151,45.255764],[-64.415395,45.271633],[-64.395334,45.301622],[-64.417551,45.319648],[-64.497914,45.333808],[-64.477773,45.341132],[-64.415395,45.326321],[-64.348704,45.319444],[-64.329742,45.309556],[-64.31843,45.294908],[-64.320465,45.282945],[-64.351552,45.248114],[-64.367543,45.196601],[-64.352447,45.185207],[-64.357004,45.170762],[-64.388051,45.14879],[-64.36734,45.126125],[-64.367543,45.107815],[-64.34553,45.105862],[-64.326039,45.141995],[-64.305531,45.14879],[-64.223459,45.108385],[-64.151601,45.049791],[-64.155344,44.98371],[-64.135854,45.003241],[-64.106923,44.997952],[-64.119049,45.029893],[-64.100697,45.059394],[-64.136545,45.072903],[-64.183827,45.114325],[-64.19933,45.148668],[-64.165883,45.15941],[-64.165598,45.186021],[-64.115061,45.216051],[-64.024322,45.241441],[-63.96288,45.251125],[-63.905832,45.275784],[-63.825307,45.279608],[-63.80899,45.288723],[-63.801422,45.311021],[-63.760406,45.311265],[-63.736928,45.299628],[-63.715891,45.326321],[-63.674916,45.320136],[-63.578725,45.322333],[-63.524078,45.333808],[-63.504506,45.328681],[-63.469472,45.292141],[-63.460927,45.325019],[-63.433095,45.344875],[-63.360219,45.36107],[-63.391672,45.371649],[-63.528676,45.377834],[-63.593007,45.395168],[-63.815785,45.395168],[-63.848866,45.384589],[-63.890859,45.352891],[-63.910471,45.358873],[-63.908315,45.381496],[-63.936635,45.398505],[-64.013783,45.390448],[-64.052317,45.395168],[-64.037994,45.402004],[-64.065989,45.412991],[-64.105336,45.415147],[-64.182607,45.40884],[-64.275868,45.392076],[-64.312367,45.402004],[-64.314524,45.381944],[-64.347157,45.388983],[-64.388051,45.367296],[-64.435902,45.381496],[-64.458811,45.39997],[-64.576161,45.415635],[-64.619985,45.408515],[-64.672515,45.389024],[-64.707021,45.360582],[-64.696604,45.326321],[-64.717437,45.324612],[-64.758656,45.299628],[-64.768178,45.297268],[-64.768219,45.329983],[-64.822743,45.347968],[-64.859853,45.353013],[-64.89745,45.346503],[-64.929311,45.326321],[-64.935699,45.351223],[-64.9287,45.383043],[-64.902008,45.429999],[-64.853912,45.457261],[-64.799631,45.470852],[-64.833119,45.483995],[-64.648793,45.559068],[-64.645375,45.58633],[-64.572825,45.615343],[-64.484283,45.676378],[-64.457021,45.683173],[-64.429067,45.709866],[-64.439076,45.738511],[-64.432118,45.74787],[-64.398101,45.756252],[-64.378896,45.781155],[-64.380605,45.792385],[-64.305531,45.826565],[-64.29304,45.815782],[-64.294423,45.80504],[-64.33137,45.777167],[-64.333485,45.744615],[-64.30309,45.761868],[-64.264556,45.765123],[-64.27892,45.778632],[-64.305531,45.778795],[-64.274526,45.804511],[-64.276235,45.841783],[-64.321604,45.877834],[-64.347157,45.888658],[-64.36148,45.885077],[-64.365956,45.875963],[-64.35912,45.868069],[-64.339711,45.86815],[-64.339711,45.860704],[-64.369008,45.846747],[-64.419545,45.791164],[-64.464182,45.772773],[-64.480865,45.727891],[-64.513905,45.720608],[-64.545766,45.731594],[-64.526275,45.74254],[-64.508534,45.766181],[-64.490549,45.816718],[-64.531484,45.847032],[-64.531484,45.902248],[-64.548411,45.883612],[-64.560902,45.87873],[-64.572418,45.885606],[-64.629791,45.954495],[-64.678782,45.990953],[-64.689768,46.046291],[-64.726064,46.079088],[-64.748687,46.089911],[-64.764882,46.087266],[-64.696604,46.03262],[-64.707997,46.008043],[-64.703725,45.999376],[-64.656565,45.952948],[-64.635406,45.945217],[-64.613393,45.902248],[-64.572418,45.860704],[-64.585439,45.825914],[-64.676096,45.751532],[-64.641347,45.724189],[-64.689768,45.724189],[-64.707753,45.688951],[-64.729156,45.673326],[-64.771637,45.614325],[-64.784779,45.613186],[-64.795155,45.627305],[-64.817616,45.637437],[-64.904775,45.628241],[-64.942983,45.608059],[-64.994496,45.559068],[-65.184316,45.510403],[-65.315053,45.459215],[-65.489166,45.371649],[-65.519399,45.36461],[-65.544993,45.329576],[-65.61856,45.31566],[-65.660715,45.294542],[-65.697499,45.285224],[-65.752349,45.244371],[-65.793324,45.264879],[-65.826568,45.241685],[-65.909413,45.210273],[-65.995595,45.230292],[-66.018625,45.271633],[-66.039622,45.285142],[-66.135976,45.312649],[-66.033559,45.370429],[-66.001861,45.398586],[-65.998769,45.439561],[-66.009755,45.464342],[-66.05842,45.422675],[-66.09496,45.354234],[-66.121693,45.36107],[-66.164133,45.351874],[-66.196767,45.333808],[-66.154408,45.289618],[-66.128489,45.27912],[-66.070912,45.274482],[-66.060211,45.258043],[-66.115956,45.236721],[-66.140981,45.218085],[-66.142161,45.202786],[-66.189361,45.177802],[-66.202138,45.159491],[-66.231557,45.196601],[-66.249379,45.204657],[-66.310048,45.20482],[-66.327748,45.189765],[-66.248606,45.185289],[-66.258901,45.16177],[-66.283803,45.14997],[-66.342844,45.144395],[-66.358022,45.116604],[-66.392934,45.111233],[-66.428822,45.083726],[-66.454213,45.077053],[-66.464263,45.083604],[-66.460276,45.114732],[-66.490956,45.155626],[-66.550038,45.140286],[-66.660064,45.084621],[-66.692535,45.074612],[-66.718129,45.079901],[-66.710683,45.087307],[-66.724965,45.093573],[-66.731068,45.074774],[-66.745839,45.064521],[-66.78954,45.059394],[-66.797027,45.065823],[-66.780751,45.096829],[-66.80012,45.107815],[-66.803375,45.093411],[-66.841664,45.087307],[-66.888905,45.060696],[-66.911041,45.113918],[-66.899403,45.120836],[-66.84789,45.128323],[-66.86974,45.143948],[-66.916005,45.15469],[-66.943471,45.189765],[-66.970774,45.181993],[-66.985707,45.158759],[-67.021148,45.168362],[-67.040069,45.143826],[-67.045522,45.117174],[-67.049509,45.096422],[-67.040069,45.075629],[-67.065663,45.082546],[-67.086374,45.097642],[-67.124786,45.143785],[-67.131093,45.153835],[-67.134145,45.165066],[-67.140655,45.204617],[-67.162953,45.198513],[-67.167958,45.222602],[-67.190297,45.233181],[-67.176015,45.178656]]],[[[-66.97525,44.860745],[-66.98176,44.872463],[-66.958323,44.877672],[-66.933583,44.941474],[-66.904937,44.955797],[-66.893219,44.906317],[-66.901031,44.88939],[-66.930979,44.869859],[-66.91926,44.837307],[-66.938791,44.838609],[-66.97525,44.860745]]],[[[-66.963531,44.961005],[-66.985666,44.925849],[-67.005198,44.947984],[-67.016916,44.979234],[-66.973948,45.018297],[-66.954416,45.027411],[-66.938791,45.024807],[-66.947906,44.98314],[-66.963531,44.961005]]],[[[-55.877187,47.266018],[-55.89037,47.260891],[-55.92809,47.273424],[-55.949941,47.268134],[-55.948476,47.276597],[-55.919423,47.289008],[-55.863596,47.29328],[-55.859242,47.277086],[-55.843088,47.273424],[-55.871002,47.251654],[-55.877187,47.266018]]],[[[-54.122548,47.642727],[-54.151031,47.587795],[-54.160308,47.555732],[-54.156646,47.533515],[-54.244049,47.407701],[-54.27245,47.395697],[-54.351064,47.403022],[-54.362701,47.40998],[-54.259674,47.485745],[-54.217437,47.5397],[-54.214019,47.558539],[-54.246002,47.553941],[-54.239858,47.564399],[-54.170969,47.62226],[-54.184641,47.595526],[-54.170969,47.58808],[-54.126047,47.670111],[-54.122548,47.642727]]],[[[-55.925038,47.677476],[-55.937978,47.656928],[-55.924143,47.638739],[-55.877187,47.616034],[-55.903635,47.607082],[-55.957183,47.605902],[-56.040028,47.619818],[-56.064687,47.630439],[-56.097646,47.629788],[-56.109975,47.636542],[-56.108266,47.65412],[-56.083485,47.666164],[-55.969635,47.685777],[-55.9405,47.685614],[-55.925038,47.677476]]],[[[-54.095123,47.619127],[-54.081532,47.650133],[-54.081532,47.691148],[-54.061106,47.656399],[-54.065012,47.627997],[-54.081532,47.609198],[-54.078603,47.566067],[-54.062978,47.543443],[-54.06664,47.531724],[-54.081532,47.526679],[-54.071034,47.518256],[-54.081532,47.478217],[-54.0985,47.491848],[-54.088368,47.546536],[-54.10204,47.540269],[-54.095123,47.619127]]],[[[-53.567698,48.190823],[-53.543528,48.207017],[-53.521474,48.201239],[-53.514027,48.186754],[-53.533518,48.177191],[-53.520009,48.158149],[-53.553944,48.108222],[-53.533518,48.108222],[-53.5655,48.08218],[-53.618804,48.082099],[-53.718414,48.101996],[-53.810943,48.095201],[-53.875234,48.106513],[-53.88976,48.143622],[-53.928375,48.183336],[-53.931386,48.208441],[-53.92101,48.21662],[-53.862416,48.177191],[-53.841298,48.171373],[-53.769928,48.177191],[-53.704416,48.151597],[-53.67748,48.149848],[-53.567698,48.190823]]],[[[-54.65689,49.465725],[-54.685455,49.457587],[-54.677805,49.438381],[-54.698557,49.40766],[-54.730377,49.411282],[-54.749908,49.424262],[-54.753774,49.445217],[-54.740387,49.458889],[-54.699696,49.472602],[-54.679596,49.492906],[-54.657623,49.487454],[-54.64391,49.475328],[-54.65689,49.465725]]],[[[-55.725738,49.561916],[-55.65746,49.561916],[-55.657094,49.541449],[-55.678578,49.520697],[-55.708485,49.50849],[-55.733225,49.513495],[-55.735992,49.536851],[-55.725738,49.561916]]],[[[-55.578969,49.609687],[-55.572906,49.598131],[-55.640533,49.585517],[-55.670277,49.571112],[-55.714467,49.571479],[-55.725738,49.581773],[-55.702545,49.622545],[-55.671742,49.63703],[-55.651275,49.63703],[-55.65746,49.623358],[-55.631418,49.622463],[-55.629547,49.603461],[-55.590932,49.603461],[-55.578969,49.609687]]],[[[-54.883453,49.55508],[-54.897125,49.581773],[-54.884999,49.595201],[-54.851552,49.59101],[-54.835683,49.603461],[-54.795766,49.60102],[-54.780629,49.595893],[-54.795277,49.563625],[-54.776601,49.556098],[-54.732655,49.55508],[-54.672922,49.578681],[-54.660227,49.610907],[-54.633697,49.633775],[-54.615956,49.63703],[-54.630238,49.623358],[-54.614084,49.616116],[-54.539377,49.661038],[-54.544057,49.651801],[-54.529286,49.625067],[-54.546051,49.584784],[-54.607737,49.560736],[-54.718984,49.534613],[-54.73644,49.524359],[-54.744008,49.493801],[-54.781077,49.499823],[-54.852366,49.486518],[-54.876617,49.493598],[-54.84553,49.509833],[-54.806874,49.515611],[-54.840403,49.529771],[-54.859609,49.551663],[-54.883453,49.55508]]],[[[-54.276763,49.575588],[-54.291982,49.587388],[-54.307485,49.67178],[-54.252838,49.677965],[-54.269928,49.684475],[-54.280141,49.698432],[-54.26651,49.712714],[-54.287587,49.712714],[-54.269846,49.72724],[-54.244049,49.72606],[-54.197621,49.705268],[-54.205068,49.698432],[-54.191396,49.677965],[-54.182932,49.691352],[-54.184641,49.726386],[-54.172963,49.733588],[-54.13679,49.732611],[-54.150461,49.75373],[-54.110219,49.754462],[-54.09203,49.750474],[-54.05427,49.71894],[-54.035797,49.714993],[-54.040598,49.691636],[-54.029775,49.675971],[-54.01651,49.667792],[-53.978505,49.664293],[-53.987172,49.651068],[-54.030019,49.657457],[-54.055409,49.640204],[-54.086659,49.634996],[-54.115712,49.616523],[-54.222157,49.596015],[-54.258697,49.571479],[-54.276763,49.575588]]],[[[-59.350575,50.603461],[-59.365712,50.605862],[-59.383372,50.638821],[-59.376291,50.65233],[-59.359364,50.655951],[-59.337514,50.644436],[-59.295969,50.572333],[-59.298004,50.564114],[-59.341054,50.538031],[-59.352935,50.537543],[-59.358022,50.551581],[-59.323883,50.610256],[-59.33552,50.616034],[-59.350575,50.603461]]],[[[-55.510365,50.805121],[-55.491363,50.80858],[-55.452301,50.79621],[-55.47997,50.780951],[-55.465688,50.767279],[-55.509348,50.742336],[-55.506663,50.733791],[-55.52359,50.721015],[-55.582387,50.698961],[-55.598256,50.716864],[-55.616526,50.713324],[-55.64273,50.723334],[-55.646392,50.732611],[-55.623362,50.761054],[-55.619944,50.791815],[-55.603586,50.791693],[-55.596059,50.774726],[-55.510365,50.805121]]],[[[-55.527821,50.972724],[-55.573069,50.923041],[-55.547597,50.890815],[-55.587758,50.895982],[-55.623362,50.911933],[-55.613393,50.931342],[-55.63915,50.961493],[-55.602854,50.966539],[-55.562652,50.985989],[-55.5419,50.987779],[-55.527821,50.972724]]],[[[-58.398427,51.254543],[-58.474192,51.220404],[-58.562896,51.233385],[-58.535878,51.258002],[-58.502105,51.275051],[-58.479482,51.277981],[-58.433583,51.27619],[-58.412099,51.281806],[-58.408274,51.258857],[-58.398427,51.254543]]],[[[-52.628814,47.526679],[-52.616607,47.522691],[-52.628529,47.485745],[-52.6433,47.487535],[-52.690582,47.464586],[-52.656606,47.437079],[-52.711049,47.383246],[-52.738393,47.320624],[-52.800445,47.306952],[-52.781321,47.299547],[-52.759511,47.300116],[-52.782379,47.282213],[-52.814076,47.273424],[-52.80191,47.258775],[-52.846018,47.173529],[-52.868764,47.101508],[-52.937611,47.087836],[-52.849192,47.06981],[-52.846303,47.061469],[-52.856272,47.055854],[-52.874908,47.059882],[-52.854482,47.026353],[-52.889272,47.006822],[-52.89509,46.995551],[-52.882395,46.977973],[-52.898549,46.966986],[-52.882192,46.951117],[-52.909739,46.912787],[-52.934071,46.847113],[-52.930165,46.827135],[-52.941274,46.791327],[-52.96109,46.782782],[-52.978627,46.758857],[-53.006947,46.753119],[-53.031321,46.736029],[-53.066884,46.665595],[-53.143056,46.629136],[-53.19286,46.627631],[-53.23233,46.653754],[-53.253651,46.683173],[-53.267486,46.714545],[-53.265981,46.739],[-53.298655,46.720649],[-53.32433,46.693996],[-53.331207,46.693305],[-53.3485,46.717271],[-53.389475,46.683783],[-53.355336,46.739],[-53.389394,46.7237],[-53.440745,46.680854],[-53.448801,46.664008],[-53.482004,46.652737],[-53.5183,46.628567],[-53.554677,46.618354],[-53.589996,46.626166],[-53.622874,46.655829],[-53.636464,46.711371],[-53.601633,46.764228],[-53.608551,46.797065],[-53.600087,46.812567],[-53.562489,46.84634],[-53.544057,46.878485],[-53.498606,46.886786],[-53.485707,46.902899],[-53.544057,46.88581],[-53.611562,46.814276],[-53.636871,46.798896],[-53.644887,46.801174],[-53.63622,46.83869],[-53.61262,46.869045],[-53.598704,46.905951],[-53.521148,46.944648],[-53.519195,46.964301],[-53.542144,46.944648],[-53.567698,46.943834],[-53.561757,46.960883],[-53.567698,46.977973],[-53.591868,46.950019],[-53.608632,46.953518],[-53.615224,46.95897],[-53.600087,46.986884],[-53.608551,46.991523],[-53.643381,46.985419],[-53.578114,47.059516],[-53.570627,47.072699],[-53.581899,47.08161],[-53.498687,47.135647],[-53.515207,47.135891],[-53.524322,47.1435],[-53.519195,47.169745],[-53.571034,47.156155],[-53.56017,47.204535],[-53.617299,47.11933],[-53.650217,47.108344],[-53.629058,47.156155],[-53.656809,47.138861],[-53.67748,47.091254],[-53.704498,47.077541],[-53.695424,47.070136],[-53.70401,47.061103],[-53.72525,47.04682],[-53.766835,47.040025],[-53.818471,46.962592],[-53.869252,46.943834],[-53.882924,46.909084],[-53.934153,46.886054],[-53.947825,46.85814],[-53.992177,46.848293],[-54.050364,46.808051],[-54.098622,46.800482],[-54.119049,46.813463],[-54.188547,46.828437],[-54.197621,46.88581],[-54.185414,46.927802],[-54.150461,47.005316],[-54.100413,47.059801],[-54.010406,47.233873],[-54.002756,47.238674],[-53.931752,47.234361],[-53.989084,47.2626],[-53.999094,47.281317],[-53.996205,47.317206],[-53.971669,47.314399],[-53.978505,47.306952],[-53.961415,47.30329],[-53.922271,47.313218],[-53.92394,47.32807],[-53.895253,47.340481],[-53.876698,47.361518],[-53.914296,47.363471],[-53.892893,47.39289],[-53.853139,47.413479],[-53.807851,47.423651],[-53.807851,47.430487],[-53.835113,47.430487],[-53.848785,47.44477],[-53.902008,47.431545],[-53.923451,47.454088],[-53.887847,47.516913],[-53.885854,47.527493],[-53.903432,47.533515],[-53.892568,47.598822],[-53.903432,47.616034],[-53.92394,47.609198],[-53.939849,47.634914],[-53.941274,47.674058],[-53.971669,47.742662],[-53.964711,47.756903],[-53.975168,47.764838],[-53.992177,47.759426],[-54.000844,47.771145],[-54.013295,47.807196],[-54.005849,47.820868],[-54.042144,47.801988],[-54.060862,47.80036],[-54.074696,47.814032],[-54.061106,47.828315],[-54.081532,47.875474],[-54.098256,47.837592],[-54.109486,47.828315],[-54.125071,47.828111],[-54.164133,47.855048],[-54.170969,47.875474],[-54.26651,47.903469],[-54.253733,47.887763],[-54.197621,47.869289],[-54.198232,47.833319],[-54.249135,47.730129],[-54.280141,47.697943],[-54.310902,47.700751],[-54.32726,47.71015],[-54.326568,47.64765],[-54.411041,47.530666],[-54.458363,47.499416],[-54.444651,47.485745],[-54.438466,47.499416],[-54.417307,47.459459],[-54.403676,47.450914],[-54.452056,47.423651],[-54.444325,47.449449],[-54.450836,47.454535],[-54.465728,47.450914],[-54.506093,47.402533],[-54.491811,47.398749],[-54.4794,47.40998],[-54.472564,47.402533],[-54.507965,47.382229],[-54.523427,47.376695],[-54.526601,47.383246],[-54.605824,47.352484],[-54.615956,47.368964],[-54.610585,47.377143],[-54.575022,47.396308],[-54.437164,47.55565],[-54.411204,47.601752],[-54.417348,47.609198],[-54.472524,47.549628],[-54.50414,47.530463],[-54.543935,47.468004],[-54.602935,47.40998],[-54.664418,47.3758],[-54.676096,47.385443],[-54.677398,47.402533],[-54.712148,47.3758],[-54.698557,47.361518],[-54.710927,47.356024],[-54.730092,47.362291],[-54.732655,47.3758],[-54.759592,47.362779],[-54.770009,47.366523],[-54.77359,47.383246],[-54.822011,47.368964],[-54.795644,47.394355],[-54.787262,47.423651],[-54.801503,47.423],[-54.828236,47.3758],[-54.840403,47.384467],[-54.840321,47.397447],[-54.822011,47.423651],[-54.83788,47.419257],[-54.866078,47.379584],[-54.924428,47.334906],[-54.928944,47.311347],[-54.989247,47.28026],[-55.027455,47.238674],[-55.040598,47.217719],[-55.020579,47.207709],[-55.013173,47.193996],[-55.026967,47.172553],[-55.054189,47.156155],[-55.073801,47.156968],[-55.071848,47.200751],[-55.088002,47.206244],[-55.136098,47.169745],[-55.088938,47.169745],[-55.082753,47.159084],[-55.088938,47.128811],[-55.071767,47.094957],[-55.074696,47.081],[-55.10261,47.08161],[-55.095123,47.059882],[-55.134877,47.047593],[-55.154612,47.0126],[-55.178334,47.026353],[-55.171498,47.067328],[-55.180084,47.075019],[-55.196156,47.069648],[-55.202626,47.055854],[-55.191314,47.02265],[-55.200185,46.980536],[-55.213002,46.965155],[-55.2329,46.957465],[-55.229563,46.936225],[-55.250885,46.91885],[-55.311757,46.902899],[-55.370107,46.909084],[-55.359039,46.874701],[-55.417836,46.866604],[-55.452545,46.876288],[-55.473256,46.897528],[-55.465688,46.930813],[-55.509104,46.919379],[-55.524159,46.921698],[-55.527821,46.943834],[-55.551259,46.900946],[-55.561879,46.909084],[-55.575917,46.90762],[-55.649526,46.867906],[-55.684804,46.861884],[-55.728912,46.869289],[-55.73941,46.854438],[-55.752797,46.864],[-55.776926,46.867865],[-55.851308,46.870998],[-55.950307,46.904364],[-55.981313,46.932034],[-55.97997,46.970364],[-55.869862,47.075141],[-55.821441,47.084947],[-55.761138,47.108344],[-55.684804,47.09516],[-55.487172,47.140286],[-55.461741,47.180894],[-55.431549,47.190863],[-55.396799,47.218207],[-55.301259,47.267646],[-55.287506,47.286444],[-55.287506,47.32807],[-55.264556,47.396186],[-55.255279,47.411444],[-55.18399,47.460354],[-55.108795,47.483466],[-55.047963,47.485745],[-54.985829,47.506171],[-54.95519,47.506171],[-54.947865,47.510443],[-54.950999,47.529242],[-54.892323,47.536282],[-54.853179,47.560126],[-54.841908,47.58808],[-54.869293,47.571845],[-54.876617,47.581244],[-54.841908,47.616034],[-54.739491,47.650133],[-54.698557,47.67064],[-54.718984,47.675035],[-54.77359,47.67064],[-54.766754,47.683743],[-54.826161,47.644517],[-54.8933,47.619208],[-54.963938,47.605658],[-55.072174,47.597357],[-55.08849,47.601711],[-55.078725,47.619127],[-55.033559,47.65762],[-55.021392,47.685452],[-54.952545,47.75137],[-54.9381,47.78734],[-54.983388,47.7508],[-55.058949,47.658433],[-55.10261,47.62226],[-55.094879,47.600653],[-55.108551,47.585435],[-55.131174,47.583564],[-55.15038,47.601752],[-55.129872,47.663804],[-55.169749,47.639879],[-55.194814,47.63642],[-55.232737,47.655178],[-55.308665,47.663804],[-55.322418,47.6706],[-55.335927,47.658677],[-55.362375,47.65412],[-55.365387,47.673041],[-55.376943,47.680609],[-55.34968,47.711168],[-55.363352,47.718451],[-55.355824,47.732123],[-55.374827,47.72956],[-55.390614,47.718451],[-55.376943,47.704169],[-55.391021,47.697333],[-55.400217,47.695868],[-55.408518,47.710517],[-55.427317,47.71955],[-55.431386,47.672675],[-55.470204,47.626899],[-55.459462,47.616034],[-55.417877,47.633612],[-55.396799,47.616034],[-55.431549,47.58808],[-55.390614,47.595526],[-55.401723,47.58275],[-55.396799,47.567613],[-55.418528,47.533515],[-55.402333,47.520738],[-55.407053,47.501451],[-55.437815,47.471381],[-55.460764,47.465399],[-55.520904,47.464586],[-55.555084,47.44477],[-55.582387,47.402533],[-55.5985,47.399319],[-55.600494,47.43891],[-55.589223,47.45775],[-55.664296,47.437242],[-55.637034,47.45775],[-55.611806,47.499457],[-55.589223,47.512397],[-55.618764,47.541693],[-55.638417,47.545315],[-55.651275,47.526679],[-55.623362,47.526679],[-55.664296,47.491889],[-55.696645,47.506293],[-55.712717,47.506171],[-55.698476,47.485745],[-55.734609,47.46776],[-55.774159,47.45775],[-55.761301,47.487006],[-55.771474,47.504218],[-55.753733,47.540269],[-55.786529,47.513617],[-55.794504,47.493598],[-55.787831,47.478217],[-55.805247,47.462226],[-55.85676,47.478217],[-55.917592,47.437242],[-55.916656,47.457343],[-55.835601,47.512397],[-55.746897,47.58808],[-55.791249,47.574449],[-55.817535,47.556138],[-55.815785,47.567613],[-55.833852,47.566392],[-55.877187,47.533515],[-55.89391,47.541409],[-55.948883,47.512397],[-56.020131,47.499498],[-56.105784,47.466702],[-56.120513,47.468004],[-56.161936,47.491929],[-56.169423,47.50373],[-56.133412,47.525458],[-56.045522,47.535793],[-55.938629,47.567613],[-55.911366,47.567613],[-55.863149,47.598578],[-55.808258,47.609198],[-55.742543,47.644924],[-55.698964,47.653062],[-55.629547,47.677476],[-55.680043,47.678412],[-55.733225,47.663804],[-55.81314,47.62519],[-55.843088,47.62226],[-55.894399,47.640448],[-55.914418,47.659247],[-55.917592,47.683743],[-55.903554,47.699652],[-55.828765,47.738959],[-55.843088,47.75259],[-55.815785,47.776516],[-55.811879,47.799872],[-55.802113,47.801011],[-55.824818,47.82038],[-55.816558,47.839667],[-55.774159,47.869289],[-55.795644,47.877916],[-55.784779,47.895006],[-55.73941,47.923896],[-55.755279,47.946234],[-55.780385,47.958075],[-55.774037,47.932807],[-55.828765,47.896633],[-55.817047,47.888658],[-55.835601,47.862454],[-55.860015,47.791205],[-55.885365,47.777899],[-55.990224,47.751532],[-56.059316,47.69953],[-56.110829,47.704047],[-56.096303,47.711005],[-56.105784,47.726874],[-56.055328,47.779934],[-56.089508,47.757473],[-56.101064,47.759711],[-56.15095,47.841986],[-56.155019,47.826158],[-56.136098,47.794664],[-56.132436,47.755276],[-56.172027,47.718451],[-56.150706,47.713772],[-56.137278,47.697333],[-56.149648,47.687242],[-56.191884,47.677476],[-56.172027,47.67064],[-56.185658,47.656399],[-56.158355,47.642727],[-56.180776,47.630683],[-56.193227,47.630072],[-56.212392,47.655748],[-56.22175,47.655463],[-56.234975,47.631985],[-56.301747,47.629096],[-56.29955,47.685289],[-56.288075,47.697333],[-56.308095,47.719184],[-56.308583,47.75259],[-56.320709,47.708441],[-56.335846,47.704169],[-56.335846,47.697333],[-56.315338,47.685858],[-56.311025,47.6612],[-56.319163,47.634426],[-56.335846,47.616034],[-56.389801,47.606431],[-56.464589,47.611233],[-56.514027,47.62226],[-56.565826,47.616034],[-56.672027,47.626695],[-56.699574,47.62226],[-56.650258,47.600572],[-56.637563,47.58808],[-56.676137,47.577338],[-56.720815,47.594672],[-56.754262,47.636542],[-56.767893,47.62226],[-56.730784,47.582017],[-56.705881,47.574449],[-56.705881,47.567613],[-56.791493,47.530097],[-56.810414,47.539496],[-56.851226,47.531724],[-56.857086,47.537299],[-56.850453,47.553941],[-56.869985,47.545111],[-56.89391,47.547512],[-56.957428,47.583401],[-56.983876,47.586982],[-57.120717,47.567613],[-57.146596,47.572333],[-57.168853,47.584662],[-57.144643,47.609198],[-57.171986,47.636542],[-57.196156,47.5987],[-57.206899,47.594143],[-57.243967,47.601752],[-57.314565,47.583686],[-57.336415,47.595526],[-57.341949,47.608588],[-57.332916,47.642727],[-57.381174,47.629096],[-57.419016,47.636542],[-57.505279,47.632758],[-57.535715,47.636542],[-57.528879,47.650133],[-57.556142,47.642768],[-57.627838,47.601752],[-57.646108,47.604071],[-57.680816,47.63996],[-57.733998,47.656399],[-57.750722,47.651068],[-57.767812,47.616034],[-57.78954,47.636542],[-57.816233,47.629096],[-57.84732,47.652411],[-57.864003,47.656399],[-57.918609,47.650133],[-57.904449,47.6789],[-57.884511,47.697333],[-57.925933,47.695217],[-57.939768,47.677476],[-57.954823,47.672675],[-58.004954,47.677476],[-58.041982,47.698554],[-58.058502,47.675767],[-58.075103,47.674628],[-58.083852,47.680813],[-58.069447,47.697333],[-58.097768,47.695217],[-58.187896,47.673041],[-58.227162,47.656399],[-58.280141,47.675035],[-58.292592,47.674058],[-58.340728,47.642727],[-58.354726,47.649115],[-58.35497,47.663235],[-58.313385,47.72842],[-58.261301,47.75259],[-58.324045,47.749579],[-58.349721,47.739651],[-58.371165,47.718451],[-58.40095,47.654527],[-58.425771,47.636542],[-58.470693,47.652004],[-58.508372,47.642727],[-58.53189,47.665676],[-58.54308,47.663804],[-58.527211,47.651068],[-58.535959,47.645738],[-58.570424,47.642727],[-58.627553,47.612047],[-58.638661,47.625678],[-58.647939,47.62637],[-58.703236,47.601752],[-58.767161,47.596015],[-58.921742,47.601508],[-58.962758,47.581448],[-58.988108,47.58808],[-59.111643,47.560777],[-59.146352,47.560981],[-59.190989,47.578315],[-59.227651,47.574449],[-59.255605,47.604926],[-59.301137,47.614203],[-59.308461,47.622504],[-59.307729,47.699286],[-59.282867,47.759426],[-59.310658,47.761664],[-59.325063,47.774482],[-59.33137,47.81745],[-59.364858,47.838284],[-59.405832,47.896633],[-59.402659,47.909613],[-59.367543,47.931057],[-59.320383,47.934475],[-59.303375,47.964911],[-59.241689,48.01553],[-59.168324,48.058743],[-59.00178,48.122504],[-58.970123,48.141913],[-58.91039,48.199774],[-58.856801,48.216498],[-58.798655,48.265815],[-58.723459,48.305732],[-58.683013,48.345038],[-58.666575,48.383205],[-58.628733,48.393744],[-58.570424,48.440334],[-58.536204,48.453559],[-58.494618,48.458319],[-58.494618,48.451483],[-58.578196,48.423407],[-58.604482,48.403713],[-58.474192,48.437812],[-58.406077,48.49726],[-58.289174,48.513577],[-58.272206,48.520901],[-58.27538,48.527493],[-58.310292,48.534003],[-58.375315,48.525051],[-58.411,48.514228],[-58.433217,48.499335],[-58.447377,48.513414],[-58.51891,48.506741],[-58.540435,48.51203],[-58.597727,48.547065],[-58.703236,48.554511],[-58.838002,48.52558],[-58.938344,48.516791],[-59.032948,48.520941],[-59.078236,48.51496],[-59.23648,48.472846],[-59.262441,48.472602],[-59.241322,48.499335],[-59.226471,48.539862],[-59.206899,48.555325],[-59.113149,48.608954],[-58.970815,48.675035],[-58.803456,48.77143],[-58.768951,48.780463],[-58.814565,48.737047],[-58.88801,48.702216],[-58.918691,48.678778],[-58.947174,48.651435],[-58.960805,48.629625],[-58.958852,48.616156],[-58.899648,48.586412],[-58.89269,48.5539],[-58.846995,48.596381],[-58.850942,48.636461],[-58.844106,48.636461],[-58.838735,48.588446],[-58.8131,48.571601],[-58.763539,48.562567],[-58.713735,48.568183],[-58.685374,48.601752],[-58.666575,48.725816],[-58.624135,48.775458],[-58.610748,48.810858],[-58.544545,48.871772],[-58.522084,48.926256],[-58.512034,48.931301],[-58.502105,49.006415],[-58.455474,49.041327],[-58.418935,49.115627],[-58.398427,49.136705],[-58.361195,49.151028],[-58.348785,49.144924],[-58.353383,49.116929],[-58.371165,49.109442],[-58.344472,49.109442],[-58.36734,49.083686],[-58.369618,49.072414],[-58.357493,49.061672],[-58.342885,49.060289],[-58.292592,49.074652],[-58.213368,49.074205],[-58.175852,49.066474],[-58.145172,49.047309],[-58.097727,48.996894],[-58.068593,48.979193],[-57.920725,48.962063],[-57.884511,48.972235],[-57.907948,48.983059],[-58.009348,48.983059],[-58.046213,48.996405],[-58.107411,49.037421],[-58.13622,49.094875],[-58.135406,49.126939],[-58.127065,49.135159],[-58.061025,49.127875],[-58.00121,49.136705],[-57.934316,49.126451],[-57.912465,49.12995],[-57.850413,49.184516],[-57.857818,49.191962],[-57.915028,49.15469],[-57.939768,49.151028],[-57.968373,49.155748],[-57.968414,49.165961],[-57.926096,49.184516],[-57.926096,49.191962],[-58.022572,49.15705],[-58.079986,49.146796],[-58.110463,49.170844],[-58.100657,49.182807],[-58.014882,49.17829],[-57.966705,49.204413],[-57.926096,49.246568],[-58.008656,49.219306],[-58.035756,49.217678],[-58.137847,49.227851],[-58.19343,49.243069],[-58.229482,49.268459],[-58.235178,49.284613],[-58.228668,49.370998],[-58.185902,49.442694],[-58.137034,49.484198],[-58.00121,49.561916],[-57.966786,49.559556],[-57.920277,49.531928],[-57.909413,49.459133],[-57.89745,49.439195],[-57.871449,49.430894],[-57.89623,49.473456],[-57.895863,49.492499],[-57.871449,49.506659],[-57.84435,49.506252],[-57.761586,49.465725],[-57.733957,49.46015],[-57.700307,49.462836],[-57.797597,49.509752],[-57.819163,49.530585],[-57.823069,49.561916],[-57.854563,49.527737],[-57.877675,49.532294],[-57.895619,49.567328],[-57.926096,49.58926],[-57.918609,49.603461],[-57.943959,49.614163],[-57.94811,49.679511],[-57.911936,49.752346],[-57.864003,49.787828],[-57.852528,49.833238],[-57.824086,49.861762],[-57.809397,49.896918],[-57.761586,49.944892],[-57.732818,50.006008],[-57.610178,50.165676],[-57.59435,50.224677],[-57.526601,50.330512],[-57.521392,50.353258],[-57.528879,50.367255],[-57.517323,50.374457],[-57.49474,50.425279],[-57.463775,50.457831],[-57.456858,50.483059],[-57.405344,50.52025],[-57.355295,50.606594],[-57.319081,50.617092],[-57.198394,50.59691],[-57.162017,50.613674],[-57.154775,50.625678],[-57.16511,50.62873],[-57.238393,50.617621],[-57.275624,50.623928],[-57.275624,50.630113],[-57.240224,50.637519],[-57.254628,50.65119],[-57.299631,50.649482],[-57.321889,50.687201],[-57.381093,50.691107],[-57.398508,50.698961],[-57.396962,50.708645],[-57.343861,50.726955],[-57.329335,50.713324],[-57.286936,50.72012],[-57.240224,50.733791],[-57.206695,50.754218],[-57.165517,50.753119],[-57.068959,50.802069],[-57.042226,50.836168],[-56.977203,50.881496],[-56.971547,50.912543],[-56.953521,50.90998],[-56.925526,50.918158],[-56.939117,50.932359],[-56.960317,50.939195],[-56.973744,50.931627],[-56.995513,50.949164],[-56.960317,50.966539],[-56.976145,50.974107],[-57.014394,50.972073],[-57.034779,50.98017],[-57.048451,51.008124],[-57.06725,51.018704],[-57.089426,51.021145],[-57.070221,51.026923],[-57.010854,51.021145],[-56.979888,50.987779],[-56.900706,51.018215],[-56.9051,51.035386],[-56.920481,51.043199],[-56.962514,51.046576],[-56.980133,51.055325],[-56.902699,51.060696],[-56.874989,51.077786],[-56.864125,51.113593],[-56.795237,51.137844],[-56.789703,51.161078],[-56.809478,51.19245],[-56.781565,51.206732],[-56.746816,51.199286],[-56.795237,51.240871],[-56.761098,51.267564],[-56.720204,51.319322],[-56.664866,51.350084],[-56.49352,51.412177],[-56.394521,51.425238],[-56.316029,51.467434],[-56.238108,51.481106],[-56.215403,51.501776],[-56.190907,51.511217],[-56.087799,51.535346],[-56.060862,51.553412],[-55.892812,51.627753],[-55.868072,51.612616],[-55.822581,51.623847],[-55.877105,51.571234],[-55.88093,51.552802],[-55.843088,51.555569],[-55.890248,51.500922],[-55.872874,51.495551],[-55.753733,51.500922],[-55.643056,51.472968],[-55.60969,51.480414],[-55.663442,51.491767],[-55.678578,51.500922],[-55.688059,51.538031],[-55.737864,51.554999],[-55.728627,51.576972],[-55.712148,51.584947],[-55.725738,51.555569],[-55.659291,51.599799],[-55.632151,51.610053],[-55.649078,51.593085],[-55.628896,51.571601],[-55.610341,51.566636],[-55.575551,51.569241],[-55.589223,51.576646],[-55.514068,51.603949],[-55.47997,51.593451],[-55.477447,51.578803],[-55.465688,51.590277],[-55.426991,51.586982],[-55.408518,51.579413],[-55.404205,51.562974],[-55.417063,51.550605],[-55.472524,51.562974],[-55.431549,51.538764],[-55.438303,51.515611],[-55.455719,51.500922],[-55.486195,51.508368],[-55.534576,51.508368],[-55.481923,51.475084],[-55.454335,51.47956],[-55.458119,51.463284],[-55.500478,51.377427],[-55.515696,51.368557],[-55.566274,51.389879],[-55.571156,51.366441],[-55.557851,51.350409],[-55.572418,51.343248],[-55.60969,51.350084],[-55.596059,51.309149],[-55.617421,51.304389],[-55.685414,51.336412],[-55.805165,51.352688],[-55.887278,51.344224],[-55.952301,51.370551],[-55.938629,51.350084],[-55.966868,51.346584],[-56.034901,51.384223],[-56.041086,51.357571],[-56.062856,51.370592],[-56.089508,51.370551],[-56.096303,51.322821],[-56.02123,51.309149],[-56.014394,51.275051],[-56.02774,51.266669],[-56.048492,51.267564],[-56.014394,51.247707],[-56.075795,51.233385],[-56.018422,51.218248],[-55.965688,51.159003],[-55.945465,51.158352],[-55.959137,51.178778],[-55.959137,51.199286],[-55.910959,51.202379],[-55.848459,51.231024],[-55.764475,51.217475],[-55.719106,51.184312],[-55.741322,51.153876],[-55.739125,51.142768],[-55.718739,51.132025],[-55.73941,51.096869],[-55.733144,51.083075],[-55.743316,51.070136],[-55.780385,51.055325],[-55.804677,51.069078],[-55.804351,51.04975],[-55.774159,51.035386],[-55.835601,50.972724],[-55.815785,50.931789],[-55.832834,50.926337],[-55.849273,50.953518],[-55.868764,50.933539],[-55.871002,50.905015],[-55.856842,50.911322],[-55.843088,50.905015],[-55.867909,50.890286],[-55.877187,50.863471],[-55.892201,50.896959],[-55.902821,50.897284],[-55.939687,50.870754],[-55.961781,50.835679],[-56.080637,50.720649],[-56.103749,50.726955],[-56.089508,50.761054],[-56.107004,50.750393],[-56.119049,50.753485],[-56.137278,50.774726],[-56.124257,50.802069],[-56.132192,50.82982],[-56.103749,50.905015],[-56.129303,50.901923],[-56.161366,50.878241],[-56.172027,50.856635],[-56.151235,50.855902],[-56.143544,50.841742],[-56.15095,50.802069],[-56.172027,50.777818],[-56.158355,50.761054],[-56.16218,50.720852],[-56.148346,50.695502],[-56.130442,50.685289],[-56.095611,50.679267],[-56.100087,50.668606],[-56.187408,50.598619],[-56.21935,50.583686],[-56.250234,50.527655],[-56.322255,50.527655],[-56.322255,50.52025],[-56.266428,50.506293],[-56.314443,50.459418],[-56.365834,50.424791],[-56.41161,50.376899],[-56.427846,50.375678],[-56.452545,50.397366],[-56.500356,50.391099],[-56.481313,50.374579],[-56.429514,50.362128],[-56.444163,50.304389],[-56.484364,50.253607],[-56.507802,50.240302],[-56.50414,50.218817],[-56.523427,50.196438],[-56.617665,50.130439],[-56.657541,50.136298],[-56.672271,50.130439],[-56.641103,50.109931],[-56.646311,50.099189],[-56.726918,50.041083],[-56.775746,49.950751],[-56.781565,49.918158],[-56.728139,49.958808],[-56.719472,49.948554],[-56.742421,49.894965],[-56.74059,49.877183],[-56.767893,49.863593],[-56.761098,49.842434],[-56.768422,49.830268],[-56.802073,49.8015],[-56.881825,49.770819],[-56.9051,49.75373],[-56.82844,49.745673],[-56.810374,49.734036],[-56.781565,49.729438],[-56.781809,49.696601],[-56.823476,49.593207],[-56.856679,49.548245],[-56.821767,49.570787],[-56.740834,49.65648],[-56.725331,49.690253],[-56.599721,49.811713],[-56.572906,49.826402],[-56.557769,49.848131],[-56.518137,49.863674],[-56.48526,49.89289],[-56.466868,49.89765],[-56.425282,49.845689],[-56.418446,49.852973],[-56.426625,49.902655],[-56.404775,49.918158],[-56.363189,49.89765],[-56.384389,49.946357],[-56.317047,50.039252],[-56.270416,50.059312],[-56.24059,50.106635],[-56.163645,50.149563],[-56.116811,50.158393],[-56.124257,50.137274],[-56.09557,50.133368],[-56.094553,50.127834],[-56.109975,50.123603],[-56.06664,50.096177],[-56.062164,50.082709],[-56.109975,50.034247],[-56.137278,49.973456],[-56.191884,49.924994],[-56.154612,49.934068],[-56.124135,49.955552],[-56.072418,50.010932],[-56.010081,50.031195],[-55.996978,50.030829],[-55.993031,50.01553],[-56.034901,49.979641],[-56.003407,49.971584],[-55.959137,50.041083],[-55.892568,50.03148],[-55.86384,50.016832],[-55.842356,49.98314],[-55.803538,49.956366],[-55.777333,49.956122],[-55.767323,49.938666],[-55.746409,49.931952],[-55.712636,49.934475],[-55.684804,49.959133],[-55.69225,49.96662],[-55.666656,49.97606],[-55.582387,49.973456],[-55.492991,50.01439],[-55.465077,49.962551],[-55.465688,49.944892],[-55.495229,49.919135],[-55.575836,49.901679],[-55.648997,49.858954],[-55.69225,49.849311],[-55.714955,49.822211],[-55.807851,49.801907],[-55.961659,49.741278],[-55.972808,49.739407],[-56.001943,49.752509],[-56.014394,49.739407],[-56.004872,49.726508],[-56.069,49.698432],[-56.062652,49.682929],[-56.158681,49.62344],[-56.170237,49.600979],[-56.165435,49.574652],[-56.097727,49.637641],[-56.038197,49.673285],[-55.968495,49.702826],[-55.897694,49.71894],[-55.890981,49.71011],[-55.890248,49.705268],[-55.959137,49.685452],[-55.959137,49.677965],[-55.926137,49.683051],[-55.897694,49.698432],[-55.890981,49.689439],[-55.835601,49.691636],[-55.844635,49.67829],[-55.867991,49.66828],[-55.877187,49.643866],[-55.938629,49.609687],[-55.929514,49.598293],[-55.913401,49.594631],[-55.877187,49.596015],[-55.900787,49.562405],[-55.937367,49.536322],[-55.980621,49.519477],[-56.034901,49.510403],[-56.054189,49.496731],[-56.076894,49.491889],[-56.085764,49.469143],[-56.130727,49.429145],[-56.059967,49.446194],[-55.952301,49.499823],[-55.864369,49.519843],[-55.822011,49.52204],[-55.774159,49.513495],[-55.787831,49.493598],[-55.757436,49.493394],[-55.719228,49.475653],[-55.767323,49.472561],[-55.787831,49.452053],[-55.766469,49.44831],[-55.734731,49.453843],[-55.678578,49.472561],[-55.698476,49.42475],[-55.671742,49.42475],[-55.678863,49.396389],[-55.671946,49.386664],[-55.65746,49.383734],[-55.644765,49.390286],[-55.626454,49.427802],[-55.582387,49.472357],[-55.553822,49.489814],[-55.520904,49.493598],[-55.56371,49.426011],[-55.569325,49.362698],[-55.532297,49.395982],[-55.520579,49.435981],[-55.492991,49.445217],[-55.500478,49.458889],[-55.486195,49.479967],[-55.473256,49.460639],[-55.445221,49.493598],[-55.370107,49.506659],[-55.376943,49.493598],[-55.355824,49.499823],[-55.349599,49.493598],[-55.431549,49.42475],[-55.400543,49.431138],[-55.341664,49.458197],[-55.314849,49.452053],[-55.445221,49.355862],[-55.39151,49.369574],[-55.373647,49.363105],[-55.383127,49.335354],[-55.332509,49.403144],[-55.314849,49.404242],[-55.329091,49.38996],[-55.3131,49.388658],[-55.288564,49.400784],[-55.296051,49.371975],[-55.342152,49.355862],[-55.314849,49.314887],[-55.301178,49.322333],[-55.307037,49.345649],[-55.266265,49.361151],[-55.236318,49.38996],[-55.26769,49.42475],[-55.26769,49.479967],[-55.314849,49.534613],[-55.28718,49.535793],[-55.260243,49.548245],[-55.228179,49.537055],[-55.219797,49.530097],[-55.2329,49.520941],[-55.198842,49.506659],[-55.212473,49.534613],[-55.15567,49.549302],[-55.136098,49.540758],[-55.15038,49.540758],[-55.15038,49.534613],[-55.124827,49.498969],[-55.128163,49.466376],[-55.171498,49.430894],[-55.162099,49.417914],[-55.172027,49.400784],[-55.188547,49.392035],[-55.198842,49.404242],[-55.225006,49.368069],[-55.22289,49.264553],[-55.244211,49.248765],[-55.294342,49.232896],[-55.329091,49.191962],[-55.365061,49.172268],[-55.364369,49.159491],[-55.322336,49.157172],[-55.342152,49.123033],[-55.320709,49.123725],[-55.313954,49.101793],[-55.337148,49.076117],[-55.383127,49.047309],[-55.319732,49.074612],[-55.277659,49.074652],[-55.258209,49.080715],[-55.184478,49.123033],[-55.184478,49.12995],[-55.259674,49.103705],[-55.277659,49.106024],[-55.287262,49.126695],[-55.282297,49.150336],[-55.253407,49.191962],[-55.287506,49.184516],[-55.288442,49.194566],[-55.272572,49.209947],[-55.054189,49.294379],[-55.082143,49.362698],[-55.027211,49.329413],[-55.013173,49.349026],[-54.992747,49.28384],[-55.014394,49.253974],[-55.047963,49.232896],[-55.034006,49.230211],[-54.998402,49.24787],[-54.961049,49.294989],[-54.947255,49.300523],[-54.92101,49.301825],[-54.911977,49.283515],[-54.900258,49.280097],[-54.880483,49.289008],[-54.863759,49.337958],[-54.888824,49.351752],[-54.883453,49.376288],[-54.857045,49.406724],[-54.83373,49.409613],[-54.834096,49.304836],[-54.83019,49.285956],[-54.816965,49.275621],[-54.782094,49.300482],[-54.773834,49.347235],[-54.753774,49.355862],[-54.759348,49.329535],[-54.742909,49.31977],[-54.719635,49.363105],[-54.677398,49.383734],[-54.645619,49.415351],[-54.650136,49.430894],[-54.636545,49.446967],[-54.544749,49.52912],[-54.469309,49.546088],[-54.443715,49.543524],[-54.496205,49.510077],[-54.506093,49.476264],[-54.534047,49.445217],[-54.482981,49.471096],[-54.452138,49.476996],[-54.43102,49.472561],[-54.455678,49.448432],[-54.457753,49.435452],[-54.444651,49.42475],[-54.4794,49.400539],[-54.485422,49.380316],[-54.486969,49.368109],[-54.460113,49.355536],[-54.4558,49.338609],[-54.483469,49.267646],[-54.46345,49.301011],[-54.39684,49.335354],[-54.416412,49.351304],[-54.372914,49.422309],[-54.301259,49.430894],[-54.304311,49.4147],[-54.292104,49.412787],[-54.259674,49.42475],[-54.258697,49.407701],[-54.248769,49.406236],[-54.21935,49.417304],[-54.238596,49.378607],[-54.23233,49.362698],[-54.212026,49.402086],[-54.197621,49.411078],[-54.176015,49.383775],[-54.16039,49.400539],[-54.139231,49.452826],[-54.08552,49.46369],[-54.076894,49.45539],[-54.044749,49.481757],[-54.021108,49.464667],[-53.985951,49.458889],[-54.040598,49.438381],[-54.01651,49.43183],[-53.92394,49.452053],[-53.873931,49.422187],[-53.793568,49.396796],[-53.773346,49.399807],[-53.72525,49.376288],[-53.679107,49.366848],[-53.663726,49.359442],[-53.67748,49.349026],[-53.656117,49.332221],[-53.594716,49.324449],[-53.567698,49.301825],[-53.547109,49.301825],[-53.547109,49.287543],[-53.522043,49.280219],[-53.492543,49.287543],[-53.478017,49.268378],[-53.457753,49.26024],[-53.453684,49.242174],[-53.491851,49.218736],[-53.492543,49.198188],[-53.540395,49.187812],[-53.533518,49.164008],[-53.565989,49.125963],[-53.605133,49.136705],[-53.622304,49.117174],[-53.622874,49.109442],[-53.590932,49.098578],[-53.581899,49.088324],[-53.579579,49.066636],[-53.589915,49.052069],[-53.608957,49.043687],[-53.793568,49.027533],[-53.838246,49.033677],[-53.834584,49.023749],[-53.810943,49.013861],[-53.72525,49.013861],[-53.74767,48.998684],[-53.809438,48.981269],[-53.838246,48.979071],[-53.882924,48.992743],[-53.896352,48.980536],[-53.810943,48.931301],[-53.862131,48.910834],[-53.92394,48.91767],[-53.961049,48.897121],[-53.978505,48.896552],[-53.963857,48.885932],[-53.882924,48.896552],[-53.882924,48.890326],[-53.958079,48.869086],[-53.978505,48.856187],[-53.964915,48.841946],[-53.978586,48.83633],[-54.042144,48.833441],[-54.078114,48.821438],[-54.13679,48.821438],[-54.184641,48.800971],[-54.18102,48.783922],[-54.197621,48.774237],[-54.197621,48.767401],[-54.162587,48.771226],[-54.020863,48.815375],[-53.990956,48.806138],[-53.990102,48.795803],[-54.013295,48.774237],[-53.990631,48.768378],[-53.969838,48.773017],[-53.962026,48.781684],[-53.978505,48.787909],[-53.943023,48.824286],[-53.895131,48.841742],[-53.844472,48.839057],[-53.800404,48.814602],[-53.85733,48.797919],[-53.917714,48.800971],[-53.903066,48.791002],[-53.900258,48.767076],[-53.88976,48.759955],[-53.856842,48.779853],[-53.841379,48.774237],[-53.877919,48.747952],[-53.92394,48.739488],[-53.994496,48.753079],[-54.020131,48.746324],[-54.020131,48.739488],[-53.967152,48.73664],[-53.94518,48.728664],[-53.944407,48.712144],[-53.933258,48.703518],[-53.951243,48.6706],[-53.941518,48.660834],[-53.895985,48.650092],[-53.895985,48.643256],[-53.931386,48.629625],[-53.893544,48.632025],[-53.793568,48.678046],[-53.793568,48.684882],[-53.916656,48.672756],[-53.920766,48.687974],[-53.835194,48.750393],[-53.85497,48.704739],[-53.750234,48.712144],[-53.745107,48.698554],[-53.704213,48.691107],[-53.728993,48.674302],[-53.726186,48.65998],[-53.704213,48.660956],[-53.631215,48.698798],[-53.606801,48.696275],[-53.604115,48.676703],[-53.659576,48.647121],[-53.716176,48.641832],[-53.784901,48.622952],[-53.828277,48.595445],[-53.903432,48.58869],[-53.921498,48.581488],[-53.958648,48.547065],[-53.943471,48.542385],[-53.903432,48.568183],[-53.711008,48.560736],[-53.774485,48.550767],[-53.793568,48.540229],[-53.766835,48.540229],[-53.744008,48.522895],[-53.748891,48.519761],[-53.787668,48.502427],[-53.895741,48.484442],[-54.009877,48.428941],[-54.043691,48.42414],[-54.092112,48.429877],[-54.164133,48.390692],[-54.142486,48.377916],[-54.13679,48.355292],[-54.088043,48.40119],[-54.067942,48.409898],[-54.00121,48.405422],[-53.978505,48.409898],[-53.89977,48.458482],[-53.855377,48.475246],[-53.814036,48.465155],[-53.876698,48.409898],[-53.881459,48.388373],[-53.873036,48.373481],[-53.856028,48.368394],[-53.835113,48.37641],[-53.852528,48.383612],[-53.84557,48.394965],[-53.814036,48.417385],[-53.800893,48.441107],[-53.779042,48.447455],[-53.769928,48.475735],[-53.700307,48.528388],[-53.65685,48.546576],[-53.622874,48.540229],[-53.663197,48.513577],[-53.636464,48.513495],[-53.615387,48.499335],[-53.700266,48.455471],[-53.72525,48.431586],[-53.718414,48.42414],[-53.675404,48.444159],[-53.632802,48.451483],[-53.581899,48.526597],[-53.578114,48.502631],[-53.588124,48.478827],[-53.547109,48.492418],[-53.615387,48.409898],[-53.540924,48.465155],[-53.530181,48.457343],[-53.521474,48.462226],[-53.498687,48.513577],[-53.475006,48.510972],[-53.457753,48.543647],[-53.464223,48.586819],[-53.444651,48.598131],[-53.437245,48.615912],[-53.414174,48.623765],[-53.342193,48.612738],[-53.301666,48.579413],[-53.317616,48.552314],[-53.309682,48.548774],[-53.280263,48.560736],[-53.268137,48.531236],[-53.24352,48.526353],[-53.231842,48.554511],[-53.162953,48.601711],[-53.1704,48.609117],[-53.152333,48.631171],[-53.098053,48.646674],[-53.084543,48.699856],[-53.076812,48.703559],[-53.065094,48.680854],[-53.033193,48.6706],[-53.012766,48.629625],[-52.9829,48.604193],[-52.981272,48.591051],[-53.005849,48.575019],[-52.984771,48.554511],[-53.02774,48.535834],[-53.047475,48.492418],[-53.058461,48.435858],[-53.084706,48.417955],[-53.143056,48.396877],[-53.187408,48.355292],[-53.239329,48.360175],[-53.269765,48.38227],[-53.314361,48.383205],[-53.331899,48.375556],[-53.338206,48.386176],[-53.354888,48.386664],[-53.362172,48.383205],[-53.35554,48.3605],[-53.386545,48.306057],[-53.369008,48.29385],[-53.388417,48.286119],[-53.445709,48.285712],[-53.468088,48.256537],[-53.540924,48.239814],[-53.639475,48.169338],[-53.68932,48.170111],[-53.776479,48.197089],[-53.845082,48.190823],[-53.876698,48.225531],[-53.903879,48.236762],[-53.925282,48.237006],[-53.939361,48.225531],[-53.941274,48.176703],[-53.905181,48.08511],[-53.804067,48.074774],[-53.725087,48.083197],[-53.68399,48.08039],[-53.663197,48.061103],[-53.723744,48.03974],[-53.787343,48.026313],[-53.85497,48.026313],[-53.907623,48.038398],[-53.92394,48.033759],[-53.908355,48.021064],[-53.77595,47.999416],[-53.741119,48.016791],[-53.684316,48.020087],[-53.608551,48.054267],[-53.622874,48.033759],[-53.621571,48.00495],[-53.697336,47.896633],[-53.787343,47.903469],[-53.787343,47.896633],[-53.72525,47.889797],[-53.741282,47.817857],[-53.763173,47.807196],[-53.791615,47.774604],[-53.822133,47.790188],[-53.867502,47.843451],[-53.894765,47.858832],[-53.917714,47.862454],[-53.928944,47.852444],[-53.877309,47.828111],[-53.876698,47.807196],[-53.858266,47.801581],[-53.854156,47.767524],[-53.833485,47.751776],[-53.828928,47.735745],[-53.834869,47.721259],[-53.85497,47.718451],[-53.793813,47.664049],[-53.763173,47.625678],[-53.737904,47.619696],[-53.705719,47.676093],[-53.684316,47.691148],[-53.666168,47.684027],[-53.668446,47.669623],[-53.711741,47.609931],[-53.703847,47.58869],[-53.680735,47.5987],[-53.670033,47.595526],[-53.66039,47.569973],[-53.652333,47.57685],[-53.650217,47.560777],[-53.670033,47.526679],[-53.622874,47.560777],[-53.605133,47.539374],[-53.581899,47.546536],[-53.553863,47.539252],[-53.550852,47.588202],[-53.533518,47.595526],[-53.560658,47.623847],[-53.543202,47.62873],[-53.51301,47.616034],[-53.517445,47.632717],[-53.508534,47.654975],[-53.519195,47.67064],[-53.502919,47.673041],[-53.480336,47.692572],[-53.497426,47.716213],[-53.498687,47.746405],[-53.467844,47.77147],[-53.459543,47.805487],[-53.441762,47.820787],[-53.444081,47.828315],[-53.420155,47.861151],[-53.394154,47.875556],[-53.355336,47.869289],[-53.36262,47.899807],[-53.276479,48.016425],[-53.239247,48.020087],[-53.213857,48.038275],[-53.184316,48.042548],[-53.1704,48.061103],[-53.148061,48.064276],[-53.098053,48.040595],[-53.061025,48.051907],[-53.02953,48.07099],[-52.952626,48.153022],[-52.923329,48.170966],[-52.900461,48.161282],[-52.865834,48.123969],[-52.834788,48.112494],[-52.836741,48.105455],[-52.858225,48.095201],[-52.902903,48.095201],[-52.914418,48.089586],[-52.954091,48.045803],[-52.959706,48.017483],[-52.979604,47.987128],[-53.053578,47.932563],[-53.070668,47.853705],[-53.142323,47.790961],[-53.161977,47.756415],[-53.207387,47.735907],[-53.193349,47.724351],[-53.162953,47.718451],[-53.18399,47.691148],[-53.166615,47.69717],[-53.156117,47.683743],[-53.171783,47.67475],[-53.194692,47.643378],[-53.25182,47.625393],[-53.262074,47.614203],[-53.252309,47.601752],[-53.204498,47.616034],[-53.252309,47.581244],[-53.21052,47.589301],[-53.1704,47.609198],[-53.207346,47.577623],[-53.259755,47.558539],[-53.228424,47.546536],[-53.18399,47.560777],[-53.18399,47.512397],[-53.204498,47.471381],[-53.162668,47.500556],[-53.149281,47.499416],[-53.149281,47.478217],[-53.195221,47.437079],[-53.187408,47.430487],[-53.144195,47.443671],[-53.121938,47.437242],[-53.129384,47.416815],[-53.078114,47.470038],[-53.037953,47.484442],[-52.911733,47.556301],[-52.876373,47.588284],[-52.848948,47.629625],[-52.798411,47.788153],[-52.772532,47.801011],[-52.752065,47.773098],[-52.704213,47.756008],[-52.697418,47.714748],[-52.717926,47.67064],[-52.708811,47.661811],[-52.657541,47.66059],[-52.656646,47.603176],[-52.690582,47.553941],[-52.67691,47.560777],[-52.659901,47.536811],[-52.628814,47.526679]]],[[[-127.918691,51.52204],[-127.888295,51.495795],[-127.87149,51.456529],[-127.897532,51.429755],[-127.932932,51.419013],[-128.007639,51.467678],[-128.027008,51.458686],[-128.050282,51.459947],[-128.068593,51.46955],[-128.09911,51.508694],[-128.10912,51.545152],[-128.145253,51.590277],[-128.156606,51.627875],[-128.139027,51.658026],[-128.104319,51.68183],[-128.009877,51.7237],[-127.976552,51.682115],[-127.971262,51.664049],[-127.981353,51.65176],[-127.920318,51.596137],[-127.904897,51.558743],[-127.918691,51.52204]]],[[[-55.352691,51.884508],[-55.409657,51.882066],[-55.427398,51.891343],[-55.418528,51.918647],[-55.383127,51.959621],[-55.332265,51.973863],[-55.270131,52.005601],[-55.286041,51.95954],[-55.332387,51.89761],[-55.352691,51.884508]]],[[[-128.138336,51.864],[-128.162587,51.857164],[-128.230377,51.856024],[-128.248199,51.864],[-128.251047,51.875922],[-128.230621,51.905911],[-128.196034,51.916083],[-128.222239,51.954169],[-128.15925,52.034817],[-128.107249,52.054348],[-127.99885,52.06566],[-127.970448,52.063178],[-127.95344,52.049018],[-127.960561,52.002346],[-127.95344,51.987494],[-127.987538,51.911811],[-128.036,51.843573],[-128.028554,51.836737],[-128.036,51.829901],[-128.009592,51.795478],[-128.009267,51.782131],[-128.032582,51.764228],[-128.063873,51.754788],[-128.075103,51.765082],[-128.135243,51.747301],[-128.138295,51.763861],[-128.117502,51.801459],[-128.138336,51.843573],[-128.138336,51.864]]],[[[-130.996653,52.111721],[-130.960276,52.104315],[-130.950754,52.094916],[-130.966908,52.067939],[-131.017161,52.069485],[-131.04483,52.061591],[-131.064931,52.083726],[-131.07136,52.060981],[-130.992258,52.013373],[-131.044423,52.02851],[-131.009674,51.980129],[-131.044423,51.973863],[-131.023997,51.946601],[-131.050689,51.953559],[-131.112701,52.001858],[-131.087758,52.031073],[-131.113108,52.042182],[-131.128163,52.09809],[-131.108754,52.154039],[-131.067372,52.151068],[-131.064931,52.130927],[-131.016835,52.107978],[-130.996653,52.111721]]],[[[-127.946604,52.165717],[-127.909332,52.158881],[-127.877675,52.171942],[-127.894887,52.13581],[-127.919789,52.118801],[-127.939809,52.089911],[-127.961497,52.082831],[-128.014394,52.091498],[-128.05248,52.076321],[-128.069895,52.080268],[-128.097401,52.097398],[-128.122955,52.151679],[-128.076975,52.145209],[-128.036,52.165717],[-127.946604,52.165717]]],[[[-128.248199,52.021674],[-128.255116,52.049018],[-128.296376,52.105943],[-128.290679,52.124701],[-128.236562,52.187323],[-128.180247,52.199897],[-128.145253,52.19359],[-128.162587,52.073188],[-128.193593,52.056464],[-128.207265,52.021674],[-128.228139,52.016669],[-128.248199,52.021674]]],[[[-128.227773,52.212836],[-128.266021,52.197577],[-128.278391,52.18476],[-128.303538,52.130927],[-128.313629,52.131415],[-128.329823,52.147854],[-128.336673,52.116227],[-128.321517,52.090447],[-128.339757,52.079336],[-128.384268,52.098015],[-128.357846,52.144525],[-128.394574,52.155514],[-128.422426,52.127661],[-128.441712,52.12275],[-128.454672,52.130897],[-128.430069,52.154049],[-128.477369,52.151383],[-128.522442,52.157552],[-128.517978,52.174756],[-128.483673,52.186626],[-128.456544,52.210863],[-128.447298,52.238007],[-128.278879,52.237209],[-128.246571,52.228909],[-128.227773,52.212836]]],[[[-128.097401,52.24079],[-128.137685,52.241645],[-128.173166,52.255072],[-128.100209,52.27851],[-128.055491,52.303453],[-127.98526,52.302069],[-127.960846,52.296047],[-127.907704,52.200873],[-127.915517,52.182766],[-127.932037,52.176215],[-127.995025,52.186184],[-128.071278,52.182318],[-128.091217,52.19359],[-128.086659,52.21601],[-128.033518,52.231513],[-128.021637,52.250678],[-128.054311,52.253485],[-128.097401,52.24079]]],[[[-127.240834,52.426418],[-127.23762,52.365953],[-127.206695,52.350653],[-127.238026,52.312934],[-127.276967,52.289374],[-127.364369,52.261298],[-127.378041,52.248236],[-127.412831,52.255072],[-127.453765,52.237698],[-127.484364,52.210191],[-127.528879,52.19359],[-127.57665,52.186184],[-127.594553,52.156155],[-127.642242,52.138129],[-127.693267,52.067613],[-127.705719,52.043402],[-127.69811,52.004055],[-127.718088,51.988227],[-127.769114,51.973863],[-127.819814,51.970933],[-127.872874,51.954739],[-127.888254,51.953437],[-127.90217,51.968248],[-127.878245,52.083564],[-127.843577,52.117906],[-127.850982,52.148627],[-127.841786,52.168118],[-127.820221,52.195705],[-127.795074,52.217678],[-127.775299,52.220364],[-127.751047,52.25019],[-127.670562,52.255072],[-127.618967,52.280911],[-127.57726,52.289944],[-127.54247,52.308254],[-127.511586,52.312893],[-127.475819,52.336249],[-127.431752,52.387152],[-127.311757,52.413275],[-127.270375,52.43537],[-127.240834,52.426418]]],[[[-128.618235,52.453681],[-128.62564,52.419582],[-128.612782,52.377387],[-128.623158,52.330146],[-128.648305,52.2897],[-128.679596,52.268134],[-128.686391,52.286078],[-128.728098,52.322699],[-128.728098,52.364325],[-128.748525,52.371161],[-128.763824,52.44953],[-128.75536,52.467353],[-128.741119,52.474555],[-128.672841,52.48786],[-128.687082,52.467353],[-128.652943,52.480943],[-128.618235,52.453681]]],[[[-128.562978,52.611396],[-128.561269,52.652248],[-128.550649,52.6647],[-128.536244,52.652289],[-128.525136,52.597968],[-128.472076,52.488267],[-128.484731,52.443183],[-128.497874,52.436347],[-128.534088,52.43594],[-128.560658,52.453315],[-128.592926,52.461412],[-128.6787,52.500881],[-128.698883,52.518134],[-128.713735,52.507717],[-128.701812,52.498725],[-128.706288,52.490953],[-128.719716,52.488349],[-128.734853,52.494615],[-128.757232,52.490302],[-128.817454,52.521959],[-128.80134,52.547024],[-128.734853,52.515123],[-128.713246,52.528876],[-128.700103,52.521959],[-128.693918,52.529446],[-128.721181,52.542426],[-128.70759,52.549262],[-128.738271,52.559801],[-128.741933,52.586168],[-128.732045,52.595526],[-128.583323,52.600491],[-128.562978,52.611396]]],[[[-131.564565,52.727444],[-131.591705,52.721625],[-131.65689,52.721625],[-131.674428,52.706936],[-131.644643,52.713935],[-131.627309,52.693305],[-131.554677,52.7001],[-131.510732,52.730048],[-131.468984,52.73428],[-131.444732,52.702704],[-131.462148,52.659125],[-131.452748,52.64525],[-131.466908,52.636135],[-131.509999,52.631822],[-131.592519,52.665961],[-131.593617,52.638821],[-131.554555,52.614691],[-131.578847,52.597724],[-131.60204,52.59516],[-131.618967,52.605658],[-131.653961,52.645453],[-131.646962,52.664618],[-131.695627,52.700181],[-131.702382,52.721259],[-131.679026,52.734849],[-131.638783,52.737128],[-131.564565,52.727444]]],[[[-128.310374,52.429429],[-128.37857,52.377997],[-128.438629,52.374335],[-128.46642,52.382717],[-128.464223,52.402493],[-128.411,52.439399],[-128.398508,52.467353],[-128.424957,52.487616],[-128.440053,52.611396],[-128.451894,52.630927],[-128.437978,52.652533],[-128.44164,52.672756],[-128.424428,52.715155],[-128.446889,52.741034],[-128.414622,52.782416],[-128.391265,52.796536],[-128.371734,52.795722],[-128.351918,52.717475],[-128.318593,52.687567],[-128.314565,52.588202],[-128.281565,52.498236],[-128.310374,52.429429]]],[[[-128.930084,52.614447],[-128.932485,52.498969],[-128.949574,52.473293],[-128.981272,52.453681],[-128.98648,52.480048],[-128.992502,52.487372],[-129.009185,52.48786],[-129.000559,52.504136],[-129.013824,52.529853],[-129.043365,52.517524],[-129.06017,52.524115],[-129.078114,52.556708],[-129.102284,52.553656],[-129.119252,52.565863],[-129.125885,52.587104],[-129.119049,52.611396],[-129.154693,52.604885],[-129.184153,52.626614],[-129.227691,52.680243],[-129.211822,52.68476],[-129.194203,52.680243],[-129.208852,52.694485],[-129.276112,52.727444],[-129.268666,52.73428],[-129.291982,52.762641],[-129.268666,52.789496],[-129.281484,52.810452],[-129.275054,52.824652],[-129.256988,52.82807],[-129.180531,52.789496],[-129.135732,52.75316],[-129.101796,52.743394],[-128.930084,52.614447]]],[[[-128.310374,52.727444],[-128.323313,52.750718],[-128.322987,52.778754],[-128.27953,52.787258],[-128.235097,52.787665],[-128.214101,52.795722],[-128.190053,52.830146],[-128.173166,52.823635],[-128.21052,52.706732],[-128.255116,52.61758],[-128.274973,52.602525],[-128.287668,52.607367],[-128.28303,52.645453],[-128.296702,52.665961],[-128.288482,52.683743],[-128.310374,52.727444]]],[[[-128.532826,52.727444],[-128.535959,52.766425],[-128.502105,52.872016],[-128.473378,52.853583],[-128.455556,52.789049],[-128.461171,52.775824],[-128.481028,52.78266],[-128.477651,52.70661],[-128.509877,52.653876],[-128.53954,52.708482],[-128.542388,52.721625],[-128.532826,52.727444]]],[[[-129.557281,53.001166],[-129.529775,52.964911],[-129.543609,52.96015],[-129.59203,52.981879],[-129.620513,52.958197],[-129.629262,52.992255],[-129.653472,53.022203],[-129.598704,53.025214],[-129.572092,53.019721],[-129.557281,53.001166]]],[[[-129.564076,53.056342],[-129.543853,53.03974],[-129.515736,53.035875],[-129.543609,53.008612],[-129.570302,53.035875],[-129.582346,53.038031],[-129.601674,53.028469],[-129.645823,53.051703],[-129.687611,53.06387],[-129.564076,53.056342]]],[[[-129.653472,53.132066],[-129.598948,53.093573],[-129.588857,53.071763],[-129.618723,53.06387],[-129.661204,53.069892],[-129.693593,53.083197],[-129.742909,53.132066],[-129.693959,53.138861],[-129.653472,53.132066]]],[[[-129.304067,53.035875],[-129.291127,52.982327],[-129.300364,52.974433],[-129.337961,52.972602],[-129.408437,53.013373],[-129.42691,53.04267],[-129.470937,53.082221],[-129.479604,53.112047],[-129.505767,53.097357],[-129.51537,53.100246],[-129.502675,53.118476],[-129.515452,53.130113],[-129.551747,53.14289],[-129.550445,53.166205],[-129.534088,53.18476],[-129.509836,53.191718],[-129.46109,53.186713],[-129.456614,53.169501],[-129.41393,53.138332],[-129.362375,53.080268],[-129.315297,53.05329],[-129.304067,53.035875]]],[[[-131.112701,52.171942],[-131.127797,52.209133],[-131.147532,52.212836],[-131.140492,52.176907],[-131.152089,52.142401],[-131.174957,52.124498],[-131.201527,52.138373],[-131.215728,52.199774],[-131.277211,52.24079],[-131.242787,52.170478],[-131.237172,52.136054],[-131.262929,52.124701],[-131.279693,52.132392],[-131.34553,52.234565],[-131.352284,52.234565],[-131.356597,52.200385],[-131.380035,52.202948],[-131.431752,52.244534],[-131.458648,52.284369],[-131.489084,52.294094],[-131.517445,52.330227],[-131.537506,52.322699],[-131.55842,52.330227],[-131.537913,52.3581],[-131.557037,52.351793],[-131.575429,52.354397],[-131.586334,52.388577],[-131.574941,52.403306],[-131.549062,52.403998],[-131.503163,52.391669],[-131.511586,52.408515],[-131.529205,52.421373],[-131.568349,52.432563],[-131.603749,52.422919],[-131.647125,52.457099],[-131.657786,52.477851],[-131.760976,52.511664],[-131.882639,52.576158],[-131.897288,52.58747],[-131.902252,52.620347],[-131.929758,52.629625],[-131.928334,52.648871],[-132.010243,52.680243],[-132.086008,52.73428],[-132.045237,52.76496],[-132.011138,52.756293],[-131.969309,52.727444],[-131.963043,52.73428],[-132.017079,52.775214],[-132.004018,52.78266],[-131.922109,52.727444],[-131.941314,52.748481],[-131.938791,52.773139],[-132.017079,52.803168],[-132.065012,52.850002],[-132.086008,52.857733],[-132.060536,52.803453],[-132.090077,52.787909],[-132.11026,52.757148],[-132.133778,52.754706],[-132.175364,52.78266],[-132.1822,52.795722],[-132.21288,52.80622],[-132.240102,52.834052],[-132.242909,52.850816],[-132.223134,52.864569],[-132.288889,52.883002],[-132.326772,52.913275],[-132.342275,52.94245],[-132.317372,52.954413],[-132.289133,52.949042],[-132.259836,52.95775],[-132.236806,52.954006],[-132.180409,52.927314],[-132.167877,52.940334],[-132.189443,52.948717],[-132.202016,52.967597],[-132.140614,52.933498],[-132.161041,52.967597],[-132.130279,52.979967],[-132.113881,53.001166],[-132.12914,53.006415],[-132.180247,52.998521],[-132.231028,53.026353],[-132.346669,53.028469],[-132.339223,53.04267],[-132.408111,53.028469],[-132.420522,53.042792],[-132.469553,53.028469],[-132.48884,53.031684],[-132.509429,53.053656],[-132.497467,53.070014],[-132.516916,53.074856],[-132.551625,53.099107],[-132.532582,53.109809],[-132.565785,53.145738],[-132.542104,53.152045],[-132.459584,53.132066],[-132.373118,53.132717],[-132.295074,53.1612],[-132.246734,53.151923],[-132.0655,53.161282],[-132.040354,53.182603],[-131.976715,53.214667],[-131.955637,53.214667],[-131.941314,53.228339],[-131.903961,53.240709],[-131.839223,53.241929],[-131.810292,53.257392],[-131.797963,53.255601],[-131.765452,53.198798],[-131.764312,53.181708],[-131.784291,53.173733],[-131.784291,53.166205],[-131.719635,53.152981],[-131.702382,53.145738],[-131.681874,53.118476],[-131.64094,53.111029],[-131.613026,53.056342],[-131.59557,53.041938],[-131.63036,53.034898],[-131.669057,53.054877],[-131.721099,53.055487],[-131.784169,53.073676],[-131.82901,53.07685],[-131.904124,53.06387],[-132.004018,53.06387],[-131.941314,53.039293],[-131.937082,53.009101],[-131.922109,52.987494],[-131.90038,53.022203],[-131.836659,53.050279],[-131.750152,53.022203],[-131.62621,52.998114],[-131.595123,52.976549],[-131.627309,52.940334],[-131.613026,52.926663],[-131.694692,52.876858],[-131.800038,52.874823],[-131.82079,52.878974],[-131.877553,52.930325],[-131.897613,52.939846],[-131.922109,52.940334],[-131.948801,52.933498],[-131.925404,52.922065],[-131.894154,52.919176],[-131.894154,52.913031],[-131.983551,52.885077],[-131.983551,52.878241],[-131.900502,52.894721],[-131.873687,52.885077],[-131.852406,52.867174],[-131.87857,52.843695],[-131.877675,52.830797],[-131.856313,52.833889],[-131.82901,52.803168],[-131.660878,52.805732],[-131.653961,52.795722],[-131.771067,52.783271],[-131.797963,52.762152],[-131.82433,52.773179],[-131.853179,52.768378],[-131.804799,52.754706],[-131.839508,52.713772],[-131.781972,52.717353],[-131.755971,52.714057],[-131.729644,52.70067],[-131.692372,52.65412],[-131.687327,52.631008],[-131.709218,52.624986],[-131.659169,52.583441],[-131.620473,52.573188],[-131.625234,52.564358],[-131.660797,52.549262],[-131.660797,52.542426],[-131.623606,52.5362],[-131.592519,52.515123],[-131.555653,52.536566],[-131.537913,52.529446],[-131.539866,52.513129],[-131.468984,52.507717],[-131.483062,52.485175],[-131.414377,52.453681],[-131.448557,52.391669],[-131.397776,52.389797],[-131.387196,52.378119],[-131.407582,52.3581],[-131.366119,52.370103],[-131.352284,52.364325],[-131.354848,52.412421],[-131.34553,52.426418],[-131.330393,52.433987],[-131.248443,52.446926],[-131.241526,52.435248],[-131.247914,52.419827],[-131.28307,52.406968],[-131.304107,52.376451],[-131.304514,52.3581],[-131.281077,52.370592],[-131.249908,52.371161],[-131.254506,52.355292],[-131.307037,52.343085],[-131.325592,52.330227],[-131.340647,52.354438],[-131.349721,52.355902],[-131.359731,52.344428],[-131.34439,52.335435],[-131.318186,52.281806],[-131.30191,52.293647],[-131.242909,52.262152],[-131.215728,52.261298],[-131.260243,52.28974],[-131.256744,52.303453],[-131.225697,52.296047],[-131.184153,52.318427],[-131.142568,52.31623],[-131.128082,52.29621],[-131.098459,52.287991],[-131.085439,52.27558],[-131.099477,52.25609],[-131.154937,52.247748],[-131.18102,52.24079],[-131.18102,52.234565],[-131.126088,52.234524],[-131.078603,52.220364],[-131.023915,52.235297],[-131.009674,52.227118],[-131.015614,52.195258],[-131.037668,52.171942],[-131.112701,52.171942]]],[[[-128.803782,52.70067],[-128.825795,52.671617],[-128.856435,52.659003],[-128.891469,52.660224],[-128.927317,52.672797],[-129.056996,52.741034],[-129.036488,52.762152],[-129.07726,52.778306],[-129.110748,52.820136],[-129.125396,52.867865],[-129.115346,52.878241],[-129.016835,52.85932],[-129.070668,52.892524],[-128.988678,52.933783],[-128.965159,52.965888],[-128.947133,52.974433],[-128.947743,52.998969],[-128.913971,53.01675],[-128.837961,53.035875],[-128.905426,53.089748],[-129.015452,53.145738],[-128.992014,53.096381],[-128.963368,53.104438],[-128.909901,53.073432],[-128.881663,53.04682],[-128.864613,53.04267],[-128.864613,53.035875],[-128.904897,53.034084],[-128.940297,53.022203],[-128.966624,53.003485],[-128.988149,52.967597],[-129.012807,52.946723],[-129.057362,52.917955],[-129.100006,52.902981],[-129.1256,52.931871],[-129.160512,52.930325],[-129.177113,52.936835],[-129.183746,52.94953],[-129.194203,53.004869],[-129.158925,53.074164],[-129.142812,53.082099],[-129.126576,53.081488],[-129.119049,53.070014],[-129.090566,53.088568],[-129.078969,53.11107],[-129.082346,53.201402],[-129.065175,53.214504],[-129.063954,53.231147],[-129.088368,53.291002],[-129.078114,53.302802],[-129.019765,53.310533],[-128.976064,53.294867],[-128.905019,53.293362],[-128.795155,53.218655],[-128.704579,53.174628],[-128.679596,53.166205],[-128.634674,53.163153],[-128.587026,53.113593],[-128.538726,53.019721],[-128.521962,52.933498],[-128.524037,52.891791],[-128.564524,52.743232],[-128.571278,52.737372],[-128.584625,52.741034],[-128.577463,52.700995],[-128.605133,52.665961],[-128.577219,52.659125],[-128.594594,52.614447],[-128.703603,52.611233],[-128.748525,52.597724],[-128.75536,52.603909],[-128.735951,52.656195],[-128.748525,52.744818],[-128.743072,52.763739],[-128.719146,52.795356],[-128.710805,52.836656],[-128.672841,52.864569],[-128.648427,52.916083],[-128.646108,52.96015],[-128.664459,52.970893],[-128.674957,52.97134],[-128.679596,52.963935],[-128.669342,52.907904],[-128.683339,52.899359],[-128.732981,52.918036],[-128.748525,52.913031],[-128.72761,52.876125],[-128.727854,52.853949],[-128.757232,52.834866],[-128.778717,52.730129],[-128.760406,52.669094],[-128.78189,52.669827],[-128.803782,52.70067]]],[[[-129.293528,53.107896],[-129.33137,53.132066],[-129.333567,53.201809],[-129.323883,53.220893],[-129.262074,53.265367],[-129.24942,53.282945],[-129.275746,53.331],[-129.241444,53.333645],[-129.197825,53.321682],[-129.173695,53.302802],[-129.173695,53.261786],[-129.152577,53.228339],[-129.160024,53.186713],[-129.134185,53.120185],[-129.139556,53.104804],[-129.162831,53.099433],[-129.262441,53.104804],[-129.276723,53.091986],[-129.293528,53.107896]]],[[[-128.913645,53.40644],[-128.906402,53.380927],[-128.927317,53.358059],[-128.920725,53.33808],[-128.940012,53.32392],[-129.012807,53.340277],[-129.060414,53.337592],[-129.103749,53.318834],[-129.118479,53.320502],[-129.148183,53.363715],[-129.065785,53.45246],[-129.063832,53.488349],[-129.048451,53.508612],[-128.997222,53.543931],[-128.976796,53.48017],[-128.913645,53.40644]]],[[[-129.74295,53.235297],[-129.737945,53.191352],[-129.748362,53.169908],[-129.769602,53.15941],[-129.785268,53.162421],[-129.817372,53.186713],[-129.858306,53.15941],[-129.912953,53.15941],[-129.939443,53.168891],[-129.993967,53.214179],[-130.009755,53.248196],[-130.075592,53.268988],[-130.094065,53.322577],[-130.155629,53.337226],[-130.164662,53.362779],[-130.19815,53.364895],[-130.222035,53.385403],[-130.314524,53.392768],[-130.32551,53.39997],[-130.413889,53.498603],[-130.404286,53.510199],[-130.338124,53.516303],[-130.364898,53.52733],[-130.449818,53.516791],[-130.502594,53.549791],[-130.527089,53.55268],[-130.529775,53.582913],[-130.515289,53.630357],[-130.496083,53.639228],[-130.444488,53.635403],[-130.365956,53.61286],[-130.315582,53.589789],[-130.261301,53.580634],[-130.187896,53.543606],[-130.115142,53.519436],[-130.075022,53.492865],[-129.973988,53.457994],[-129.882639,53.398179],[-129.867828,53.367621],[-129.74295,53.235297]]],[[[-129.166249,53.385403],[-129.174306,53.450263],[-129.158803,53.53266],[-129.159983,53.627021],[-129.136138,53.6494],[-129.079579,53.667385],[-129.060658,53.684312],[-129.037709,53.69184],[-128.995513,53.700629],[-128.90274,53.700629],[-128.842193,53.715969],[-128.823638,53.708075],[-128.868276,53.667548],[-128.884267,53.576239],[-128.953359,53.591498],[-128.98054,53.584662],[-129.093861,53.508938],[-129.08434,53.467922],[-129.09142,53.450263],[-129.129018,53.430365],[-129.166249,53.385403]]],[[[-130.406361,53.686998],[-130.290924,53.755276],[-130.296376,53.800971],[-130.277252,53.803656],[-130.260894,53.797838],[-130.222035,53.776353],[-130.23469,53.740709],[-130.216786,53.718085],[-130.184438,53.715399],[-130.124745,53.695624],[-130.127512,53.65351],[-130.119008,53.639228],[-130.126454,53.631781],[-130.091664,53.570299],[-130.117014,53.57038],[-130.173655,53.590766],[-130.251617,53.597073],[-130.293813,53.619127],[-130.331858,53.62401],[-130.372874,53.66649],[-130.406361,53.686998]]],[[[-130.252797,53.892483],[-130.196197,53.916571],[-130.18106,53.912909],[-130.106353,53.880357],[-130.070465,53.856431],[-130.030263,53.84809],[-130.018056,53.832465],[-129.932688,53.781928],[-129.900299,53.773424],[-129.865102,53.746161],[-129.830963,53.735419],[-129.674794,53.592719],[-129.534576,53.508124],[-129.515736,53.488349],[-129.550893,53.482245],[-129.616322,53.499091],[-129.629791,53.496812],[-129.639231,53.481513],[-129.611928,53.488349],[-129.588043,53.474677],[-129.498931,53.474758],[-129.478139,53.468329],[-129.426991,53.435004],[-129.402797,53.398366],[-129.336536,53.360615],[-129.345753,53.328067],[-129.325761,53.295911],[-129.328718,53.263449],[-129.3614,53.245541],[-129.379369,53.280238],[-129.396574,53.292449],[-129.390945,53.308748],[-129.406478,53.33222],[-129.429589,53.335635],[-129.459137,53.294827],[-129.47525,53.297431],[-129.502675,53.317084],[-129.512929,53.310696],[-129.502675,53.268622],[-129.482289,53.24494],[-129.483022,53.224107],[-129.498647,53.215562],[-129.523101,53.228339],[-129.567535,53.215318],[-129.585032,53.2237],[-129.59203,53.245063],[-129.659739,53.309638],[-129.639231,53.317084],[-129.67394,53.330064],[-129.659739,53.344428],[-129.672597,53.34927],[-129.714955,53.337592],[-129.762766,53.364895],[-129.766103,53.385403],[-129.796864,53.378485],[-129.830963,53.412665],[-129.821034,53.47134],[-129.875478,53.466376],[-129.896799,53.478095],[-129.871938,53.5362],[-129.888743,53.561713],[-129.927235,53.562893],[-129.886301,53.584621],[-129.913401,53.595364],[-129.940907,53.590766],[-129.940907,53.598212],[-129.912953,53.611274],[-129.938588,53.620429],[-129.985504,53.584621],[-130.030344,53.58161],[-130.049631,53.587795],[-130.057525,53.607856],[-130.033315,53.631293],[-129.978098,53.643012],[-129.91808,53.643134],[-129.879384,53.631781],[-129.871938,53.639228],[-129.902496,53.658759],[-129.946197,53.664293],[-129.99234,53.660712],[-130.075754,53.637641],[-130.091664,53.646064],[-130.0985,53.708075],[-130.167388,53.727973],[-130.202382,53.730292],[-130.214589,53.755276],[-130.204091,53.801174],[-130.214589,53.817328],[-130.290924,53.837836],[-130.267323,53.886135],[-130.252797,53.892483]]],[[[-130.447377,53.981838],[-130.471547,53.910224],[-130.489247,53.899319],[-130.544301,53.910712],[-130.61856,53.965725],[-130.648997,53.949449],[-130.657297,53.950995],[-130.660268,53.967597],[-130.675771,53.961005],[-130.701243,53.920356],[-130.690175,53.905829],[-130.64037,53.885565],[-130.622222,53.856431],[-130.628245,53.843329],[-130.650299,53.837836],[-130.715484,53.857652],[-130.708404,53.905829],[-130.723622,53.920478],[-130.673899,53.989244],[-130.646596,53.989244],[-130.603831,54.025295],[-130.56664,54.032945],[-130.516225,54.056952],[-130.518544,54.068671],[-130.434316,54.081122],[-130.42162,54.100043],[-130.392486,54.095404],[-130.338124,54.071234],[-130.264719,54.015082],[-130.231516,53.973782],[-130.228871,53.953843],[-130.241811,53.937405],[-130.300893,53.902737],[-130.351796,53.837836],[-130.406361,53.837836],[-130.424387,53.871975],[-130.478627,53.84394],[-130.491444,53.877509],[-130.460113,53.892279],[-130.410715,53.953192],[-130.396067,53.962144],[-130.331288,53.967597],[-130.331288,53.975002],[-130.35025,53.982489],[-130.338124,53.995429],[-130.349436,53.999416],[-130.447377,53.981838]]],[[[-132.579416,53.207221],[-132.552113,53.235175],[-132.571116,53.235338],[-132.627187,53.255601],[-132.709788,53.261786],[-132.698476,53.278876],[-132.620351,53.302802],[-132.612904,53.317084],[-132.578765,53.32392],[-132.542633,53.312079],[-132.538442,53.326972],[-132.568959,53.336859],[-132.757558,53.317084],[-132.702952,53.378485],[-132.648305,53.364895],[-132.51887,53.361721],[-132.464752,53.327094],[-132.427602,53.315497],[-132.414906,53.296576],[-132.400136,53.330308],[-132.42516,53.350775],[-132.497467,53.378485],[-132.528961,53.417304],[-132.641225,53.432318],[-132.661366,53.439927],[-132.655263,53.463039],[-132.670562,53.490953],[-132.684682,53.457668],[-132.706532,53.450914],[-132.757558,53.461086],[-132.727528,53.490058],[-132.722646,53.50495],[-132.73644,53.516303],[-132.748891,53.516181],[-132.760976,53.495185],[-132.861887,53.466864],[-132.873647,53.474758],[-132.870229,53.487982],[-132.826487,53.522528],[-132.928863,53.522528],[-132.894114,53.556627],[-132.90803,53.567572],[-132.977284,53.556627],[-132.972401,53.576483],[-132.990631,53.58983],[-132.948476,53.598293],[-132.900217,53.588935],[-132.884185,53.594468],[-132.891103,53.619696],[-133.010813,53.686998],[-132.986806,53.679918],[-132.969838,53.694485],[-132.9558,53.687812],[-132.930776,53.690131],[-132.935658,53.700629],[-132.983713,53.717597],[-132.98351,53.769517],[-132.995188,53.770738],[-133.028676,53.75552],[-133.110422,53.786607],[-133.11144,53.797919],[-133.065419,53.817328],[-133.137441,53.875678],[-133.144399,53.896918],[-133.120676,53.940863],[-133.100819,53.954535],[-133.100738,54.002346],[-133.072865,54.002346],[-133.038075,54.043891],[-133.06664,54.094916],[-133.086537,54.104682],[-133.044749,54.148017],[-133.040517,54.164537],[-133.072865,54.166815],[-133.053375,54.183092],[-132.997874,54.163642],[-132.952789,54.167711],[-132.908803,54.145331],[-132.834381,54.12816],[-132.778066,54.12519],[-132.675649,54.145697],[-132.575673,54.118354],[-132.563385,54.085028],[-132.565785,54.043891],[-132.580149,54.02265],[-132.644602,53.998928],[-132.675201,53.968655],[-132.681304,53.950832],[-132.661366,53.940863],[-132.621002,53.970526],[-132.568105,53.981838],[-132.544667,54.040188],[-132.456532,54.063788],[-132.40685,54.099351],[-132.296742,54.112291],[-132.284006,54.108466],[-132.238393,54.071601],[-132.230377,54.030748],[-132.161041,54.00849],[-132.144521,53.974311],[-132.154897,53.934027],[-132.12682,53.902004],[-132.117014,53.871975],[-132.143951,53.841254],[-132.195872,53.831],[-132.240631,53.777045],[-132.267812,53.769517],[-132.374013,53.762112],[-132.433258,53.726752],[-132.525054,53.703843],[-132.637196,53.700995],[-132.657948,53.690741],[-132.665924,53.676947],[-132.615142,53.679633],[-132.598378,53.670966],[-132.594106,53.653754],[-132.60676,53.631781],[-132.552113,53.66649],[-132.497467,53.646064],[-132.391103,53.671129],[-132.352895,53.672756],[-132.3815,53.647935],[-132.459299,53.6164],[-132.483795,53.577135],[-132.467885,53.577826],[-132.434804,53.604438],[-132.40803,53.613023],[-132.289784,53.622748],[-132.270904,53.639228],[-132.328236,53.648505],[-132.332997,53.659654],[-132.318837,53.672756],[-132.296132,53.673733],[-132.202301,53.655463],[-132.18871,53.681138],[-132.159169,53.699897],[-132.154897,53.714301],[-132.188059,53.7414],[-132.193837,53.773993],[-132.161041,53.813666],[-132.117014,53.841254],[-132.078521,53.892483],[-132.113881,53.930325],[-132.13036,54.010932],[-132.1822,54.043891],[-132.167063,54.045844],[-132.130442,54.033677],[-132.046498,54.022691],[-131.916371,54.040107],[-131.864369,54.067043],[-131.794301,54.08039],[-131.709218,54.118354],[-131.660797,54.166815],[-131.693267,53.991889],[-131.748647,53.91649],[-131.819081,53.854926],[-131.864369,53.799994],[-131.883941,53.697943],[-131.933339,53.618638],[-131.936187,53.596096],[-131.92219,53.563788],[-131.942616,53.521633],[-131.915761,53.45303],[-131.919016,53.388861],[-131.907826,53.358059],[-131.963043,53.282945],[-131.984446,53.260932],[-132.007883,53.253567],[-132.095611,53.254543],[-132.165761,53.245917],[-132.224355,53.230658],[-132.235748,53.207587],[-132.27774,53.214667],[-132.245107,53.196601],[-132.126943,53.200995],[-132.154693,53.176011],[-132.195872,53.15941],[-132.255442,53.161322],[-132.315053,53.198065],[-132.324452,53.165269],[-132.400543,53.147895],[-132.443349,53.145982],[-132.469553,53.151923],[-132.459584,53.184475],[-132.473256,53.186754],[-132.484527,53.167914],[-132.503407,53.167426],[-132.538442,53.179877],[-132.538442,53.186713],[-132.517934,53.193549],[-132.579416,53.207221]]],[[[-130.229156,54.118354],[-130.243398,54.122626],[-130.269846,54.153144],[-130.252797,54.19066],[-130.216461,54.194403],[-130.214589,54.187323],[-130.185902,54.179877],[-130.162506,54.160956],[-130.155873,54.141588],[-130.229156,54.118354]]],[[[-130.654042,54.118354],[-130.672841,54.112779],[-130.697621,54.114936],[-130.80484,54.173651],[-130.776031,54.214097],[-130.756459,54.214545],[-130.68106,54.172065],[-130.649403,54.144599],[-130.654042,54.118354]]],[[[-130.353261,54.267646],[-130.370717,54.252265],[-130.365387,54.242499],[-130.469106,54.303941],[-130.450917,54.327582],[-130.420644,54.331855],[-130.379709,54.303941],[-130.353261,54.267646]]],[[[-130.352122,54.267727],[-130.354237,54.29678],[-130.334299,54.31977],[-130.305043,54.333686],[-130.277252,54.331855],[-130.253041,54.311347],[-130.265045,54.278795],[-130.298451,54.253648],[-130.338124,54.255561],[-130.352122,54.267727]]],[[[-130.760162,54.362006],[-130.769643,54.381171],[-130.756012,54.393866],[-130.715484,54.413804],[-130.708648,54.406399],[-130.701243,54.413804],[-130.687571,54.399604],[-130.69107,54.367092],[-130.713368,54.358954],[-130.760162,54.362006]]],[[[-130.742787,54.605618],[-130.776926,54.55036],[-130.838368,54.512844],[-130.961903,54.454779],[-130.969106,54.461982],[-130.961903,54.539781],[-130.927805,54.591376],[-130.931223,54.622707],[-130.897328,54.633734],[-130.879954,54.630927],[-130.873158,54.619289],[-130.854156,54.630072],[-130.807973,54.611802],[-130.756988,54.633734],[-130.742787,54.605618]]],[[[-130.591949,54.742174],[-130.598053,54.746039],[-130.60969,54.75552],[-130.615102,54.765082],[-130.602528,54.769477],[-130.588735,54.770697],[-130.578603,54.773912],[-130.509877,54.804877],[-130.483551,54.81037],[-130.461578,54.803656],[-130.434316,54.769477],[-130.461781,54.712104],[-130.510081,54.721666],[-130.534657,54.706041],[-130.591949,54.742174]]],[[[-130.208363,54.811103],[-130.222035,54.789984],[-130.201527,54.789984],[-130.208363,54.762641],[-130.23998,54.730536],[-130.283518,54.71483],[-130.377675,54.698188],[-130.340443,54.736884],[-130.274078,54.765123],[-130.233144,54.803046],[-130.208363,54.811103]]],[[[-57.871449,54.817857],[-57.870473,54.834052],[-57.843577,54.824693],[-57.857249,54.803371],[-57.881988,54.795844],[-57.932932,54.797431],[-57.956125,54.792141],[-58.022288,54.756415],[-58.053293,54.753079],[-58.157094,54.763861],[-58.176259,54.775336],[-58.18163,54.806301],[-58.213246,54.832465],[-58.227366,54.871405],[-58.210357,54.87934],[-58.175893,54.858873],[-58.1315,54.87934],[-58.08373,54.87934],[-58.055898,54.897162],[-57.945302,54.926581],[-57.93871,54.893988],[-57.973866,54.87934],[-57.994374,54.838324],[-57.981435,54.820787],[-57.987538,54.803656],[-57.969472,54.806342],[-57.939198,54.827541],[-57.929514,54.828111],[-57.901845,54.809068],[-57.885243,54.807074],[-57.871449,54.817857]]],[[[-130.456858,54.820299],[-130.461578,54.831529],[-130.421132,54.850898],[-130.254709,54.969672],[-130.20401,55.021308],[-130.181793,55.031562],[-130.153472,54.991441],[-130.150054,54.969428],[-130.177358,54.924018],[-130.225453,54.889594],[-130.269846,54.831529],[-130.409495,54.767401],[-130.456858,54.820299]]],[[[-60.749013,55.934516],[-60.752838,55.918443],[-60.687571,55.92829],[-60.708974,55.903957],[-60.744944,55.886908],[-60.865142,55.865871],[-60.889272,55.86579],[-60.89981,55.876776],[-60.888905,55.885891],[-60.81786,55.886705],[-60.81786,55.89289],[-60.869781,55.907782],[-60.879303,55.920844],[-60.874013,55.947821],[-60.85204,55.961859],[-60.802724,55.946234],[-60.742177,55.948188],[-60.749013,55.934516]]],[[[-61.009674,56.043769],[-61.009674,56.037543],[-60.940663,56.018948],[-60.955068,56.010199],[-61.002756,56.009914],[-61.174143,56.032416],[-61.21703,56.057929],[-61.23233,56.099799],[-61.208323,56.106431],[-61.215728,56.09219],[-61.200673,56.083075],[-61.14684,56.09219],[-61.161448,56.104926],[-61.18102,56.09219],[-61.188385,56.107856],[-61.133778,56.119452],[-61.133127,56.149156],[-61.103831,56.156928],[-61.098459,56.174709],[-61.043813,56.161078],[-61.043813,56.153632],[-61.065053,56.144965],[-61.053578,56.1258],[-60.961415,56.104804],[-60.940785,56.09219],[-60.953847,56.089545],[-60.976796,56.058336],[-61.009674,56.043769]]],[[[-61.413726,56.373358],[-61.421946,56.363105],[-61.452992,56.357367],[-61.462148,56.345404],[-61.413726,56.332343],[-61.413726,56.325588],[-61.475901,56.318793],[-61.596995,56.333238],[-61.70873,56.363267],[-61.756418,56.400621],[-61.797353,56.414293],[-61.797353,56.421129],[-61.577016,56.392971],[-61.544097,56.393785],[-61.551503,56.393785],[-61.482493,56.408393],[-61.462148,56.400621],[-61.462148,56.408108],[-61.413726,56.373358]]],[[[-61.228831,56.455268],[-61.210072,56.450588],[-61.166005,56.454779],[-61.14684,56.442206],[-61.379221,56.452216],[-61.488881,56.46955],[-61.475209,56.455268],[-61.49942,56.441962],[-61.541575,56.469428],[-61.633453,56.46955],[-61.619781,56.483222],[-61.639638,56.496894],[-61.450917,56.478217],[-61.428049,56.483222],[-61.427113,56.492499],[-61.454091,56.498847],[-61.633453,56.510484],[-61.622141,56.523871],[-61.587392,56.51968],[-61.571401,56.524156],[-61.60554,56.558295],[-61.46231,56.550035],[-61.413726,56.530341],[-61.330149,56.515326],[-61.31135,56.496894],[-61.366567,56.483222],[-61.366567,56.475735],[-61.325592,56.46955],[-61.299143,56.481594],[-61.226633,56.486762],[-61.193227,56.485053],[-61.167348,56.475735],[-61.216176,56.465399],[-61.228831,56.455268]]],[[[-61.215728,56.585639],[-61.234975,56.626532],[-61.200063,56.644273],[-61.186431,56.662055],[-61.133778,56.661322],[-61.133778,56.667548],[-61.162831,56.675971],[-61.164906,56.69184],[-61.115224,56.6883],[-61.082021,56.677924],[-61.085439,56.661322],[-61.071156,56.661322],[-61.105865,56.626532],[-61.057485,56.633979],[-61.057485,56.626532],[-61.105865,56.612942],[-61.152455,56.610256],[-61.200673,56.584377],[-61.215728,56.585639]]],[[[-61.62975,56.84634],[-61.634429,56.852484],[-61.60554,56.887274],[-61.527008,56.91413],[-61.519887,56.948717],[-61.478831,56.957668],[-61.411855,56.929145],[-61.362945,56.939887],[-61.338694,56.935045],[-61.40689,56.879828],[-61.377675,56.874945],[-61.352284,56.859931],[-61.370758,56.847073],[-61.432729,56.822252],[-61.455312,56.825832],[-61.44518,56.833319],[-61.454579,56.844062],[-61.48233,56.843492],[-61.503,56.829169],[-61.495676,56.821479],[-61.51061,56.802191],[-61.560658,56.789781],[-61.584706,56.771674],[-61.578847,56.756903],[-61.564687,56.753974],[-61.485748,56.791083],[-61.401357,56.780219],[-61.384389,56.772162],[-61.372792,56.692084],[-61.377512,56.677965],[-61.40689,56.667548],[-61.382476,56.644965],[-61.388417,56.623236],[-61.434885,56.620347],[-61.453521,56.626044],[-61.509918,56.667548],[-61.561147,56.685492],[-61.575307,56.70425],[-61.601715,56.714097],[-61.625722,56.735907],[-61.647125,56.736477],[-61.624135,56.79682],[-61.62975,56.84634]]],[[[-61.612945,57.415473],[-61.647288,57.40058],[-61.682769,57.399563],[-61.848948,57.415107],[-61.890736,57.427558],[-61.90038,57.448961],[-61.798207,57.483832],[-61.742096,57.534857],[-61.679351,57.537543],[-61.659332,57.533026],[-61.633453,57.511054],[-61.694936,57.497463],[-61.647125,57.489936],[-61.647125,57.4831],[-61.680653,57.462633],[-61.790842,57.459418],[-61.825266,57.435289],[-61.797597,57.428778],[-61.76887,57.443915],[-61.750315,57.444973],[-61.666819,57.435492],[-61.612945,57.421698],[-61.612945,57.415473]]],[[[-61.85261,57.586127],[-61.792714,57.556627],[-61.779897,57.536119],[-61.793935,57.50731],[-61.817983,57.494696],[-61.929067,57.456122],[-62.017079,57.51789],[-62.0183,57.547309],[-61.99828,57.572699],[-61.967112,57.589423],[-61.93517,57.592963],[-61.955149,57.559027],[-61.941314,57.552069],[-61.926137,57.556138],[-61.894154,57.592963],[-61.877187,57.585395],[-61.85261,57.586127]]],[[[-61.90038,57.764309],[-61.884511,57.786322],[-61.800404,57.844916],[-61.749501,57.839423],[-61.726715,57.824042],[-61.71939,57.834784],[-61.694936,57.833197],[-61.722808,57.784817],[-61.654124,57.789984],[-61.660308,57.769599],[-61.6881,57.750637],[-61.667592,57.750637],[-61.677968,57.727932],[-61.71109,57.725246],[-61.745188,57.713039],[-61.822174,57.757636],[-61.830312,57.783026],[-61.854115,57.777167],[-61.877512,57.755764],[-61.90038,57.764309]]],[[[-61.931386,57.795356],[-61.959828,57.789537],[-62.054311,57.833197],[-62.092152,57.815863],[-62.105784,57.838568],[-62.041168,57.894029],[-62.011301,57.909247],[-61.931386,57.915107],[-61.921051,57.90941],[-61.941314,57.874172],[-61.886708,57.874172],[-61.871734,57.848456],[-61.891713,57.815009],[-61.931386,57.795356]]],[[[-69.101971,59.131323],[-69.064966,59.094661],[-69.061311,59.076581],[-69.102027,59.066317],[-69.081801,59.061406],[-69.146824,59.037981],[-69.177968,59.011298],[-69.217193,58.994452],[-69.231516,58.980658],[-69.218902,58.963446],[-69.23766,58.954169],[-69.294586,58.983954],[-69.322092,58.950751],[-69.343617,58.949408],[-69.363515,58.963446],[-69.322581,59.005072],[-69.322581,59.028957],[-69.286244,59.06981],[-69.354156,59.14057],[-69.294586,59.151842],[-69.234975,59.153062],[-69.165888,59.145193],[-69.151944,59.134724],[-69.114335,59.1422],[-69.101971,59.131323]]],[[[-64.078969,59.799547],[-64.058827,59.785386],[-63.985707,59.770941],[-63.96288,59.751776],[-63.991322,59.727769],[-64.052113,59.723456],[-64.106923,59.703315],[-64.139027,59.700873],[-64.169057,59.71015],[-64.141672,59.723822],[-64.19164,59.733588],[-64.203114,59.74494],[-64.182607,59.772203],[-64.168935,59.773586],[-64.127431,59.758612],[-64.155344,59.786526],[-64.120595,59.854193],[-64.079701,59.866441],[-64.045481,59.854193],[-64.059722,59.841132],[-64.03185,59.805732],[-64.078969,59.799547]]],[[[-107.875356,66.943061],[-107.839101,67.000678],[-107.811513,67.015204],[-107.793446,66.994574],[-107.830678,66.902655],[-107.88858,66.867092],[-107.92398,66.854682],[-107.95051,66.857978],[-107.901967,66.89232],[-107.875356,66.943061]]],[[[-108.046702,66.981513],[-107.993642,66.956],[-107.966868,66.949286],[-107.936838,66.953559],[-107.979115,66.927314],[-107.999379,66.925035],[-107.998891,66.912584],[-108.036773,66.90233],[-108.098215,66.974066],[-108.11498,67.036811],[-108.046702,66.981513]]],[[[-107.416656,67.11872],[-107.320465,67.104438],[-107.34553,67.088813],[-107.517486,67.081977],[-107.543568,67.088446],[-107.614654,67.165839],[-107.624176,67.204535],[-107.608754,67.210028],[-107.579945,67.200629],[-107.416656,67.11872]]],[[[-108.005727,67.371975],[-108.08495,67.383002],[-108.127594,67.396715],[-108.149078,67.412909],[-108.137685,67.422756],[-108.039866,67.392401],[-108.032379,67.412909],[-108.080881,67.4265],[-108.051991,67.446479],[-107.973866,67.457831],[-107.95051,67.475002],[-107.971588,67.481147],[-107.919667,67.487698],[-107.901682,67.485907],[-107.881581,67.467475],[-107.889027,67.406073],[-107.936838,67.357652],[-107.907541,67.331448],[-107.907338,67.31684],[-107.929677,67.310492],[-107.952992,67.316107],[-108.013173,67.357652],[-108.005727,67.371975]]],[[[-108.286936,67.535793],[-108.302642,67.526597],[-108.299916,67.494818],[-108.382476,67.467475],[-108.419586,67.471869],[-108.452707,67.488837],[-108.499176,67.535793],[-108.480946,67.536689],[-108.471262,67.549506],[-108.49234,67.563707],[-108.458241,67.573676],[-108.361399,67.549506],[-108.330149,67.564154],[-108.314198,67.563707],[-108.293324,67.555487],[-108.286936,67.535793]]],[[[-108.128651,67.645697],[-108.111969,67.675971],[-108.003814,67.660549],[-107.922515,67.549506],[-107.93456,67.537014],[-107.953196,67.535102],[-107.977773,67.553168],[-108.070302,67.539496],[-108.034901,67.504381],[-108.061838,67.481024],[-108.105784,67.468207],[-108.142242,67.529608],[-108.137563,67.550523],[-108.073394,67.563707],[-108.118642,67.582953],[-108.128651,67.645697]]],[[[-97.431711,67.707709],[-97.392812,67.73432],[-97.367421,67.738267],[-97.33609,67.728217],[-97.346059,67.67357],[-97.431711,67.639472],[-97.518137,67.624254],[-97.537831,67.628892],[-97.551178,67.645331],[-97.527903,67.680406],[-97.562001,67.694037],[-97.460561,67.696112],[-97.431711,67.707709]]],[[[-109.211741,67.7897],[-109.120676,67.809638],[-109.070709,67.810981],[-109.039784,67.7897],[-109.136057,67.768134],[-109.179514,67.76911],[-109.211741,67.7897]]],[[[-114.137278,67.887641],[-114.086293,67.882392],[-113.974517,67.891791],[-113.926503,67.879096],[-113.99059,67.878974],[-114.008412,67.872219],[-114.237782,67.879096],[-114.296457,67.892727],[-114.296457,67.899563],[-114.257232,67.907294],[-114.216298,67.906195],[-114.137278,67.887641]]],[[[-113.446034,67.926825],[-113.341298,67.938951],[-113.284332,67.938544],[-113.248036,67.919989],[-113.295277,67.906317],[-113.528432,67.89525],[-113.603749,67.906317],[-113.558583,67.916083],[-113.421539,67.906968],[-113.398915,67.913764],[-113.446034,67.919989],[-113.446034,67.926825]]],[[[-111.089345,67.865424],[-110.844472,67.955552],[-110.808176,67.961005],[-110.878651,67.892524],[-110.952138,67.885891],[-111.075307,67.855292],[-111.089345,67.865424]]],[[[-108.053538,67.954779],[-108.055572,67.924302],[-108.092193,67.884711],[-108.121816,67.879096],[-108.190745,67.885891],[-108.229237,67.881741],[-108.247874,67.882961],[-108.258941,67.892727],[-108.240224,67.89761],[-108.222239,67.941881],[-108.177073,67.961005],[-108.1044,67.978502],[-108.067616,67.976508],[-108.053538,67.954779]]],[[[-108.910715,67.919989],[-108.881988,67.917711],[-108.873402,67.900702],[-108.88329,67.881415],[-108.910064,67.872219],[-109.139231,67.932847],[-109.184682,67.957343],[-109.19811,67.995103],[-109.163197,67.980536],[-109.047231,67.954779],[-109.074574,67.975287],[-109.012807,67.968411],[-108.982411,67.981391],[-108.935129,67.970649],[-108.885854,67.954779],[-108.910715,67.919989]]],[[[-98.966664,68.070868],[-98.9735,68.016181],[-98.932485,68.00259],[-98.95401,67.985093],[-98.981923,67.982245],[-99.009999,67.990302],[-99.083363,68.057196],[-99.053863,68.052069],[-98.991811,68.076606],[-98.966664,68.070868]]],[[[-109.355702,68.057196],[-109.316803,68.029934],[-109.308217,68.008368],[-109.317535,67.985175],[-109.342397,67.981187],[-109.383453,67.989407],[-109.547515,68.057196],[-109.485178,68.043647],[-109.471791,68.05036],[-109.482411,68.072821],[-109.506581,68.08511],[-109.483876,68.099311],[-109.425038,68.089911],[-109.403554,68.063178],[-109.355702,68.057196]]],[[[-110.061431,68.098131],[-109.920644,68.139838],[-109.875844,68.13227],[-109.91393,68.088324],[-110.01065,68.077582],[-110.077748,68.058783],[-110.157623,68.057196],[-110.232411,68.03856],[-110.259429,68.042914],[-110.164784,68.082017],[-110.061431,68.098131]]],[[[-109.856028,68.159613],[-109.78482,68.180894],[-109.643178,68.242621],[-109.567983,68.249579],[-109.595855,68.218329],[-109.663564,68.21426],[-109.680409,68.183824],[-109.781972,68.142646],[-109.829335,68.138129],[-109.856028,68.159613]]],[[[-111.657867,68.304185],[-111.528676,68.314032],[-111.500234,68.304185],[-111.512766,68.296942],[-111.599192,68.289944],[-111.629547,68.27025],[-111.644846,68.235907],[-111.676991,68.225328],[-111.726064,68.221503],[-111.768707,68.229926],[-111.781361,68.255805],[-111.770619,68.267401],[-111.71935,68.283149],[-111.720082,68.301703],[-111.657867,68.304185]]],[[[-100.090688,68.372504],[-100.077748,68.362616],[-100.090688,68.290595],[-100.120961,68.278632],[-100.163157,68.288235],[-100.234039,68.324042],[-100.155507,68.337592],[-100.120758,68.354885],[-100.118642,68.379299],[-100.090688,68.372504]]],[[[-110.836049,68.550686],[-110.798655,68.548529],[-110.755727,68.535834],[-110.718739,68.515041],[-110.698883,68.488593],[-110.902415,68.469875],[-111.082183,68.474921],[-111.095204,68.480048],[-111.034047,68.50967],[-110.836049,68.550686]]],[[[-110.644276,68.550686],[-110.520741,68.550686],[-110.55248,68.528713],[-110.614329,68.52261],[-110.726186,68.537014],[-110.760487,68.56623],[-110.750396,68.571112],[-110.657297,68.569159],[-110.629994,68.578559],[-110.622548,68.571112],[-110.644276,68.550686]]],[[[-104.490142,68.515855],[-104.452301,68.491929],[-104.429433,68.444973],[-104.46581,68.416897],[-104.52892,68.403306],[-104.655181,68.398017],[-104.901357,68.457831],[-105.062164,68.549506],[-105.086008,68.550686],[-104.990875,68.578559],[-104.888905,68.587348],[-104.681304,68.578559],[-104.575673,68.554389],[-104.490142,68.515855]]],[[[-113.967437,68.612128],[-113.941884,68.620307],[-113.835276,68.614447],[-113.762034,68.597805],[-113.795766,68.581732],[-113.967437,68.597805],[-113.967437,68.612128]]],[[[-114.14623,68.67414],[-114.04776,68.627183],[-114.070465,68.619534],[-114.106842,68.628363],[-114.192738,68.680976],[-114.166575,68.686184],[-114.14623,68.67414]]],[[[-101.693959,68.770331],[-101.701405,68.721991],[-101.679677,68.67414],[-101.694,68.653876],[-101.715077,68.638739],[-101.824941,68.653022],[-101.79898,68.627387],[-101.844797,68.571112],[-101.995961,68.616767],[-102.022939,68.619534],[-102.064198,68.612128],[-102.132802,68.638739],[-102.210032,68.642157],[-102.351918,68.687201],[-102.261057,68.69892],[-102.159779,68.740627],[-102.064605,68.764309],[-102.057688,68.797065],[-102.024648,68.823798],[-101.979563,68.825995],[-101.777984,68.78856],[-101.707753,68.787828],[-101.693959,68.770331]]],[[[-114.473948,68.893256],[-114.438385,68.900377],[-114.353993,68.894355],[-114.330474,68.886176],[-114.350982,68.872748],[-114.382192,68.869208],[-114.473948,68.893256]]],[[[-100.206776,68.8039],[-100.221059,68.770331],[-100.239166,68.765855],[-100.288971,68.773383],[-100.310414,68.770331],[-100.363515,68.722073],[-100.392405,68.715074],[-100.445424,68.730536],[-100.494781,68.762885],[-100.447011,68.776557],[-100.471181,68.79975],[-100.545033,68.786078],[-100.579457,68.752916],[-100.603342,68.755561],[-100.631337,68.797065],[-100.63036,68.874701],[-100.62206,68.919623],[-100.590403,68.927395],[-100.579742,68.947984],[-100.631337,68.995673],[-100.578928,69.011868],[-100.560658,69.037787],[-100.537668,69.041978],[-100.404124,69.029731],[-100.323476,69.003119],[-100.328521,68.979641],[-100.309153,68.965888],[-100.228627,68.9289],[-100.154205,68.923407],[-100.124867,68.906928],[-100.180084,68.893256],[-100.171213,68.864814],[-100.206776,68.852281],[-100.177561,68.803371],[-100.206776,68.8039]]],[[[-100.042307,69.085028],[-99.986318,69.029608],[-100.000966,68.960639],[-100.02184,68.940375],[-100.165842,68.968329],[-100.197621,68.98192],[-100.248647,69.022284],[-100.255198,69.050279],[-100.238271,69.08454],[-100.172515,69.114976],[-100.138539,69.147121],[-100.12267,69.129218],[-100.051015,69.106879],[-100.034739,69.096177],[-100.042307,69.085028]]],[[[-101.529449,69.188056],[-101.504547,69.175727],[-101.506093,69.154771],[-101.550608,69.112982],[-101.663564,69.08808],[-101.68224,69.086737],[-101.701405,69.0987],[-101.68102,69.116889],[-101.618479,69.132514],[-101.605214,69.150539],[-101.619456,69.164293],[-101.69164,69.167141],[-101.721913,69.180609],[-101.689076,69.211168],[-101.627756,69.223538],[-101.563791,69.21955],[-101.523264,69.201117],[-101.529449,69.188056]]],[[[-135.566762,69.386054],[-135.551666,69.407131],[-135.521596,69.407416],[-135.460927,69.393541],[-135.38915,69.400051],[-135.353383,69.39704],[-135.320953,69.379869],[-135.348297,69.359361],[-135.326243,69.354967],[-135.280995,69.361762],[-135.272572,69.348822],[-135.307607,69.309149],[-135.372792,69.343695],[-135.566762,69.386054]]],[[[-100.981435,69.482245],[-100.95934,69.47248],[-100.990956,69.449937],[-101.061187,69.45954],[-101.092763,69.43891],[-101.098053,69.407782],[-101.159535,69.393541],[-101.198801,69.405504],[-101.20637,69.380072],[-101.242502,69.374335],[-101.28307,69.386054],[-101.247182,69.39411],[-101.242055,69.420844],[-101.257192,69.432603],[-101.291615,69.435981],[-101.303538,69.448147],[-101.264882,69.440904],[-101.235178,69.443793],[-101.186838,69.482245],[-101.247955,69.502346],[-101.269399,69.502753],[-101.262563,69.489691],[-101.280181,69.489203],[-101.381459,69.538153],[-101.353749,69.57331],[-101.310862,69.583441],[-101.260243,69.580715],[-101.237375,69.548285],[-101.173207,69.571682],[-101.170562,69.552151],[-101.078359,69.53734],[-101.063547,69.530992],[-101.071278,69.511908],[-100.981435,69.482245]]],[[[-96.554921,69.479193],[-96.612375,69.503363],[-96.740224,69.585354],[-96.691803,69.585354],[-96.636871,69.558051],[-96.543121,69.566596],[-96.384104,69.562567],[-96.322499,69.531399],[-96.208323,69.551825],[-96.189361,69.571234],[-96.16926,69.570502],[-96.136871,69.551174],[-96.101308,69.467271],[-96.110015,69.449652],[-96.150543,69.42829],[-96.129506,69.393541],[-96.151194,69.366034],[-96.143137,69.352525],[-96.232045,69.362698],[-96.275746,69.374579],[-96.384999,69.449774],[-96.554921,69.479193]]],[[[-133.929433,69.577867],[-133.888336,69.571967],[-133.949859,69.564195],[-134.018178,69.577867],[-134.016957,69.585883],[-133.901438,69.626899],[-133.861155,69.619452],[-133.850575,69.60578],[-133.812734,69.60578],[-133.830434,69.593492],[-133.929433,69.585354],[-133.929433,69.577867]]],[[[-95.944488,69.420844],[-95.999257,69.448961],[-96.011383,69.482815],[-95.951975,69.517035],[-95.954213,69.539252],[-95.911692,69.600246],[-95.828196,69.609198],[-95.801137,69.633124],[-95.702504,69.631252],[-95.677602,69.626288],[-95.691274,69.612616],[-95.680287,69.60932],[-95.617909,69.617336],[-95.492055,69.571682],[-95.371205,69.513577],[-95.403228,69.396918],[-95.412994,69.386298],[-95.481801,69.369615],[-95.514963,69.335354],[-95.533599,69.331448],[-95.711659,69.321763],[-95.74592,69.338935],[-95.711781,69.34512],[-95.718821,69.386176],[-95.663401,69.400336],[-95.655385,69.409491],[-95.691274,69.47606],[-95.673166,69.514594],[-95.694692,69.540595],[-95.762359,69.564399],[-95.80427,69.565619],[-95.835276,69.558051],[-95.780019,69.468655],[-95.855377,69.401597],[-95.87621,69.372992],[-95.86262,69.359361],[-95.884592,69.343899],[-95.922475,69.343085],[-95.992299,69.359361],[-95.992299,69.393541],[-95.944488,69.420844]]],[[[-139.113393,69.654202],[-138.92101,69.617011],[-138.870107,69.592108],[-138.905385,69.578315],[-139.02774,69.585354],[-139.11026,69.536851],[-139.137847,69.535224],[-139.207183,69.552314],[-139.260243,69.585395],[-139.303619,69.572008],[-139.335601,69.571682],[-139.218414,69.631578],[-139.164947,69.647895],[-139.113393,69.654202]]],[[[-135.574208,69.577867],[-135.592885,69.593655],[-135.581044,69.60928],[-135.510976,69.648383],[-135.402943,69.654202],[-135.488881,69.57925],[-135.547719,69.571682],[-135.574208,69.577867]]],[[[-102.125966,69.715033],[-102.118967,69.670966],[-102.159332,69.654242],[-102.210561,69.660305],[-102.235829,69.684638],[-102.226186,69.72606],[-102.156484,69.734931],[-102.137563,69.73192],[-102.125966,69.715033]]],[[[-95.214915,68.862209],[-95.213531,68.849311],[-95.274892,68.800035],[-95.438954,68.739569],[-95.530385,68.678412],[-95.568349,68.680976],[-95.547515,68.729478],[-95.559926,68.744818],[-95.595082,68.756049],[-95.730458,68.731757],[-95.777821,68.74136],[-95.807362,68.729397],[-95.792836,68.699205],[-95.836293,68.686835],[-95.853871,68.668647],[-95.842112,68.619534],[-95.881459,68.610297],[-95.958648,68.629096],[-95.999745,68.625718],[-96.065663,68.582587],[-96.15217,68.564399],[-96.295888,68.480129],[-96.520497,68.447577],[-96.634185,68.470649],[-96.713206,68.478461],[-96.880035,68.518785],[-96.943349,68.526516],[-97.020172,68.546576],[-97.101959,68.58983],[-97.144276,68.591539],[-97.096181,68.53913],[-97.106435,68.530097],[-97.15925,68.518134],[-97.199818,68.517564],[-97.260365,68.530097],[-97.321889,68.533149],[-97.408111,68.550686],[-97.464467,68.535224],[-97.562001,68.564276],[-97.653676,68.606879],[-97.710805,68.619371],[-97.788564,68.660468],[-97.837799,68.657782],[-97.993276,68.696601],[-98.041819,68.701402],[-98.103261,68.67414],[-98.119252,68.674994],[-98.164947,68.699774],[-98.21935,68.715074],[-98.290273,68.758205],[-98.255035,68.825751],[-98.363759,68.857571],[-98.406565,68.861518],[-98.425404,68.848863],[-98.400624,68.792304],[-98.411122,68.770331],[-98.439361,68.754055],[-98.480621,68.746772],[-98.522369,68.750312],[-98.583974,68.794379],[-98.644521,68.8039],[-98.67927,68.790229],[-98.717681,68.791449],[-98.863352,68.834418],[-98.87385,68.873969],[-98.84968,68.896064],[-98.818512,68.905707],[-98.819732,68.92772],[-98.871409,68.939683],[-98.932769,68.943508],[-98.96996,68.954739],[-99.001373,68.947903],[-99.001373,68.921129],[-99.018788,68.909247],[-99.073394,68.921129],[-99.126617,68.92064],[-99.042348,68.865912],[-99.069569,68.856757],[-99.130035,68.852973],[-99.19225,68.829779],[-99.242421,68.85578],[-99.441151,68.899359],[-99.463043,68.951077],[-99.59081,69.014838],[-99.597279,69.026679],[-99.577748,69.053534],[-99.461293,69.134589],[-99.419097,69.139635],[-99.349721,69.133124],[-99.292958,69.161119],[-99.275136,69.147121],[-99.257314,69.154364],[-99.206207,69.139635],[-99.131093,69.147121],[-99.006703,69.139065],[-98.966949,69.150539],[-98.92455,69.17772],[-98.786366,69.17768],[-98.712758,69.202135],[-98.699778,69.222154],[-98.710072,69.256496],[-98.653228,69.301011],[-98.624338,69.301011],[-98.573354,69.276923],[-98.555084,69.276801],[-98.51476,69.304145],[-98.409576,69.307807],[-98.39269,69.333401],[-98.411122,69.352525],[-98.554026,69.406399],[-98.611318,69.449164],[-98.576324,69.480536],[-98.451568,69.464545],[-98.418568,69.47606],[-98.536,69.498969],[-98.590566,69.52025],[-98.596099,69.558051],[-98.549428,69.58511],[-98.462473,69.583564],[-98.369252,69.568345],[-98.276519,69.499091],[-98.182688,69.467353],[-98.108754,69.46601],[-98.095041,69.426988],[-98.023834,69.434638],[-98.000844,69.448147],[-98.156239,69.501166],[-98.240875,69.56566],[-98.290191,69.589016],[-98.370188,69.60578],[-98.336171,69.637437],[-98.329213,69.701972],[-98.283844,69.757148],[-98.21935,69.797593],[-98.116933,69.811225],[-98.021474,69.88524],[-97.974599,69.89643],[-97.92516,69.895941],[-97.826487,69.869452],[-97.706654,69.852851],[-97.676381,69.808539],[-97.616933,69.794176],[-97.47525,69.777167],[-97.452138,69.766832],[-97.438791,69.742011],[-97.342275,69.708808],[-97.378407,69.691799],[-97.458323,69.689154],[-97.493153,69.674058],[-97.390736,69.600165],[-97.376576,69.597642],[-97.315012,69.68773],[-97.284006,69.696967],[-97.224843,69.682318],[-97.12149,69.627427],[-97.084218,69.582261],[-97.043284,69.572577],[-96.893422,69.497748],[-96.856557,69.48786],[-96.793528,69.495795],[-96.71231,69.454332],[-96.619985,69.445258],[-96.534169,69.42829],[-96.409169,69.374823],[-96.321278,69.355129],[-96.219797,69.313951],[-96.184234,69.291002],[-96.171051,69.263129],[-96.205922,69.229885],[-96.223053,69.179511],[-96.253,69.160142],[-96.216624,69.118883],[-96.239369,69.072008],[-96.225575,69.054429],[-96.174713,69.03266],[-96.123402,69.033352],[-96.156606,69.084947],[-96.136871,69.126654],[-96.154775,69.164211],[-96.067738,69.235256],[-96.048207,69.229722],[-96.017161,69.184394],[-95.951975,69.139635],[-95.924672,69.085028],[-95.971588,69.061957],[-95.974599,69.040025],[-95.938466,69.005561],[-95.87975,68.986518],[-95.855336,68.969062],[-95.84553,68.890611],[-95.828196,68.875881],[-95.811147,68.873969],[-95.766713,68.893256],[-95.706614,68.884182],[-95.677968,68.869452],[-95.657582,68.836127],[-95.629018,68.831041],[-95.571034,68.83511],[-95.395619,68.898668],[-95.353261,68.903957],[-95.214915,68.862209]]],[[[-97.46581,69.900621],[-97.486969,69.914008],[-97.485951,69.949408],[-97.46581,69.962714],[-97.388417,69.962388],[-97.347157,69.951972],[-97.329254,69.93476],[-97.355946,69.907457],[-97.326405,69.891832],[-97.254791,69.894721],[-97.226226,69.879543],[-97.249094,69.860175],[-97.27538,69.858873],[-97.357777,69.89289],[-97.46581,69.900621]]],[[[-124.959218,70.167548],[-125.007802,70.136176],[-125.067779,70.146674],[-125.096344,70.140204],[-125.047963,70.126614],[-125.066151,70.120795],[-125.123687,70.126614],[-125.120107,70.144192],[-125.084584,70.164862],[-124.959218,70.167548]]],[[[-113.165517,70.312161],[-113.056304,70.311347],[-112.976877,70.301663],[-112.946401,70.290432],[-112.97643,70.28384],[-113.163401,70.283433],[-113.207102,70.297838],[-113.165517,70.312161]]],[[[-100.7412,70.312161],[-100.77599,70.284247],[-100.769154,70.256903],[-100.794342,70.256049],[-100.872182,70.297838],[-100.850942,70.306342],[-100.851064,70.325141],[-100.826894,70.329006],[-100.760243,70.322984],[-100.7412,70.312161]]],[[[-111.952707,70.325141],[-111.880767,70.317694],[-111.671498,70.312161],[-112.108469,70.30093],[-112.311513,70.34691],[-112.322621,70.356187],[-112.311757,70.366278],[-112.286773,70.368964],[-112.094553,70.354193],[-111.952707,70.325141]]],[[[-116.664052,70.497056],[-116.610911,70.493354],[-116.571197,70.469794],[-116.606679,70.478705],[-116.752919,70.478013],[-116.815175,70.49372],[-116.831939,70.510728],[-116.664052,70.497056]]],[[[-116.263417,70.551703],[-116.156646,70.548529],[-116.1256,70.538072],[-116.228627,70.538072],[-116.300649,70.517646],[-116.354237,70.519761],[-116.453114,70.511949],[-116.496165,70.52383],[-116.443471,70.543158],[-116.352651,70.533393],[-116.297475,70.554633],[-116.263417,70.551703]]],[[[-116.722076,70.558539],[-116.680002,70.568183],[-116.610463,70.571031],[-116.543609,70.565863],[-116.509755,70.551703],[-116.540639,70.543687],[-116.744456,70.542426],[-116.777333,70.551703],[-116.722076,70.558539]]],[[[-115.885976,70.58218],[-115.834788,70.58161],[-115.815785,70.573676],[-115.82429,70.561957],[-115.879221,70.54621],[-115.942128,70.542304],[-116.064117,70.551703],[-115.885976,70.58218]]],[[[-117.05724,70.571601],[-116.917551,70.566474],[-116.87975,70.551703],[-116.908315,70.543158],[-117.002594,70.551703],[-117.221995,70.543118],[-117.275787,70.550279],[-117.30427,70.571601],[-117.239735,70.592719],[-117.05724,70.571601]]],[[[-128.234609,70.660956],[-128.155995,70.648139],[-128.08373,70.613186],[-128.103668,70.601386],[-128.124745,70.60635],[-128.11856,70.584418],[-128.137034,70.575385],[-128.186838,70.579047],[-128.241282,70.599433],[-128.255116,70.585273],[-128.242055,70.571601],[-128.344472,70.544867],[-128.234609,70.660956]]],[[[-100.351389,70.489651],[-100.461985,70.496487],[-100.655629,70.551581],[-100.680328,70.575344],[-100.671783,70.645738],[-100.714508,70.681464],[-100.685902,70.68476],[-100.580434,70.660956],[-100.486399,70.681545],[-100.412831,70.64053],[-100.343902,70.626207],[-100.365061,70.620022],[-100.34435,70.609768],[-100.275054,70.60635],[-100.193756,70.579047],[-100.212229,70.567206],[-100.239125,70.567125],[-100.340647,70.593248],[-100.392405,70.585273],[-100.288686,70.538072],[-100.289622,70.518541],[-100.229237,70.464545],[-100.262034,70.456122],[-100.351389,70.489651]]],[[[-125.948883,71.963202],[-125.996938,71.977037],[-125.963612,71.982815],[-125.909088,71.964342],[-125.948883,71.963202]]],[[[-110.507069,72.593817],[-110.47232,72.57331],[-110.542551,72.572089],[-110.575266,72.579657],[-110.595855,72.600653],[-110.527577,72.600491],[-110.507069,72.593817]]],[[[-110.397206,72.62051],[-110.36856,72.621039],[-110.348866,72.607489],[-110.493479,72.62051],[-110.469228,72.625393],[-110.397206,72.62051]]],[[[-110.314687,72.655219],[-110.279897,72.648424],[-110.303049,72.633205],[-110.339752,72.632025],[-110.410878,72.642239],[-110.314687,72.655219]]],[[[-100.872182,69.807807],[-100.894643,69.761135],[-100.918568,69.746405],[-100.947255,69.742987],[-100.919993,69.719713],[-100.964345,69.664455],[-101.049672,69.667873],[-101.092112,69.661038],[-101.152984,69.692206],[-101.166982,69.681545],[-101.255116,69.667873],[-101.294789,69.670478],[-101.356516,69.696194],[-101.378407,69.732001],[-101.430165,69.766832],[-101.471547,69.832261],[-101.426422,69.879543],[-101.425689,69.901068],[-101.438547,69.909247],[-101.457387,69.906155],[-101.552887,69.797105],[-101.569447,69.745673],[-101.638051,69.695543],[-101.673451,69.646715],[-101.706776,69.69123],[-101.850657,69.747138],[-101.865224,69.749823],[-101.919789,69.731635],[-101.937245,69.739569],[-102.022084,69.803941],[-102.029693,69.847235],[-102.046702,69.855292],[-102.124176,69.832099],[-102.16454,69.836086],[-102.179433,69.90176],[-102.224965,69.920478],[-102.253,69.912502],[-102.235829,69.852851],[-102.296213,69.853176],[-102.345693,69.832343],[-102.297231,69.797593],[-102.335927,69.767035],[-102.374013,69.76435],[-102.366119,69.790758],[-102.395375,69.817613],[-102.411692,69.77912],[-102.426991,69.777086],[-102.461781,69.790758],[-102.482289,69.790229],[-102.525258,69.760321],[-102.582265,69.743476],[-102.672597,69.769436],[-102.681508,69.756008],[-102.578359,69.697943],[-102.487172,69.69066],[-102.509592,69.564195],[-102.570221,69.548733],[-102.634877,69.544338],[-102.714996,69.551174],[-102.783844,69.536851],[-102.817942,69.538723],[-102.873525,69.559149],[-103.010813,69.581244],[-103.023508,69.592108],[-103.08788,69.596015],[-103.157379,69.616889],[-103.297597,69.694525],[-103.347524,69.680813],[-103.37975,69.681545],[-103.420725,69.708808],[-103.489613,69.694525],[-103.478871,69.676581],[-103.510081,69.619452],[-103.447662,69.613186],[-103.328196,69.573554],[-103.220774,69.555487],[-103.188385,69.533026],[-103.125559,69.439887],[-103.095448,69.458075],[-103.0985,69.515082],[-103.085194,69.523261],[-103.041127,69.515326],[-103.016672,69.482245],[-102.989329,69.420844],[-103.037099,69.366197],[-103.016347,69.326239],[-103.023508,69.28026],[-103.038319,69.257392],[-103.072743,69.240424],[-103.208404,69.201117],[-103.219228,69.140204],[-103.183461,69.115871],[-103.153798,69.126654],[-103.133372,69.166938],[-103.022084,69.220933],[-102.948354,69.297919],[-102.882883,69.328315],[-102.877553,69.361762],[-102.842926,69.384711],[-102.70519,69.390123],[-102.629628,69.413153],[-102.547353,69.41352],[-102.464223,69.480658],[-102.384429,69.483059],[-102.282582,69.503648],[-102.217926,69.490302],[-102.084625,69.489691],[-102.054799,69.484442],[-101.939076,69.42064],[-101.946645,69.405911],[-102.038726,69.357408],[-102.119456,69.366523],[-102.173166,69.352525],[-102.173166,69.318427],[-102.11026,69.332953],[-102.094879,69.314683],[-102.037831,69.288031],[-102.09081,69.239976],[-102.15567,69.276068],[-102.182729,69.282457],[-102.210561,69.279283],[-102.235829,69.263129],[-102.216542,69.249945],[-102.221547,69.229071],[-102.157948,69.212592],[-102.139556,69.194892],[-102.089833,69.18244],[-102.067209,69.189154],[-102.046986,69.229438],[-102.022328,69.242621],[-101.92748,69.261542],[-101.853993,69.219468],[-101.771555,69.193793],[-101.756012,69.160142],[-101.768381,69.122952],[-101.865875,69.044094],[-101.818227,69.01911],[-101.822092,68.995998],[-101.964508,68.969631],[-102.057362,69.003119],[-102.167348,68.95303],[-102.214101,68.954739],[-102.310902,68.940375],[-102.382436,68.957831],[-102.407135,68.954739],[-102.386057,68.927395],[-102.39566,68.916938],[-102.489084,68.872748],[-102.523061,68.865546],[-102.634877,68.865912],[-102.697499,68.891547],[-102.749135,68.899482],[-102.764312,68.892076],[-102.751698,68.875718],[-102.701975,68.852281],[-102.714019,68.839748],[-102.736562,68.833482],[-102.829172,68.83039],[-102.917063,68.804267],[-102.965891,68.798651],[-103.014638,68.801744],[-103.163564,68.842963],[-103.33137,68.831204],[-103.361195,68.813463],[-103.353098,68.790229],[-103.383168,68.782294],[-103.415435,68.783271],[-103.568105,68.831204],[-103.619293,68.817532],[-103.718739,68.826483],[-103.781972,68.840888],[-103.864898,68.842841],[-103.961985,68.865912],[-104.099721,68.858466],[-104.223256,68.893256],[-104.264231,68.947903],[-104.305247,68.940375],[-104.270416,68.906928],[-104.303944,68.908759],[-104.366567,68.929145],[-104.446848,68.941555],[-104.473134,68.910346],[-104.529612,68.874986],[-104.593617,68.864488],[-105.123036,68.89643],[-105.155507,68.903632],[-105.225168,68.94184],[-105.277821,68.954739],[-105.221995,68.963039],[-105.146596,69.001939],[-105.064849,68.987454],[-105.031361,69.003119],[-105.051869,69.016791],[-104.964833,69.03026],[-104.917063,69.047919],[-104.918446,69.075141],[-104.940989,69.086086],[-105.101308,69.105211],[-105.127024,69.091864],[-105.077301,69.087063],[-105.038889,69.064602],[-105.213938,69.080512],[-105.257151,69.094224],[-105.457875,69.101142],[-105.548451,69.153957],[-105.885854,69.176459],[-105.98412,69.147121],[-106.072906,69.160142],[-106.203969,69.149888],[-106.329498,69.178453],[-106.412099,69.188056],[-106.401926,69.237006],[-106.294545,69.271715],[-106.274241,69.288072],[-106.282094,69.314683],[-106.309478,69.331],[-106.317535,69.401313],[-106.350942,69.422512],[-106.4405,69.44123],[-106.511708,69.489691],[-106.583892,69.503607],[-106.620513,69.497219],[-106.714508,69.447699],[-106.741078,69.444729],[-106.751332,69.379869],[-106.921213,69.370836],[-106.96345,69.362738],[-106.990875,69.34512],[-106.992747,69.327216],[-106.926381,69.238959],[-106.937367,69.215644],[-106.964223,69.201117],[-107.026112,69.197943],[-107.039296,69.188056],[-107.027333,69.152289],[-107.108225,69.163723],[-107.168691,69.136868],[-107.272084,69.057766],[-107.334828,69.02558],[-107.474965,68.992906],[-107.881581,68.954779],[-107.941233,68.941107],[-108.231679,68.932807],[-108.327219,68.952094],[-108.539459,68.946967],[-108.567454,68.934231],[-108.533315,68.906928],[-108.564809,68.875963],[-108.802805,68.79385],[-108.866078,68.784003],[-108.95165,68.742418],[-109.028554,68.726752],[-109.347401,68.698065],[-109.624623,68.641669],[-109.783681,68.632554],[-109.903798,68.638739],[-109.986399,68.62519],[-110.158355,68.632758],[-110.228668,68.627875],[-110.347035,68.580227],[-110.376088,68.576361],[-110.444569,68.611314],[-110.569447,68.619086],[-110.605133,68.616929],[-110.657948,68.589545],[-110.760365,68.584784],[-110.980092,68.548407],[-111.041575,68.564276],[-111.003896,68.578274],[-110.845204,68.59516],[-110.867502,68.609931],[-111.019602,68.602932],[-111.109364,68.580715],[-111.362416,68.587388],[-111.418284,68.578559],[-111.371002,68.562323],[-111.205393,68.550686],[-111.251047,68.51968],[-111.348948,68.520575],[-111.531239,68.543769],[-112.247182,68.515855],[-112.296702,68.525539],[-112.352284,68.50731],[-112.39151,68.502875],[-112.602406,68.507758],[-112.658437,68.474921],[-112.749013,68.46308],[-112.89802,68.474921],[-113.244008,68.454413],[-113.28303,68.460598],[-113.30309,68.474921],[-113.298085,68.491034],[-113.261708,68.502875],[-113.211741,68.504462],[-113.062815,68.488593],[-113.039133,68.49494],[-113.051625,68.509589],[-113.14151,68.548407],[-113.350494,68.591539],[-113.443918,68.646552],[-113.452016,68.701606],[-113.550771,68.743842],[-113.668121,68.815375],[-113.661733,68.835679],[-113.619211,68.845404],[-113.669179,68.882392],[-113.672109,68.909898],[-113.571889,68.965155],[-113.583974,68.976874],[-113.570221,69.029771],[-113.637847,69.029771],[-113.624908,69.042873],[-113.549713,69.044094],[-113.65217,69.088446],[-113.672597,69.132799],[-113.637847,69.139635],[-113.700551,69.16352],[-113.693105,69.194892],[-113.633697,69.183417],[-113.508778,69.174465],[-113.541127,69.190741],[-113.583974,69.201239],[-113.885081,69.231147],[-113.944488,69.258938],[-114.022694,69.249498],[-114.132151,69.250637],[-114.254791,69.283677],[-114.397288,69.288153],[-114.855702,69.252875],[-114.939931,69.281968],[-115.006459,69.284613],[-115.029408,69.281887],[-115.077626,69.254136],[-115.112538,69.245185],[-115.188954,69.242662],[-115.974843,69.300198],[-116.053578,69.336005],[-116.145741,69.341051],[-116.43163,69.403713],[-116.527699,69.413886],[-116.63268,69.461819],[-116.621449,69.476955],[-116.557607,69.495917],[-116.612213,69.536851],[-116.586415,69.544176],[-116.596099,69.563951],[-116.619618,69.571682],[-116.763051,69.577867],[-116.708404,69.551174],[-116.7329,69.543769],[-116.811431,69.574774],[-116.905629,69.592597],[-116.928131,69.60578],[-116.848134,69.632799],[-116.859242,69.654202],[-116.966705,69.685452],[-117.097401,69.704291],[-117.143625,69.731879],[-117.235992,69.756008],[-117.381215,69.951239],[-117.442047,69.989407],[-117.358062,70.046454],[-117.299672,70.056586],[-117.195058,70.092434],[-116.965077,70.129055],[-116.511464,70.163398],[-116.032704,70.220282],[-115.637074,70.247992],[-115.23351,70.263861],[-115.051381,70.280219],[-114.762685,70.29149],[-114.509429,70.315253],[-114.184722,70.315741],[-114.038442,70.281236],[-113.64269,70.262397],[-113.476877,70.283596],[-112.993398,70.231391],[-112.966908,70.236477],[-112.987416,70.250067],[-112.96467,70.253363],[-112.864491,70.243842],[-112.830556,70.231513],[-112.586252,70.200019],[-112.550852,70.200385],[-112.52123,70.208482],[-112.583323,70.222113],[-112.558665,70.239203],[-112.526967,70.245185],[-112.46349,70.243842],[-112.401763,70.22956],[-112.343129,70.236477],[-112.343129,70.243842],[-112.39151,70.250067],[-112.374135,70.261664],[-112.342356,70.267076],[-112.169789,70.267401],[-112.137603,70.27733],[-112.270904,70.284369],[-112.308949,70.297838],[-112.260894,70.309312],[-111.937408,70.263658],[-111.837148,70.273505],[-111.716379,70.261868],[-111.637522,70.280585],[-111.525014,70.27147],[-111.445627,70.290432],[-111.478383,70.300116],[-111.560943,70.295111],[-111.589589,70.312161],[-111.486562,70.331977],[-111.515614,70.352362],[-111.566803,70.359931],[-111.808827,70.352118],[-111.876576,70.367377],[-111.964263,70.374579],[-112.056711,70.406684],[-112.122385,70.479804],[-112.172434,70.503323],[-112.281484,70.505561],[-112.329457,70.52383],[-112.352162,70.524604],[-112.411977,70.510728],[-112.45641,70.538072],[-112.499989,70.520738],[-112.537994,70.518622],[-112.725331,70.569159],[-112.820627,70.574205],[-112.846099,70.569892],[-112.866567,70.543199],[-112.925893,70.565375],[-113.053578,70.590237],[-113.105946,70.618476],[-113.179189,70.60635],[-113.193023,70.610175],[-113.207102,70.647935],[-113.36266,70.647366],[-113.412587,70.65412],[-113.503041,70.683783],[-113.525502,70.657538],[-113.56135,70.643134],[-113.719594,70.691881],[-113.988393,70.716213],[-114.036366,70.709377],[-114.144439,70.672512],[-114.183095,70.667792],[-114.34675,70.68651],[-114.397328,70.679633],[-114.506256,70.644517],[-114.873402,70.627834],[-115.043568,70.604153],[-115.241444,70.61107],[-115.495595,70.599514],[-115.560699,70.579047],[-115.728912,70.606391],[-116.038564,70.579169],[-116.187489,70.598049],[-116.204213,70.616116],[-116.167144,70.620022],[-116.189768,70.633857],[-116.233388,70.639716],[-116.583323,70.633287],[-116.682851,70.608303],[-116.988637,70.602484],[-117.235992,70.620022],[-117.330556,70.602688],[-117.352651,70.613186],[-117.345204,70.620022],[-117.374094,70.62873],[-117.513417,70.620022],[-117.534495,70.602525],[-117.585439,70.60635],[-117.697825,70.635647],[-117.735829,70.662421],[-117.708974,70.695136],[-117.770619,70.728949],[-117.873769,70.748277],[-118.186838,70.839423],[-118.27477,70.878404],[-118.411041,70.974555],[-118.421498,70.990546],[-118.386464,71.022203],[-117.798004,71.170396],[-117.474924,71.185492],[-117.095367,71.243801],[-116.900054,71.24018],[-116.852854,71.248277],[-116.818267,71.264309],[-116.838735,71.270453],[-116.806304,71.29092],[-116.313222,71.350653],[-116.268788,71.363918],[-116.103424,71.376654],[-116.077789,71.367336],[-116.17398,71.353664],[-116.126861,71.346259],[-116.050608,71.363959],[-115.764638,71.367662],[-115.728912,71.387152],[-115.787262,71.394232],[-115.90392,71.3935],[-116.066314,71.419827],[-116.2058,71.426215],[-116.214955,71.435614],[-116.190256,71.444525],[-116.047719,71.444648],[-115.742014,71.510688],[-115.762522,71.497016],[-115.74942,71.484809],[-115.61266,71.497952],[-115.58434,71.49018],[-115.598012,71.484036],[-115.56786,71.472113],[-115.489125,71.467475],[-115.419016,71.45185],[-115.32429,71.476549],[-115.206614,71.483222],[-115.056752,71.52497],[-115.10912,71.53559],[-115.296986,71.497016],[-115.430328,71.489447],[-115.49767,71.494127],[-115.556996,71.510688],[-115.556996,71.517524],[-115.454661,71.531195],[-115.454661,71.538642],[-115.608022,71.555365],[-115.823598,71.548163],[-115.886952,71.530463],[-115.981068,71.527533],[-116.184885,71.500312],[-116.552805,71.479193],[-116.634633,71.454779],[-116.73233,71.455146],[-116.820953,71.432563],[-116.922109,71.427436],[-117.048248,71.437405],[-117.205393,71.403632],[-117.290191,71.404975],[-117.390248,71.387152],[-117.417226,71.394477],[-117.380605,71.452338],[-117.393544,71.45954],[-117.476186,71.456041],[-117.448883,71.469713],[-117.4676,71.485053],[-117.564931,71.503852],[-117.550649,71.49018],[-117.629628,71.472235],[-117.622467,71.452948],[-117.534332,71.448676],[-117.49828,71.440985],[-117.483022,71.421332],[-117.511383,71.392076],[-117.55134,71.374172],[-117.708974,71.387152],[-117.701527,71.393988],[-117.727895,71.404446],[-117.768056,71.380194],[-117.79955,71.374091],[-117.901031,71.387152],[-118.161977,71.378974],[-118.243153,71.393378],[-118.308827,71.432196],[-118.308258,71.469916],[-118.252756,71.502427],[-118.127309,71.538642],[-117.931508,71.545478],[-117.783559,71.528876],[-117.757395,71.538642],[-117.839345,71.558498],[-117.762929,71.560492],[-117.692209,71.553941],[-117.672109,71.558743],[-117.653717,71.57217],[-117.691518,71.582424],[-117.772857,71.585883],[-117.81135,71.593248],[-117.831858,71.606879],[-117.89684,71.615912],[-117.941721,71.600043],[-117.969309,71.621731],[-117.94343,71.643134],[-117.866567,71.641059],[-117.695302,71.668362],[-117.721506,71.67772],[-118.076324,71.664984],[-118.181956,71.627387],[-118.173899,71.607815],[-118.204945,71.598456],[-118.356028,71.593248],[-118.428944,71.579535],[-118.398264,71.624823],[-118.455678,71.641059],[-118.461293,71.653062],[-118.590688,71.669867],[-118.644032,71.647895],[-118.689036,71.661526],[-118.832997,71.662909],[-118.863189,71.658922],[-118.853505,71.647895],[-118.908111,71.620551],[-118.867177,71.593248],[-118.88858,71.582953],[-119.050893,71.626776],[-119.093088,71.668362],[-119.137603,71.774359],[-119.076039,71.91885],[-118.947865,71.991889],[-118.825022,72.038642],[-118.747548,72.053209],[-118.709828,72.08161],[-118.723134,72.107815],[-118.678212,72.142279],[-118.576731,72.179429],[-118.442006,72.182847],[-118.127838,72.22724],[-118.10558,72.247748],[-118.124867,72.309516],[-118.174469,72.338365],[-118.242055,72.346747],[-118.428944,72.346747],[-118.540598,72.373196],[-118.593414,72.428697],[-118.568674,72.477769],[-118.512847,72.510443],[-118.28307,72.589545],[-118.238433,72.597113],[-118.189809,72.635443],[-118.040883,72.672187],[-118.002919,72.673774],[-117.867299,72.701483],[-117.808339,72.737738],[-117.595611,72.798163],[-117.369252,72.917792],[-117.20816,72.922919],[-117.110585,72.94481],[-116.894846,72.967434],[-116.644032,73.03498],[-116.593658,73.060207],[-116.495473,73.061591],[-116.200917,73.118883],[-116.008168,73.140774],[-115.763824,73.186713],[-115.570424,73.201809],[-115.399078,73.233466],[-115.332265,73.263129],[-115.230092,73.264228],[-115.126088,73.295071],[-114.907297,73.31981],[-114.738922,73.3664],[-114.584299,73.384589],[-114.40746,73.34748],[-114.265126,73.335679],[-114.022694,73.211859],[-113.958363,73.140123],[-114.008412,73.063056],[-114.008412,73.025784],[-114.042551,72.998481],[-114.049387,72.970526],[-114.024526,72.934475],[-114.056793,72.888617],[-114.05134,72.871324],[-113.969553,72.82453],[-113.981068,72.809149],[-114.023101,72.797797],[-114.2412,72.792426],[-114.282786,72.765082],[-114.336659,72.755601],[-114.356068,72.746283],[-114.333974,72.693101],[-114.314565,72.685777],[-114.26773,72.696234],[-114.248036,72.689399],[-114.404775,72.657416],[-114.472971,72.624335],[-114.604237,72.607489],[-114.549672,72.586982],[-114.546132,72.567816],[-114.510569,72.57331],[-114.406239,72.559027],[-114.360707,72.558905],[-114.339467,72.563788],[-114.321767,72.591783],[-114.255483,72.600653],[-114.126088,72.636705],[-113.884877,72.662055],[-113.898549,72.648424],[-113.856679,72.636908],[-113.801015,72.640326],[-113.559071,72.69892],[-113.508778,72.70303],[-113.557973,72.671942],[-113.679433,72.638373],[-113.734039,72.614244],[-113.711659,72.607611],[-113.659576,72.613105],[-113.619618,72.639472],[-113.47936,72.666653],[-113.439809,72.685248],[-113.439849,72.709906],[-113.412587,72.730373],[-113.443267,72.751899],[-113.558583,72.754788],[-113.604075,72.761705],[-113.603993,72.777533],[-113.483795,72.840481],[-113.39094,72.911566],[-113.192454,72.993313],[-113.015004,73.016018],[-112.942209,73.004462],[-112.858876,73.004706],[-112.79186,72.984809],[-112.53425,72.960883],[-112.373158,72.9147],[-112.280426,72.902533],[-112.077301,72.898017],[-112.009104,72.881049],[-111.921539,72.871527],[-111.880483,72.856635],[-111.714223,72.830878],[-111.647817,72.810614],[-111.552235,72.806342],[-111.507395,72.795478],[-111.466054,72.771308],[-111.456166,72.749254],[-111.219635,72.724107],[-111.233306,72.696845],[-111.208852,72.673407],[-111.289296,72.565985],[-111.493398,72.510647],[-111.444,72.5008],[-111.43814,72.4914],[-111.564361,72.441148],[-111.854644,72.381415],[-111.887522,72.367743],[-111.904286,72.346747],[-111.821156,72.32392],[-111.747222,72.333075],[-111.658803,72.359524],[-111.644846,72.340522],[-111.659983,72.324042],[-111.721059,72.302558],[-111.721913,72.271552],[-111.788197,72.223212],[-111.753326,72.207099],[-111.712473,72.230658],[-111.664703,72.292141],[-111.602651,72.292141],[-111.418284,72.346747],[-111.439036,72.353827],[-111.507069,72.340522],[-111.576812,72.343492],[-111.609242,72.367174],[-111.589589,72.381537],[-111.531565,72.400092],[-111.441314,72.412421],[-111.347279,72.462307],[-111.295237,72.470689],[-111.241851,72.471422],[-111.205393,72.463446],[-111.238433,72.441962],[-111.343129,72.423326],[-111.369862,72.408189],[-111.302317,72.408759],[-111.281117,72.402004],[-111.376698,72.354193],[-111.352447,72.347561],[-111.294749,72.374091],[-111.239573,72.371649],[-111.20226,72.340522],[-111.116689,72.332709],[-111.027903,72.285305],[-111.031484,72.313137],[-111.089345,72.374091],[-111.086293,72.408271],[-111.011383,72.431057],[-110.979482,72.450385],[-111.002512,72.463772],[-110.97053,72.479804],[-110.787668,72.477118],[-110.836049,72.524888],[-110.704091,72.578803],[-110.678334,72.579169],[-110.591664,72.554145],[-110.527577,72.552191],[-110.485504,72.558295],[-110.490224,72.538479],[-110.590321,72.513495],[-110.593739,72.494289],[-110.544586,72.474026],[-110.453765,72.460517],[-110.334299,72.427314],[-110.307851,72.436184],[-110.485707,72.480536],[-110.534413,72.504381],[-110.486155,72.525458],[-110.42927,72.527899],[-110.380523,72.559516],[-110.326568,72.554877],[-110.286529,72.536566],[-110.239898,72.527818],[-110.162709,72.479682],[-110.085032,72.45661],[-110.057729,72.439521],[-109.980824,72.461819],[-109.86262,72.445502],[-109.808258,72.430243],[-109.780263,72.436184],[-109.80309,72.450873],[-110.259429,72.559027],[-110.23648,72.570136],[-110.197133,72.572333],[-110.097768,72.560492],[-109.999257,72.52204],[-109.885732,72.491685],[-109.816396,72.493069],[-109.787709,72.504381],[-109.827219,72.53384],[-109.910634,72.559027],[-109.956939,72.607815],[-110.061594,72.651435],[-110.101674,72.662909],[-110.175038,72.647854],[-110.222076,72.646389],[-110.265736,72.655341],[-110.29426,72.675727],[-110.196767,72.681138],[-110.170725,72.689399],[-110.207509,72.718166],[-110.197499,72.727118],[-110.119293,72.729804],[-110.043202,72.721137],[-109.838735,72.671088],[-109.81786,72.679429],[-109.856028,72.70303],[-109.817372,72.718085],[-109.773427,72.716702],[-109.799957,72.731024],[-109.910512,72.734605],[-110.049916,72.762356],[-110.107004,72.763658],[-110.189036,72.74315],[-110.254506,72.738959],[-110.262847,72.74901],[-110.181793,72.768948],[-110.170725,72.778754],[-110.230336,72.824286],[-110.48351,72.839179],[-110.529042,72.84927],[-110.631744,72.915839],[-110.716705,72.945054],[-110.75414,72.984809],[-110.703725,73.009101],[-110.076405,72.995754],[-109.905344,72.970608],[-109.854888,72.921942],[-109.759185,72.936428],[-109.622629,72.915961],[-109.64273,72.900133],[-109.727447,72.89643],[-109.752349,72.881171],[-109.37621,72.771308],[-109.404164,72.752021],[-109.183258,72.767035],[-109.116119,72.744574],[-109.16393,72.724107],[-109.058095,72.68887],[-108.946034,72.673774],[-108.940785,72.665473],[-109.033599,72.648424],[-109.025217,72.62401],[-109.054067,72.607489],[-109.026763,72.593817],[-109.047231,72.57331],[-109.022817,72.568061],[-108.937082,72.579535],[-108.841786,72.57331],[-108.888987,72.593817],[-108.867828,72.605943],[-108.673573,72.57746],[-108.633412,72.565579],[-108.58967,72.503811],[-108.594146,72.483954],[-108.630198,72.465277],[-108.663075,72.361029],[-108.534291,72.20246],[-108.540151,72.148749],[-108.484486,72.138088],[-108.442779,72.163072],[-108.402415,72.148749],[-108.437734,72.134467],[-108.437734,72.127631],[-108.413482,72.127143],[-108.396148,72.086086],[-108.416615,71.990465],[-108.352528,71.992621],[-108.293121,71.976264],[-108.340932,71.935858],[-108.317494,71.935533],[-108.224233,71.970038],[-108.191518,71.962958],[-108.221099,71.911689],[-108.294301,71.881496],[-108.245961,71.832831],[-108.286936,71.798733],[-108.239247,71.772854],[-108.183909,71.764594],[-108.170318,71.754096],[-108.177073,71.73725],[-108.245961,71.722968],[-108.198842,71.706],[-108.097646,71.723375],[-108.046702,71.716742],[-107.991933,71.683417],[-107.985219,71.634833],[-107.917063,71.630927],[-107.832509,71.608222],[-107.740956,71.61815],[-107.724517,71.634833],[-107.833079,71.679185],[-107.834381,71.709906],[-107.801137,71.734361],[-107.708811,71.711005],[-107.668446,71.708157],[-107.563629,71.775214],[-107.518788,71.784369],[-107.251576,71.806138],[-107.310902,71.826728],[-107.398997,71.838284],[-107.472483,71.870266],[-107.429026,71.88703],[-107.345855,71.871975],[-107.3072,71.874335],[-107.251576,71.901679],[-107.416656,71.929023],[-107.422719,71.9772],[-107.604807,72.010932],[-107.656321,72.072984],[-107.614654,72.09691],[-107.663157,72.120795],[-107.635162,72.127631],[-107.779164,72.141303],[-107.794789,72.251044],[-107.864858,72.295844],[-107.860748,72.304633],[-107.837799,72.307359],[-107.749135,72.284003],[-107.727203,72.287909],[-107.717763,72.30268],[-107.734527,72.326565],[-107.848053,72.360419],[-107.803863,72.374091],[-107.806508,72.387763],[-107.864858,72.411933],[-107.871897,72.434801],[-107.808665,72.442776],[-107.786,72.463446],[-107.8933,72.473538],[-107.985219,72.518052],[-107.875356,72.524888],[-107.890207,72.547593],[-107.875356,72.57331],[-107.935414,72.606879],[-108.013173,72.62051],[-108.003896,72.631293],[-107.957916,72.642239],[-108.012522,72.663764],[-108.026194,72.679877],[-108.005727,72.70303],[-108.083648,72.760077],[-108.056467,72.776068],[-108.142486,72.888373],[-108.10554,72.901313],[-108.104726,72.912177],[-108.163401,72.943834],[-108.167836,72.958157],[-108.136098,72.984809],[-108.23469,73.042914],[-108.156565,73.052476],[-108.265452,73.101874],[-108.298329,73.133775],[-108.258941,73.175971],[-108.164947,73.206122],[-108.067535,73.207709],[-107.867909,73.189643],[-107.90453,73.212551],[-108.053538,73.238023],[-108.118723,73.268785],[-108.122426,73.29267],[-108.156565,73.306342],[-108.123769,73.315985],[-108.013173,73.313178],[-108.087636,73.354153],[-108.013336,73.354885],[-107.793446,73.326239],[-107.662017,73.328437],[-107.51887,73.295722],[-107.453969,73.288642],[-107.292592,73.241116],[-107.172434,73.195014],[-107.073232,73.178046],[-107.039703,73.178697],[-107.011383,73.197089],[-107.128733,73.244289],[-107.083404,73.271064],[-107.087717,73.285834],[-107.005198,73.306342],[-106.957102,73.298896],[-106.915761,73.313178],[-106.873443,73.315579],[-106.776723,73.296942],[-106.675933,73.22956],[-106.562978,73.213121],[-106.537831,73.236721],[-106.504709,73.234361],[-106.470774,73.189643],[-106.422963,73.175238],[-106.405588,73.154283],[-106.339833,73.141832],[-106.268422,73.114569],[-106.233998,73.087226],[-106.179514,73.082831],[-106.008412,73.049018],[-105.963002,73.052476],[-105.928049,73.065253],[-105.900299,73.059149],[-105.850087,73.059963],[-105.829335,73.051337],[-105.819325,73.004706],[-105.754058,72.975898],[-105.606801,72.9501],[-105.64094,72.936428],[-105.565785,72.908433],[-105.52481,72.881171],[-105.558949,72.860663],[-105.527943,72.860907],[-105.463246,72.846259],[-105.367177,72.792426],[-105.401275,72.771308],[-105.332509,72.751125],[-105.318756,72.737779],[-105.349355,72.729804],[-105.381459,72.730373],[-105.482249,72.786322],[-105.510569,72.778754],[-105.428619,72.730373],[-105.456532,72.70303],[-105.312489,72.66706],[-105.289662,72.654446],[-105.293568,72.638007],[-105.346669,72.62051],[-105.315745,72.597073],[-105.318756,72.559027],[-105.230621,72.545356],[-105.243642,72.532375],[-105.223215,72.518052],[-105.248362,72.500678],[-105.239613,72.491929],[-105.195872,72.483954],[-105.210561,72.453315],[-105.2235,72.450385],[-105.283315,72.463039],[-105.305084,72.45661],[-105.209543,72.381537],[-105.137807,72.343655],[-105.121693,72.305732],[-105.013783,72.214789],[-104.966298,72.193549],[-104.962514,72.162421],[-105.025014,72.133287],[-105.038889,72.113959],[-105.012563,72.096666],[-105.024566,72.072984],[-104.948842,72.058783],[-104.925608,72.024604],[-104.88565,72.000881],[-104.831899,71.931708],[-104.814605,71.861884],[-104.78718,71.844794],[-104.669504,71.824042],[-104.640492,71.782457],[-104.583079,71.759752],[-104.524892,71.696275],[-104.380279,71.600043],[-104.370758,71.557685],[-104.407582,71.510688],[-104.371571,71.481635],[-104.318837,71.469713],[-104.345082,71.421861],[-104.281321,71.350246],[-104.304596,71.345771],[-104.407582,71.367336],[-104.463124,71.3605],[-104.486969,71.347602],[-104.496978,71.325751],[-104.440541,71.249091],[-104.477406,71.197659],[-104.544789,71.16059],[-104.627431,71.138617],[-104.647817,71.119696],[-104.591176,71.073188],[-104.304026,70.972886],[-104.231923,70.965033],[-104.202504,70.955268],[-104.105214,70.898098],[-103.998118,70.761908],[-103.970123,70.751044],[-103.878041,70.750718],[-103.843373,70.743109],[-103.647288,70.660956],[-103.571848,70.605536],[-103.537709,70.599514],[-103.308461,70.597968],[-103.272043,70.59101],[-103.139312,70.510565],[-102.966135,70.493598],[-102.927846,70.499091],[-102.9204,70.517646],[-102.945953,70.531643],[-103.030263,70.537258],[-103.125234,70.576077],[-103.161244,70.660956],[-103.131581,70.682318],[-103.086903,70.677476],[-102.989166,70.651109],[-102.945912,70.620551],[-102.859731,70.596584],[-102.838857,70.559638],[-102.851064,70.516343],[-102.656565,70.483629],[-102.620229,70.464545],[-102.557973,70.456122],[-102.489084,70.435004],[-102.409291,70.425523],[-102.24942,70.372992],[-102.192209,70.333441],[-102.170318,70.331977],[-102.12621,70.345038],[-102.094228,70.324652],[-101.920155,70.263739],[-101.852447,70.261705],[-101.823354,70.271959],[-101.811269,70.301256],[-101.790273,70.305569],[-101.692779,70.308743],[-101.59496,70.27733],[-101.584055,70.272284],[-101.64391,70.22484],[-101.639272,70.183905],[-101.582265,70.132514],[-101.529449,70.11286],[-101.502187,70.126614],[-101.420481,70.127509],[-101.400746,70.134345],[-101.374257,70.176907],[-101.332753,70.171576],[-101.23941,70.138007],[-101.143178,70.160386],[-101.118398,70.184272],[-101.126047,70.195461],[-101.099233,70.200507],[-101.022288,70.186225],[-100.995717,70.174954],[-100.976308,70.147406],[-100.995717,70.087836],[-100.926747,70.01675],[-100.947255,70.010484],[-100.926747,69.975735],[-100.956044,69.949612],[-100.958852,69.924872],[-100.952626,69.91767],[-100.910146,69.911607],[-100.885854,69.886949],[-100.872182,69.807807]]],[[[-72.948964,66.734565],[-73.005483,66.779202],[-73.005808,66.817694],[-72.965403,66.866645],[-72.878529,66.926947],[-72.885976,66.933092],[-72.803456,67.042955],[-72.738474,67.068305],[-72.671498,67.080268],[-72.476674,67.087633],[-72.411814,67.099189],[-72.350901,67.119452],[-72.280832,67.169176],[-72.269032,67.244208],[-72.193349,67.275702],[-72.314198,67.305894],[-72.369822,67.330797],[-72.357167,67.365058],[-72.427805,67.440619],[-72.433542,67.475002],[-72.508005,67.502265],[-72.436106,67.53148],[-72.426096,67.54328],[-72.431467,67.553534],[-72.46703,67.563707],[-72.494985,67.597886],[-72.482045,67.61758],[-72.523874,67.637397],[-72.59142,67.639472],[-72.61262,67.664252],[-72.662953,67.684801],[-72.666249,67.721991],[-72.596547,67.745185],[-72.608225,67.786282],[-72.63154,67.803127],[-72.690785,67.821357],[-72.763743,67.880439],[-72.837595,67.851142],[-72.913319,67.906317],[-72.878529,67.934272],[-72.94404,67.932278],[-72.940012,67.947943],[-72.905873,67.961005],[-72.913319,67.995103],[-72.899037,68.023017],[-72.975413,68.139838],[-72.994618,68.235907],[-73.01891,68.243598],[-73.04365,68.235907],[-73.037424,68.211615],[-73.051829,68.202948],[-73.117299,68.232082],[-73.149526,68.217271],[-73.177113,68.242133],[-73.214833,68.236314],[-73.228017,68.242133],[-73.197255,68.254462],[-73.200266,68.275295],[-73.213979,68.278022],[-73.30309,68.290595],[-73.338083,68.27265],[-73.32844,68.260199],[-73.36384,68.248236],[-73.417795,68.272162],[-73.494944,68.276923],[-73.461781,68.292141],[-73.423818,68.29678],[-73.405751,68.320258],[-73.342112,68.320543],[-73.299672,68.331529],[-73.293406,68.345526],[-73.317372,68.358832],[-73.298899,68.374945],[-73.271474,68.380561],[-73.213735,68.379299],[-73.279124,68.399726],[-73.317372,68.399807],[-73.296254,68.385565],[-73.351267,68.375637],[-73.35554,68.335273],[-73.465321,68.333197],[-73.481882,68.324042],[-73.46821,68.317857],[-73.535959,68.287909],[-73.571278,68.277777],[-73.611562,68.276923],[-73.591746,68.255805],[-73.619089,68.249579],[-73.687937,68.276923],[-73.638905,68.29678],[-73.596873,68.292914],[-73.584299,68.304185],[-73.728017,68.313666],[-73.844431,68.349595],[-73.886545,68.389594],[-73.947377,68.413479],[-73.893178,68.446234],[-73.860951,68.498196],[-73.838694,68.506781],[-73.762278,68.510484],[-73.738637,68.519232],[-73.728871,68.540351],[-73.817006,68.571112],[-73.758412,68.58161],[-73.721506,68.61579],[-73.735666,68.62637],[-73.824534,68.619534],[-73.824534,68.625718],[-73.73408,68.64647],[-73.707753,68.660468],[-73.79658,68.666693],[-73.755605,68.687201],[-73.840159,68.69595],[-73.888295,68.714016],[-73.951527,68.704983],[-73.982126,68.707668],[-74.006703,68.730292],[-74.037668,68.721259],[-74.087961,68.721991],[-74.13915,68.735582],[-74.187571,68.729397],[-74.159739,68.701402],[-74.098215,68.693996],[-74.04365,68.666693],[-74.023061,68.632554],[-73.996775,68.626939],[-73.940541,68.584784],[-73.895212,68.57099],[-73.885203,68.554877],[-73.91218,68.522406],[-73.985829,68.495429],[-74.018137,68.498481],[-74.024892,68.507025],[-74.002634,68.537014],[-74.149729,68.530097],[-74.220041,68.515815],[-74.22175,68.530097],[-74.254343,68.539862],[-74.372548,68.543769],[-74.437611,68.587551],[-74.504628,68.599514],[-74.523183,68.610826],[-74.537546,68.665188],[-74.595896,68.679389],[-74.720774,68.735541],[-74.717763,68.773912],[-74.618967,68.784003],[-74.578603,68.801337],[-74.55073,68.824937],[-74.574452,68.841864],[-74.613718,68.850246],[-74.687245,68.845445],[-74.68102,68.831204],[-74.717397,68.829535],[-74.749949,68.817532],[-74.657908,68.818834],[-74.632639,68.8039],[-74.650014,68.791409],[-74.825022,68.776557],[-74.841501,68.797065],[-74.8933,68.797065],[-74.982737,68.811265],[-74.953236,68.821479],[-74.844919,68.831204],[-74.852366,68.838609],[-74.789377,68.854315],[-74.721995,68.858466],[-74.684804,68.879828],[-74.682485,68.896064],[-74.701527,68.906928],[-74.673573,68.921129],[-74.703196,68.937567],[-74.755116,68.94009],[-74.897206,68.914984],[-75.044138,68.906928],[-75.022288,68.915188],[-74.844919,68.940375],[-74.894276,68.947659],[-75.001088,68.927965],[-75.044138,68.934231],[-74.859202,68.968329],[-74.934275,68.962144],[-75.003367,68.947455],[-75.023671,68.954739],[-74.940663,68.997748],[-74.728831,69.023627],[-74.804555,68.995673],[-74.784739,68.996405],[-74.725413,69.009345],[-74.65746,69.011461],[-74.640085,69.023627],[-74.66804,69.047593],[-74.727488,69.054348],[-74.809071,69.083319],[-74.937734,69.05744],[-74.998606,69.020657],[-75.051584,69.009345],[-75.042714,68.986151],[-75.071482,68.975165],[-75.059885,68.955227],[-75.116038,68.892971],[-75.13915,68.888739],[-75.201975,68.896796],[-75.242747,68.921129],[-75.297434,68.934231],[-75.379954,68.975165],[-75.440745,69.016791],[-75.486399,69.02204],[-75.570424,68.986518],[-75.563669,68.970649],[-75.496653,68.934231],[-75.606516,68.88581],[-75.732533,68.862738],[-75.80602,68.836493],[-75.934641,68.824937],[-76.02363,68.776557],[-76.325551,68.698472],[-76.539011,68.67475],[-76.624989,68.682359],[-76.681508,68.729397],[-76.673166,68.765815],[-76.572947,68.82095],[-76.537546,68.852281],[-76.533803,68.881415],[-76.591298,68.884996],[-76.623484,68.896389],[-76.644643,68.916938],[-76.652211,68.93183],[-76.626902,68.968329],[-76.638132,69.015937],[-76.565419,69.037258],[-76.422475,69.059882],[-76.160715,69.044908],[-76.086497,69.013577],[-76.05956,69.008734],[-75.989858,69.010891],[-75.890492,69.047309],[-75.825673,69.057318],[-75.811594,69.083075],[-75.715403,69.091864],[-75.620961,69.087958],[-75.59557,69.102118],[-75.601064,69.144843],[-75.571726,69.15705],[-75.601918,69.235745],[-75.687449,69.287055],[-75.806264,69.327216],[-75.907541,69.34512],[-75.962148,69.373481],[-76.051015,69.383734],[-76.168202,69.414008],[-76.217152,69.417385],[-76.359731,69.400336],[-76.391306,69.405341],[-76.452138,69.468899],[-76.629587,69.545966],[-76.634348,69.571682],[-76.616282,69.591986],[-76.552561,69.613959],[-76.469553,69.65762],[-76.451243,69.660305],[-76.209788,69.619452],[-76.229197,69.6376],[-76.181874,69.667873],[-76.361277,69.670844],[-76.386464,69.676337],[-76.414662,69.702297],[-76.447703,69.692694],[-76.584543,69.694648],[-76.62206,69.688666],[-76.640574,69.674058],[-76.543446,69.675482],[-76.517039,69.667873],[-76.575266,69.623481],[-76.606394,69.619452],[-76.634836,69.627143],[-76.643992,69.62287],[-76.643992,69.602688],[-76.702992,69.565009],[-76.835032,69.575914],[-76.882151,69.590725],[-76.87328,69.612616],[-76.818674,69.633124],[-76.844838,69.624579],[-76.90685,69.621527],[-76.95283,69.600043],[-76.983754,69.597235],[-77.038401,69.60578],[-77.062327,69.633124],[-77.135325,69.628323],[-77.20287,69.646715],[-77.180776,69.674465],[-77.136667,69.686184],[-77.045237,69.68773],[-77.007395,69.708808],[-76.973256,69.694525],[-76.92101,69.71483],[-76.901235,69.715033],[-76.942209,69.681545],[-76.873484,69.687242],[-76.835398,69.694648],[-76.794789,69.72248],[-76.784535,69.749823],[-76.816843,69.758612],[-76.882639,69.755316],[-76.901235,69.777086],[-76.889109,69.801703],[-76.795237,69.808173],[-76.757273,69.818671],[-76.776723,69.836086],[-76.87328,69.818671],[-77.072581,69.818671],[-76.997426,69.859687],[-77.05012,69.857571],[-77.099843,69.845404],[-77.150461,69.818183],[-77.197947,69.832709],[-77.292917,69.836005],[-77.312815,69.841986],[-77.292551,69.867743],[-77.117787,69.907782],[-77.013661,69.919745],[-76.976389,69.942206],[-77.066477,69.936225],[-77.257395,69.893012],[-77.304514,69.892279],[-77.354237,69.873928],[-77.490915,69.862738],[-77.509958,69.844916],[-77.634267,69.824897],[-77.589467,69.819525],[-77.518992,69.832099],[-77.504587,69.824897],[-77.517568,69.818671],[-77.442454,69.790758],[-77.517568,69.797593],[-77.517934,69.773017],[-77.545766,69.754096],[-77.58373,69.743232],[-77.614369,69.742987],[-77.63976,69.75788],[-77.682688,69.824897],[-77.670969,69.899482],[-77.697703,69.994452],[-77.669871,70.089911],[-77.69636,70.153876],[-77.682566,70.183661],[-77.703928,70.201239],[-77.798207,70.251125],[-77.826039,70.243842],[-77.847768,70.245673],[-77.89155,70.263739],[-78.055735,70.222113],[-78.12092,70.250067],[-78.196604,70.256903],[-78.134023,70.225328],[-78.152211,70.202297],[-78.215647,70.204739],[-78.241526,70.212633],[-78.230784,70.22956],[-78.299021,70.222113],[-78.329783,70.202297],[-78.408274,70.215888],[-78.394602,70.22956],[-78.42748,70.257392],[-78.539255,70.312161],[-78.489735,70.320461],[-78.470041,70.331977],[-78.405751,70.33218],[-78.388417,70.338813],[-78.486195,70.354926],[-78.535878,70.356594],[-78.58019,70.345649],[-78.559071,70.318345],[-78.581654,70.314439],[-78.66279,70.353095],[-78.634836,70.379788],[-78.699656,70.382514],[-78.741567,70.42768],[-78.7447,70.456122],[-78.833323,70.447089],[-78.860789,70.456122],[-78.880971,70.482408],[-78.891794,70.479722],[-78.909128,70.448717],[-78.867543,70.414537],[-78.897043,70.416897],[-78.964426,70.456122],[-79.025868,70.456122],[-79.073679,70.47663],[-79.046335,70.489651],[-79.075673,70.489936],[-79.100942,70.503323],[-79.068105,70.505032],[-79.038889,70.517646],[-79.079905,70.538072],[-78.926503,70.53852],[-78.881907,70.551703],[-78.903879,70.557603],[-78.997914,70.558539],[-78.997914,70.565375],[-78.95759,70.569403],[-78.881785,70.600775],[-78.840891,70.599514],[-78.781728,70.556342],[-78.717356,70.551703],[-78.78364,70.577053],[-78.80016,70.609442],[-78.839915,70.635688],[-78.857655,70.64053],[-78.884958,70.626207],[-78.959055,70.630805],[-78.99531,70.64997],[-78.997914,70.674628],[-79.015818,70.682115],[-79.155466,70.631781],[-79.156199,70.620022],[-79.127919,70.613186],[-79.013173,70.631008],[-79.003245,70.618598],[-79.111195,70.548285],[-79.128245,70.52383],[-79.176096,70.517646],[-79.142527,70.510728],[-79.156199,70.497056],[-79.148752,70.456122],[-79.213368,70.420803],[-79.285227,70.443264],[-79.326975,70.442694],[-79.34675,70.448717],[-79.334421,70.455471],[-79.316843,70.448554],[-79.29308,70.455227],[-79.296254,70.493801],[-79.224477,70.531236],[-79.230662,70.558539],[-79.313222,70.544867],[-79.279042,70.52383],[-79.316599,70.483222],[-79.343617,70.47663],[-79.39094,70.493964],[-79.424306,70.492255],[-79.388987,70.462958],[-79.406443,70.439846],[-79.503855,70.460679],[-79.575063,70.436225],[-79.591257,70.411322],[-79.565134,70.390204],[-79.469309,70.371039],[-79.450144,70.352729],[-79.374216,70.373114],[-79.33141,70.368476],[-79.224721,70.32099],[-79.177561,70.310614],[-79.128041,70.309231],[-79.08727,70.318345],[-79.084177,70.341051],[-79.046335,70.342515],[-78.970652,70.325141],[-78.925364,70.302069],[-78.755686,70.182196],[-78.750925,70.133979],[-78.731028,70.11286],[-78.736643,70.077704],[-78.690053,70.051459],[-78.66511,70.013821],[-78.665842,69.966132],[-78.700022,69.931342],[-78.73762,69.914374],[-78.778798,69.907457],[-78.799916,69.879543],[-78.841908,69.881415],[-78.888051,69.893785],[-79.432444,69.883694],[-79.680857,69.848578],[-79.772532,69.886949],[-79.818918,69.944403],[-79.906077,69.9831],[-80.011545,69.945624],[-80.0537,69.96955],[-80.033274,69.996243],[-80.068349,70.004136],[-80.204783,70.011461],[-80.265981,70.003079],[-80.296376,69.989407],[-80.366526,69.994045],[-80.549509,70.047512],[-80.825917,70.055609],[-80.896474,70.073676],[-81.009145,70.062649],[-81.045481,70.070054],[-81.071523,70.09927],[-81.136179,70.085598],[-81.202504,70.096584],[-81.565378,70.108344],[-81.700022,70.133612],[-81.756703,70.129706],[-81.735463,70.095526],[-81.687489,70.074123],[-81.5749,70.068671],[-81.458363,70.024115],[-81.445261,70.004828],[-81.399729,70.010891],[-81.337595,70.037095],[-81.193227,70.0008],[-81.163523,69.98314],[-81.124582,69.929023],[-81.053944,69.902086],[-80.985341,69.886949],[-80.82787,69.803697],[-80.778188,69.793158],[-80.771555,69.768704],[-80.793528,69.747138],[-80.832021,69.7331],[-80.951243,69.715033],[-80.971059,69.724555],[-80.951243,69.736151],[-81.08141,69.766791],[-81.175893,69.828925],[-81.277089,69.845282],[-81.341624,69.87641],[-81.488393,69.925727],[-81.57905,69.932563],[-81.591298,69.957343],[-81.567576,69.96955],[-81.600046,69.977444],[-81.725535,69.96955],[-81.752553,69.973334],[-82.118235,70.116889],[-82.191396,70.126614],[-82.235056,70.145982],[-82.304067,70.142971],[-82.354726,70.164618],[-82.443186,70.173407],[-82.506459,70.18887],[-82.553944,70.185614],[-82.603098,70.210598],[-82.844553,70.257473],[-82.962839,70.303046],[-83.047922,70.312161],[-82.835642,70.22956],[-82.815175,70.208482],[-82.718943,70.208482],[-82.661082,70.190985],[-82.246042,70.11286],[-82.128245,70.07038],[-82.058705,70.059027],[-81.972279,70.010484],[-81.96703,69.997626],[-81.936757,69.995063],[-81.876169,69.970933],[-81.778066,69.962551],[-81.738637,69.951809],[-81.711537,69.93476],[-81.766794,69.907457],[-81.738881,69.879543],[-81.759348,69.875922],[-81.807485,69.89289],[-81.85558,69.886949],[-81.857533,69.864936],[-81.964833,69.845404],[-81.974192,69.868476],[-81.997629,69.876614],[-82.025258,69.874213],[-82.081492,69.838568],[-82.143544,69.824897],[-82.125844,69.818061],[-82.138376,69.785956],[-82.255564,69.806952],[-82.301259,69.804389],[-82.260243,69.824897],[-82.276438,69.830797],[-82.328562,69.824897],[-82.328562,69.832343],[-82.29658,69.83747],[-82.232371,69.828437],[-82.205027,69.832343],[-82.325632,69.85932],[-82.39448,69.864447],[-82.441477,69.844062],[-82.64448,69.893785],[-82.698964,69.923041],[-82.730458,69.926988],[-82.739451,69.914252],[-82.910227,69.953599],[-83.000111,69.989407],[-83.029286,69.989163],[-83.051625,70.010484],[-83.136952,70.003079],[-83.174509,70.016425],[-83.235219,70.00316],[-83.267161,70.016547],[-83.350209,69.98314],[-83.485789,69.973863],[-83.57372,69.953599],[-83.6728,69.946357],[-84.027659,69.977851],[-84.055287,69.989407],[-84.368113,69.987494],[-84.535105,70.010484],[-84.694773,70.006578],[-84.833811,70.035956],[-84.87092,70.078803],[-84.790354,70.099555],[-84.788319,70.11286],[-84.811716,70.11872],[-84.891347,70.08218],[-84.951975,70.066555],[-85.145579,70.085598],[-85.179392,70.098578],[-85.272939,70.094224],[-85.340932,70.108832],[-85.445546,70.096625],[-85.518544,70.106024],[-85.800364,70.09984],[-85.856638,70.089545],[-85.874827,70.071967],[-85.853586,70.049872],[-85.609446,70.078437],[-85.538889,70.06151],[-85.346873,70.032294],[-85.234609,69.996243],[-85.254832,69.988918],[-85.590891,70.016832],[-85.733225,69.994859],[-85.782908,69.995185],[-86.269724,70.113471],[-86.521108,70.230658],[-86.549875,70.236477],[-86.557932,70.300279],[-86.577219,70.318345],[-86.553782,70.342475],[-86.59081,70.366767],[-86.495229,70.429633],[-86.363352,70.452623],[-86.296986,70.477444],[-86.292592,70.493354],[-86.312327,70.507392],[-86.37092,70.526597],[-86.392812,70.52383],[-86.337595,70.489651],[-86.503651,70.437323],[-86.580881,70.428209],[-86.641062,70.381781],[-86.663767,70.380113],[-86.672109,70.371772],[-86.639231,70.325141],[-86.858225,70.325141],[-86.883494,70.335639],[-86.898671,70.35932],[-86.778513,70.375881],[-86.741648,70.387193],[-86.790232,70.394843],[-86.901845,70.385077],[-86.940256,70.407701],[-86.871938,70.407701],[-86.893259,70.422553],[-86.967885,70.423041],[-86.994862,70.435004],[-86.919789,70.456122],[-86.919789,70.462958],[-86.974599,70.472724],[-87.031443,70.468492],[-87.138865,70.44184],[-87.134633,70.416571],[-87.169423,70.404731],[-87.248728,70.39411],[-87.228261,70.379625],[-87.200307,70.387193],[-87.047434,70.384467],[-87.009755,70.374457],[-86.974436,70.353095],[-86.985219,70.330715],[-86.96821,70.318345],[-86.988026,70.297838],[-86.974436,70.290432],[-87.004954,70.283271],[-87.425038,70.315253],[-87.488759,70.328843],[-87.779734,70.331977],[-87.793691,70.312161],[-87.640981,70.298896],[-87.611887,70.284247],[-87.768625,70.247952],[-87.852528,70.237982],[-87.933949,70.250067],[-87.920359,70.263739],[-88.030222,70.294908],[-88.15038,70.300116],[-88.262929,70.331977],[-88.227854,70.350491],[-88.194692,70.353095],[-88.194692,70.338813],[-88.084543,70.338813],[-88.002268,70.304674],[-87.972157,70.300767],[-87.879384,70.318345],[-87.904001,70.328762],[-87.957265,70.334784],[-88.141306,70.395901],[-88.337148,70.425442],[-88.405019,70.451321],[-88.444529,70.44184],[-88.694081,70.465033],[-88.768748,70.484036],[-88.907216,70.544867],[-89.002309,70.634263],[-89.010243,70.660956],[-89.06489,70.681464],[-89.075999,70.699856],[-89.298451,70.777411],[-89.366282,70.818793],[-89.449086,70.908026],[-89.427683,70.922349],[-89.376332,70.925442],[-89.321767,70.939887],[-89.208852,70.942125],[-89.215688,70.955797],[-89.188425,70.962592],[-89.22643,70.982733],[-89.330759,71.002875],[-89.464711,71.05565],[-89.506581,71.064358],[-89.557729,71.092963],[-89.22761,71.077094],[-89.208852,71.06566],[-89.221913,71.051988],[-89.126332,71.031562],[-88.920888,71.052558],[-88.838328,71.037746],[-88.642405,71.054592],[-88.572214,71.0397],[-88.410512,71.027411],[-88.372874,71.011054],[-88.355417,70.972602],[-88.324941,70.958441],[-87.893015,70.935289],[-87.813914,70.953111],[-87.725657,70.954495],[-87.6881,70.961859],[-87.586741,70.948472],[-87.529286,70.955797],[-87.358835,70.949123],[-87.32787,70.986802],[-87.282419,71.009345],[-87.228261,71.011054],[-87.059031,70.990058],[-87.002309,70.996772],[-87.049265,71.009955],[-87.330271,71.0397],[-87.337514,71.051988],[-87.372874,71.045152],[-87.393503,71.048896],[-87.426869,71.072455],[-87.503855,71.079047],[-87.541208,71.095038],[-87.680124,71.119696],[-87.749013,71.140774],[-87.85029,71.194037],[-87.825266,71.231391],[-87.844594,71.243801],[-87.817942,71.257473],[-87.864125,71.274848],[-87.920644,71.270006],[-88.081125,71.209662],[-88.18102,71.229478],[-88.511057,71.245917],[-88.615793,71.237006],[-89.813425,71.329006],[-89.853139,71.339342],[-89.898752,71.362535],[-89.924509,71.400824],[-89.963002,71.415107],[-90.003977,71.456041],[-89.982249,71.469713],[-90.010203,71.517524],[-89.957102,71.523139],[-89.959299,71.534898],[-89.990915,71.575629],[-90.033884,71.586005],[-90.044911,71.596666],[-90.038767,71.604234],[-89.996816,71.610012],[-90.003977,71.634833],[-89.976633,71.657945],[-89.903269,71.680569],[-89.880483,71.709906],[-89.820302,71.732245],[-89.832021,71.750922],[-89.797922,71.757758],[-89.797922,71.764594],[-89.85908,71.775051],[-89.914011,71.798733],[-89.880483,71.812323],[-89.952138,71.822903],[-89.955556,71.853258],[-90.003,71.868354],[-90.014353,71.89053],[-90.104685,71.916327],[-90.118601,71.92886],[-90.099233,71.946112],[-90.052073,71.950873],[-89.996531,71.990465],[-90.003977,72.024604],[-89.969228,72.038886],[-89.992543,72.071601],[-89.761708,72.125556],[-89.736155,72.127631],[-89.673289,72.113267],[-89.656443,72.139228],[-89.578196,72.162421],[-89.585764,72.179145],[-89.617624,72.184719],[-89.681223,72.182847],[-89.770619,72.162421],[-89.90095,72.189765],[-89.90095,72.217027],[-89.963002,72.257392],[-89.932851,72.270494],[-89.950673,72.333726],[-89.904368,72.370673],[-89.852732,72.386664],[-89.833079,72.402981],[-89.912953,72.425971],[-89.90095,72.442939],[-89.878855,72.426581],[-89.787506,72.424262],[-89.78425,72.428697],[-89.882354,72.432603],[-89.887685,72.449083],[-89.814402,72.459215],[-89.790639,72.474677],[-89.773671,72.521145],[-89.78425,72.57331],[-89.735056,72.621243],[-89.661366,72.634711],[-89.587473,72.616645],[-89.548533,72.640082],[-89.565134,72.662055],[-89.544871,72.669013],[-89.493113,72.664008],[-89.468332,72.668891],[-89.498525,72.685126],[-89.566965,72.7001],[-89.585642,72.724107],[-89.551503,72.765082],[-89.578196,72.792426],[-89.482533,72.782131],[-89.427358,72.765082],[-89.345408,72.765082],[-89.294382,72.752631],[-89.27656,72.758246],[-89.290761,72.778754],[-89.249827,72.792426],[-89.39391,72.811591],[-89.413645,72.830878],[-89.380198,72.860663],[-89.320872,72.88231],[-89.331776,72.895453],[-89.298044,72.920722],[-89.30724,72.946723],[-89.355662,72.967108],[-89.353831,72.992906],[-89.324941,73.011542],[-89.277821,73.022406],[-89.22936,73.018988],[-89.243031,73.011542],[-89.214915,73.013251],[-89.311879,73.052476],[-89.263499,73.079779],[-89.218455,73.131741],[-89.125681,73.148098],[-89.180898,73.155504],[-89.161733,73.177639],[-89.114329,73.191962],[-89.092234,73.210761],[-89.041208,73.21894],[-88.936838,73.208808],[-88.886708,73.216986],[-88.907419,73.225002],[-88.980946,73.225735],[-89.051218,73.251695],[-88.915883,73.301825],[-88.862864,73.306342],[-88.821238,73.29267],[-88.749582,73.29267],[-88.648752,73.280707],[-88.619211,73.285834],[-88.648142,73.29621],[-88.833241,73.323554],[-88.859446,73.333686],[-88.687489,73.423041],[-88.587758,73.454047],[-88.497751,73.466498],[-88.413767,73.525458],[-87.995432,73.655748],[-87.853749,73.683905],[-87.764475,73.716742],[-87.586171,73.73725],[-87.434641,73.765448],[-87.298289,73.770331],[-87.134104,73.80272],[-86.876088,73.818793],[-86.714182,73.847398],[-86.55842,73.855292],[-86.37385,73.847398],[-86.018625,73.854885],[-85.747792,73.831936],[-85.271921,73.818264],[-85.240793,73.827094],[-85.216624,73.819892],[-85.105702,73.811998],[-84.882761,73.748236],[-84.836741,73.745185],[-84.877675,73.710395],[-84.951975,73.66767],[-85.473582,73.525458],[-85.577219,73.512397],[-85.664622,73.457221],[-85.739573,73.443345],[-86.030344,73.302436],[-86.218088,73.148505],[-86.292429,73.116156],[-86.282948,73.087226],[-86.330149,73.059963],[-86.33198,73.044257],[-86.469675,72.958482],[-86.612904,72.893622],[-86.672719,72.846991],[-86.735422,72.716702],[-86.680165,72.683173],[-86.705759,72.668402],[-86.680247,72.646186],[-86.326121,72.503648],[-86.266347,72.466254],[-86.242014,72.422512],[-86.253407,72.394599],[-86.432485,72.276842],[-86.460439,72.203355],[-86.433787,72.168647],[-86.447458,72.127631],[-86.408193,72.005805],[-86.333852,71.987047],[-86.326121,71.950873],[-86.127553,71.794257],[-86.08849,71.778306],[-86.042958,71.773139],[-86.00947,71.751207],[-85.963572,71.739488],[-85.846873,71.670966],[-85.759348,71.652574],[-85.726796,71.637926],[-85.72057,71.613105],[-85.67455,71.591783],[-85.57429,71.566148],[-85.528798,71.545478],[-85.496938,71.51439],[-85.480702,71.510688],[-85.425771,71.517524],[-85.390696,71.488959],[-85.329905,71.49018],[-85.300282,71.472886],[-85.206654,71.462226],[-85.185862,71.44477],[-85.024648,71.441067],[-84.959665,71.428778],[-84.918691,71.39057],[-84.943837,71.344387],[-84.886708,71.343573],[-84.837636,71.286566],[-84.858144,71.276109],[-85.193186,71.299302],[-85.275583,71.284735],[-85.255116,71.270941],[-85.171946,71.277899],[-85.171946,71.270453],[-85.263417,71.249091],[-85.296091,71.243801],[-85.416575,71.252672],[-85.453074,71.243801],[-85.471547,71.229722],[-85.39509,71.226386],[-85.406199,71.196967],[-85.426503,71.194281],[-85.455678,71.211656],[-85.470774,71.210354],[-85.497751,71.185452],[-85.543202,71.180569],[-85.700144,71.209662],[-85.881418,71.177883],[-85.945302,71.180894],[-85.97468,71.174954],[-86.01891,71.146186],[-86.21406,71.099799],[-86.207224,71.078681],[-86.30842,71.05565],[-86.386057,71.053656],[-86.419504,71.037746],[-86.495229,71.037746],[-86.803171,71.000434],[-86.823557,70.990546],[-86.662546,70.976264],[-86.284861,71.006252],[-86.121327,71.056057],[-85.885935,71.105048],[-85.818593,71.141262],[-85.768503,71.1494],[-85.544138,71.155463],[-85.483835,71.175116],[-85.192983,71.154446],[-85.181752,71.141059],[-85.145579,71.154446],[-85.089955,71.154446],[-85.124745,71.182318],[-85.013621,71.161526],[-84.987538,71.168036],[-85.042795,71.182318],[-85.042795,71.188544],[-84.972605,71.196194],[-84.913889,71.173651],[-84.886098,71.178046],[-84.856801,71.159735],[-84.877675,71.072455],[-84.982289,71.107815],[-85.145212,71.092963],[-85.145212,71.086127],[-84.959665,71.078681],[-84.972971,71.056464],[-84.982655,71.053168],[-84.994456,71.059475],[-85.008046,71.051988],[-85.008046,71.031562],[-84.974965,71.029934],[-84.946238,71.019273],[-84.931142,71.000922],[-84.939158,70.976264],[-84.977895,70.950385],[-84.967966,70.923977],[-84.799184,70.927883],[-84.787953,70.957221],[-84.753,70.975898],[-84.762766,71.012519],[-84.786082,71.024115],[-84.774648,71.037746],[-84.823557,71.066596],[-84.829294,71.086127],[-84.797109,71.184882],[-84.752309,71.205024],[-84.691843,71.212307],[-84.664784,71.223334],[-84.758046,71.258857],[-84.798695,71.287665],[-84.74116,71.380316],[-84.761342,71.40766],[-84.739003,71.424465],[-84.70051,71.432847],[-84.590932,71.439154],[-84.547231,71.449856],[-84.528269,71.473131],[-84.563059,71.555365],[-84.644968,71.584296],[-84.65803,71.613105],[-84.603383,71.647895],[-84.622385,71.665839],[-84.644643,71.675198],[-84.713246,71.682034],[-84.87092,71.675198],[-84.843577,71.655341],[-84.852854,71.639797],[-84.891591,71.632961],[-85.257883,71.668362],[-85.327952,71.685736],[-85.455271,71.758979],[-85.528798,71.771389],[-85.521962,71.778225],[-85.583445,71.791815],[-85.453969,71.801744],[-85.437815,71.814765],[-85.562937,71.894232],[-85.555531,71.901679],[-85.651926,71.920071],[-85.747263,71.948554],[-86.021352,71.984117],[-86.050649,72.014553],[-86.03071,72.017524],[-86.014882,71.997748],[-85.960194,71.983629],[-85.987498,72.004096],[-85.987498,72.03144],[-85.937082,72.026679],[-85.874949,72.031724],[-85.72057,72.010932],[-85.772328,72.026597],[-85.782053,72.038886],[-85.740712,72.051947],[-85.571848,72.057807],[-85.497751,72.079901],[-85.54247,72.127631],[-85.467356,72.127631],[-85.416249,72.138821],[-85.398508,72.134467],[-85.443959,72.16413],[-85.508372,72.175442],[-85.500925,72.214423],[-85.54247,72.236884],[-85.51476,72.239936],[-85.418935,72.217027],[-85.452626,72.245307],[-85.500925,72.251166],[-85.47643,72.266262],[-85.363718,72.251166],[-85.296091,72.264228],[-85.220326,72.257392],[-85.240793,72.251166],[-85.218373,72.235745],[-85.186228,72.24433],[-85.180491,72.259467],[-85.114207,72.257392],[-85.091908,72.248236],[-85.110544,72.230658],[-85.071116,72.231431],[-85.055857,72.251166],[-85.035837,72.254706],[-84.862009,72.219713],[-84.836619,72.193345],[-84.68342,72.144965],[-84.6079,72.138739],[-84.507761,72.117377],[-84.447458,72.089423],[-84.418406,72.062201],[-84.354563,72.056627],[-84.271311,72.024604],[-84.206614,71.938544],[-84.184031,71.938178],[-84.171702,71.950995],[-84.178782,71.976264],[-84.158315,71.983629],[-84.192454,72.010932],[-84.16454,72.024604],[-84.246042,72.055365],[-84.315378,72.065579],[-84.342844,72.077135],[-84.41157,72.120795],[-84.377431,72.134467],[-84.485422,72.142483],[-84.610178,72.168606],[-84.747385,72.230658],[-84.690053,72.231391],[-84.672231,72.236884],[-84.689809,72.244045],[-84.770375,72.246568],[-84.939158,72.292141],[-84.885732,72.310045],[-84.814076,72.357611],[-84.782216,72.362128],[-84.569203,72.354193],[-84.432078,72.381537],[-84.456288,72.38703],[-84.535105,72.367174],[-84.825876,72.379828],[-84.864695,72.367174],[-84.877675,72.402004],[-84.803538,72.409898],[-84.780141,72.461656],[-85.021067,72.402004],[-85.008046,72.374091],[-85.076853,72.375963],[-85.131907,72.353909],[-85.142039,72.370551],[-85.117909,72.387763],[-85.344309,72.412909],[-85.514516,72.463446],[-85.618235,72.545356],[-85.602122,72.558051],[-85.496775,72.566148],[-85.473582,72.579535],[-85.578847,72.582668],[-85.632802,72.593492],[-85.70637,72.638495],[-85.689646,72.691474],[-85.713816,72.737779],[-85.652333,72.871243],[-85.682078,72.893622],[-85.6728,72.908433],[-85.61323,72.936347],[-85.593984,72.96308],[-85.543284,72.976467],[-85.159006,72.948188],[-84.920644,72.898586],[-84.457957,72.840644],[-84.371571,72.812445],[-84.257924,72.788764],[-84.130442,72.778754],[-83.991404,72.748969],[-83.95287,72.758246],[-84.078725,72.787543],[-84.237904,72.801215],[-84.619211,72.904446],[-84.718984,72.911078],[-84.915842,72.962592],[-85.089955,72.984809],[-85.062693,72.991034],[-85.118031,73.033149],[-85.157053,73.035142],[-85.186228,73.018988],[-85.171946,73.011542],[-85.535634,73.025784],[-85.463572,73.111884],[-85.417226,73.14057],[-85.377675,73.133002],[-85.334788,73.094794],[-85.208241,73.059272],[-85.124745,73.052476],[-85.227162,73.131293],[-85.175404,73.148993],[-85.030385,73.136542],[-84.88093,73.102118],[-84.458852,73.062445],[-84.002024,73.037584],[-83.861318,73.036566],[-83.705434,72.995347],[-83.637563,72.984809],[-83.662546,73.002346],[-83.780955,73.03266],[-83.794749,73.046576],[-83.919871,73.063788],[-84.16511,73.070461],[-84.242299,73.089179],[-84.491892,73.11522],[-84.569203,73.114569],[-85.021067,73.203315],[-85.112498,73.202948],[-85.15807,73.209052],[-85.192983,73.231269],[-85.113352,73.321845],[-84.836659,73.389065],[-84.797231,73.390937],[-84.736887,73.371772],[-84.685902,73.326239],[-84.631337,73.299994],[-84.514516,73.277655],[-84.398549,73.224514],[-84.342641,73.231269],[-84.384592,73.257514],[-84.572581,73.322008],[-84.59789,73.335598],[-84.598582,73.364976],[-84.65803,73.395087],[-84.603261,73.414008],[-84.240915,73.474189],[-84.1822,73.477688],[-83.780955,73.436103],[-83.720774,73.401028],[-83.73998,73.395087],[-83.678782,73.321763],[-83.645741,73.304389],[-83.605173,73.3015],[-83.596018,73.326239],[-83.642527,73.360582],[-83.629954,73.422797],[-83.665232,73.456122],[-84.007517,73.50495],[-83.984853,73.523139],[-83.641184,73.59512],[-83.54662,73.599677],[-83.356516,73.643378],[-83.163075,73.667182],[-83.129709,73.666693],[-83.05724,73.6494],[-83.002878,73.677965],[-82.89741,73.707343],[-82.831125,73.736721],[-82.44282,73.730536],[-82.050608,73.737738],[-81.87678,73.721625],[-81.528391,73.716213],[-81.474558,73.704657],[-81.423289,73.638007],[-81.343007,73.610338],[-81.229075,73.5397],[-81.197621,73.481024],[-81.182078,73.369818],[-81.218129,73.29267],[-81.187571,73.264553],[-81.133534,73.247056],[-80.642771,73.169827],[-80.6197,73.160102],[-80.549875,73.094794],[-80.596384,73.046373],[-80.580678,73.025784],[-80.657053,72.977362],[-80.64033,72.927924],[-80.565175,72.891425],[-80.506215,72.840237],[-80.320627,72.806098],[-80.245473,72.737779],[-80.302358,72.716498],[-80.375478,72.707221],[-80.451609,72.67768],[-80.495554,72.647406],[-80.558461,72.62759],[-80.526072,72.579535],[-80.759389,72.524888],[-80.902699,72.464504],[-80.951243,72.45661],[-81.11852,72.349514],[-81.178293,72.34101],[-81.204783,72.291571],[-81.286366,72.277899],[-81.382639,72.24433],[-81.311228,72.245429],[-81.241648,72.26081],[-80.88915,72.436184],[-80.796986,72.446723],[-80.744944,72.467271],[-80.555531,72.51553],[-80.536936,72.514594],[-80.506215,72.497626],[-80.49531,72.460028],[-80.526194,72.40998],[-80.5124,72.381537],[-80.576243,72.374742],[-80.637766,72.357978],[-80.752309,72.309231],[-80.831614,72.260688],[-80.856394,72.230618],[-80.834543,72.209621],[-80.866567,72.199652],[-80.97175,72.203355],[-80.759389,72.141303],[-80.618723,72.110053],[-80.566884,72.082261],[-80.60261,72.063422],[-80.687082,72.075507],[-80.758005,72.103949],[-81.026316,72.093492],[-80.992177,72.072984],[-81.087758,72.052558],[-81.004099,72.036119],[-80.954701,72.037055],[-80.84142,72.054348],[-80.806956,72.046291],[-80.800404,72.017768],[-80.824412,72.012274],[-80.822621,71.967027],[-80.844797,71.939276],[-80.877187,71.924262],[-80.961252,71.908677],[-80.985341,71.888088],[-80.833974,71.907864],[-80.764394,71.937201],[-80.759389,71.983629],[-80.664499,72.00731],[-80.568064,72.013577],[-80.515696,72.029853],[-80.396677,72.050116],[-80.353871,72.074897],[-80.365305,72.110907],[-80.441477,72.139879],[-80.482859,72.180732],[-80.474843,72.192694],[-80.419911,72.19595],[-80.381093,72.178656],[-80.351999,72.176703],[-80.298044,72.207587],[-80.249949,72.20425],[-80.238108,72.209621],[-80.306956,72.257392],[-80.28364,72.28856],[-80.245229,72.299872],[-80.201731,72.295966],[-80.162953,72.281562],[-80.06843,72.213039],[-80.00532,72.182847],[-79.937001,72.164862],[-79.676381,72.127631],[-79.695994,72.147162],[-79.731191,72.157538],[-79.83849,72.166449],[-79.930165,72.19595],[-80.169789,72.326321],[-80.049021,72.397895],[-79.926584,72.409613],[-79.874949,72.428697],[-79.868113,72.4914],[-79.848948,72.503363],[-79.818837,72.506415],[-79.765696,72.497626],[-79.786204,72.483954],[-79.773793,72.47724],[-79.732126,72.489081],[-79.690623,72.470282],[-79.768056,72.43476],[-79.772532,72.415676],[-79.753,72.401435],[-79.655832,72.374091],[-79.670155,72.360419],[-79.647206,72.359809],[-79.593821,72.340522],[-79.655141,72.28913],[-79.738759,72.266913],[-79.773549,72.248725],[-79.768015,72.222357],[-79.714915,72.218248],[-79.696848,72.223212],[-79.71113,72.236884],[-79.607004,72.275295],[-79.545644,72.275092],[-79.508412,72.26081],[-79.476755,72.202948],[-79.464182,72.193671],[-79.450388,72.19595],[-79.481923,72.263129],[-79.545969,72.292141],[-79.490102,72.300605],[-79.484568,72.326321],[-79.389475,72.357896],[-79.364084,72.372748],[-79.368479,72.395168],[-79.331614,72.402289],[-79.283396,72.394436],[-79.12678,72.341864],[-79.042429,72.287828],[-78.957224,72.283108],[-78.984242,72.230658],[-78.943308,72.19595],[-79.003407,72.154731],[-79.038889,72.072984],[-79.116038,72.034817],[-79.142527,72.005927],[-79.209462,71.989325],[-79.230662,71.976264],[-79.152455,71.955715],[-79.066518,71.976264],[-78.718943,71.923285],[-78.591868,71.870103],[-78.545481,71.86164],[-78.504465,71.874457],[-78.590159,71.904853],[-78.601511,71.942572],[-78.760325,71.95954],[-78.815745,71.972317],[-78.914418,72.014146],[-78.862009,72.105902],[-78.880198,72.159003],[-78.858144,72.174221],[-78.830434,72.172675],[-78.504465,72.100328],[-78.437734,72.045396],[-78.384877,71.940497],[-78.208974,71.823798],[-78.123891,71.812445],[-78.04719,71.787502],[-77.90864,71.771389],[-77.90864,71.778225],[-78.065867,71.809638],[-78.171254,71.850409],[-78.226999,71.891181],[-78.298818,71.917182],[-78.308339,71.949856],[-78.281484,71.958197],[-78.153554,71.972398],[-78.134511,71.942694],[-77.988759,71.879706],[-77.976918,71.847113],[-77.93163,71.824774],[-77.819651,71.804023],[-77.747629,71.751695],[-77.730092,71.79621],[-77.69636,71.812323],[-77.713368,71.819241],[-77.786733,71.821845],[-77.889231,71.843695],[-78.017893,71.91885],[-78.091624,71.943183],[-78.098866,71.968004],[-78.124867,71.976752],[-78.186106,71.983629],[-78.294504,71.976549],[-78.338368,72.004299],[-78.374582,72.083564],[-78.429026,72.119859],[-78.683787,72.165717],[-78.875071,72.230658],[-78.767079,72.265204],[-78.750925,72.285305],[-78.759104,72.299384],[-78.812937,72.312649],[-78.814443,72.331732],[-78.789052,72.340522],[-78.717356,72.333075],[-78.604319,72.357815],[-78.536733,72.345893],[-78.511912,72.326321],[-78.539255,72.305732],[-78.531809,72.251166],[-78.520375,72.235256],[-78.456736,72.217027],[-78.456248,72.193671],[-78.427561,72.179429],[-78.397165,72.176337],[-78.39155,72.186347],[-78.422556,72.203355],[-78.41572,72.223212],[-78.476552,72.24433],[-78.455678,72.28266],[-78.470937,72.318834],[-78.408803,72.329047],[-78.020619,72.279608],[-78.008616,72.269355],[-78.024648,72.251166],[-77.915476,72.264228],[-77.785105,72.24433],[-77.691355,72.21662],[-77.654978,72.194241],[-77.668406,72.168647],[-77.620595,72.137885],[-77.660959,72.100328],[-77.599843,72.125434],[-77.586497,72.141303],[-77.620595,72.175442],[-77.589589,72.183295],[-77.298451,72.189765],[-77.180247,72.160386],[-76.997426,72.134467],[-77.131785,72.172675],[-77.271799,72.19595],[-77.5478,72.199205],[-77.626047,72.227973],[-77.686838,72.236314],[-77.826039,72.277899],[-77.94164,72.292141],[-78.000925,72.310126],[-78.227122,72.337592],[-78.532094,72.425605],[-78.554758,72.44481],[-78.559071,72.510647],[-78.456736,72.555609],[-78.427439,72.593736],[-78.374745,72.593817],[-78.188914,72.653551],[-78.024648,72.675727],[-77.977122,72.698432],[-77.799387,72.704169],[-77.601023,72.755805],[-76.889109,72.743476],[-76.783518,72.729478],[-76.688954,72.69717],[-76.658396,72.666449],[-76.681508,72.655219],[-76.651967,72.638739],[-76.196848,72.59927],[-76.169504,72.591132],[-76.153757,72.566392],[-76.168202,72.53856],[-76.102976,72.479682],[-76.037221,72.4914],[-76.069692,72.555325],[-75.990061,72.586982],[-75.93989,72.592231],[-75.735056,72.582587],[-75.543568,72.552558],[-75.47407,72.529242],[-75.198354,72.497626],[-75.194936,72.45661],[-75.153391,72.415676],[-74.941721,72.257392],[-75.030344,72.215318],[-75.029856,72.203355],[-75.063303,72.186469],[-75.245961,72.128485],[-75.281809,72.124091],[-75.477895,72.14704],[-75.63915,72.145087],[-76.028757,72.08869],[-76.06843,72.075873],[-76.15217,71.989081],[-76.283681,71.945502],[-76.359975,71.888088],[-76.402292,71.870795],[-76.414622,71.860785],[-76.384958,71.851508],[-76.332875,71.870429],[-76.252431,71.929755],[-76.086659,71.988959],[-76.005076,72.059394],[-75.657704,72.124335],[-75.513173,72.125556],[-75.242055,72.083441],[-75.222279,72.069281],[-75.245066,72.051215],[-75.296702,72.039496],[-75.539133,72.019355],[-75.585398,72.004096],[-75.622507,71.972886],[-75.637563,71.910468],[-75.675404,71.894232],[-75.702097,71.860785],[-75.691843,71.843451],[-75.804514,71.757758],[-75.873647,71.726752],[-76.024973,71.717515],[-76.099924,71.703111],[-76.099924,71.696275],[-75.995798,71.709052],[-75.931711,71.703111],[-75.866444,71.707953],[-75.805124,71.726386],[-75.653635,71.832831],[-75.633249,71.875922],[-75.574534,71.918687],[-75.574167,71.968004],[-75.550649,71.983547],[-75.460642,72.009182],[-75.29308,72.004381],[-75.196034,72.024237],[-75.16393,72.041978],[-75.127431,72.090155],[-75.063181,72.128241],[-75.020212,72.133734],[-74.975942,72.130845],[-74.892323,72.110989],[-74.315623,72.088772],[-74.242258,72.079901],[-74.17394,72.03144],[-74.118031,71.967231],[-74.122426,71.955715],[-74.209096,71.916002],[-74.172922,71.865424],[-74.25239,71.822455],[-74.413808,71.806138],[-74.491648,71.812323],[-74.551381,71.831977],[-74.577992,71.825995],[-74.55073,71.798733],[-74.653432,71.774807],[-74.70991,71.738918],[-74.844919,71.729804],[-74.927439,71.709906],[-75.051584,71.722968],[-75.351796,71.700141],[-75.377756,71.69184],[-75.394236,71.675198],[-75.085072,71.703111],[-75.009877,71.699774],[-74.970082,71.691474],[-74.939768,71.661689],[-75.414052,71.52497],[-75.394724,71.519192],[-75.311635,71.545478],[-75.201853,71.5539],[-75.045522,71.605536],[-74.89863,71.625637],[-74.842844,71.666083],[-74.799509,71.683987],[-74.715566,71.701565],[-74.680735,71.699368],[-74.635203,71.659735],[-74.677317,71.610012],[-74.746693,71.577948],[-74.788401,71.571682],[-74.807322,71.554145],[-75.019602,71.542711],[-75.133738,71.492418],[-75.153391,71.469713],[-75.127919,71.47191],[-75.064646,71.510688],[-75.025502,71.520657],[-74.843699,71.523261],[-74.821482,71.513251],[-74.825022,71.49018],[-74.843088,71.478095],[-74.92809,71.456041],[-74.812001,71.452216],[-74.744862,71.441067],[-74.704661,71.394924],[-74.721995,71.377265],[-74.786692,71.364691],[-74.800852,71.343085],[-74.889272,71.298814],[-74.919993,71.270697],[-75.0006,71.241156],[-75.032094,71.215155],[-75.098744,71.19538],[-75.076772,71.183743],[-75.045888,71.187201],[-74.8933,71.24726],[-74.630971,71.390204],[-74.629506,71.418199],[-74.730417,71.478176],[-74.742502,71.514106],[-74.72822,71.544176],[-74.69404,71.553168],[-74.618967,71.558498],[-74.522654,71.662584],[-74.419016,71.67121],[-74.317942,71.709906],[-74.282053,71.734565],[-74.136057,71.743476],[-74.108347,71.73786],[-74.12092,71.688137],[-74.142283,71.669745],[-74.232045,71.637519],[-74.24946,71.608791],[-74.235911,71.565741],[-74.145985,71.538642],[-74.216786,71.620917],[-74.113596,71.652737],[-73.996042,71.754218],[-73.905873,71.775621],[-73.721506,71.778225],[-73.687367,71.758857],[-73.687937,71.722968],[-73.657094,71.758857],[-73.620961,71.772528],[-73.596425,71.763902],[-73.608225,71.733466],[-73.646067,71.70893],[-73.802927,71.658026],[-73.805409,71.628485],[-73.876658,71.61636],[-73.899607,71.579535],[-73.975331,71.545478],[-74.016306,71.49018],[-73.982126,71.476549],[-73.996165,71.461819],[-74.074656,71.469713],[-74.102366,71.46601],[-74.317942,71.415107],[-74.291453,71.408271],[-74.181386,71.435614],[-74.029978,71.442369],[-74.070383,71.397691],[-74.072092,71.337348],[-74.181386,71.31269],[-74.181386,71.305243],[-74.102244,71.304999],[-74.096506,71.282782],[-74.242258,71.202826],[-74.186472,71.219916],[-74.002878,71.326321],[-74.00886,71.370754],[-73.954539,71.432196],[-73.909983,71.44477],[-73.899607,71.456041],[-73.90217,71.482978],[-73.86616,71.535346],[-73.758412,71.580024],[-73.687937,71.593248],[-73.621653,71.583157],[-73.563791,71.558498],[-73.619578,71.517239],[-73.611684,71.485745],[-73.653188,71.442369],[-73.58613,71.395575],[-73.638905,71.3605],[-73.526235,71.380316],[-73.50239,71.428778],[-73.461497,71.441881],[-73.427235,71.439032],[-73.378855,71.387152],[-73.493601,71.371527],[-73.520985,71.331122],[-73.570912,71.315823],[-73.66157,71.26675],[-73.687937,71.243801],[-73.680491,71.209662],[-73.71467,71.174872],[-73.71467,71.119696],[-73.747507,71.089748],[-73.855906,71.076565],[-73.899607,71.059475],[-73.880849,71.05329],[-73.837717,71.06566],[-73.727284,71.074856],[-73.694163,71.086127],[-73.667104,71.107367],[-73.660024,71.182318],[-73.622141,71.233222],[-73.531199,71.290432],[-73.468577,71.300035],[-73.438669,71.313544],[-73.440907,71.346829],[-73.315012,71.340399],[-73.175852,71.307929],[-73.160756,71.291083],[-73.120107,71.29682],[-73.082021,71.288967],[-73.049875,71.270453],[-73.227122,71.246812],[-73.276438,71.223334],[-73.248118,71.194322],[-73.241648,71.154446],[-73.29011,71.099799],[-73.427683,71.054877],[-73.454579,71.031562],[-73.378855,70.9831],[-73.372304,71.001654],[-73.401316,71.026028],[-73.399892,71.045152],[-73.373362,71.056871],[-73.287424,71.071601],[-73.26122,71.105536],[-73.170277,71.171454],[-73.187082,71.206244],[-73.169016,71.227281],[-73.127756,71.233344],[-73.030507,71.232611],[-72.995351,71.254218],[-72.960439,71.336249],[-72.994618,71.40766],[-72.935658,71.419379],[-72.811838,71.41828],[-72.755076,71.435614],[-72.777781,71.471829],[-72.817942,71.488023],[-72.837595,71.510688],[-72.638987,71.545478],[-72.600779,71.63642],[-72.58434,71.655341],[-72.549428,71.665107],[-72.472605,71.647284],[-71.920115,71.574286],[-71.782664,71.534613],[-71.581899,71.515082],[-71.544301,71.505113],[-71.527943,71.490546],[-71.418691,71.456041],[-71.432973,71.435614],[-71.287546,71.384345],[-71.117055,71.270453],[-71.154368,71.244045],[-71.343577,71.168036],[-71.445017,71.073472],[-71.47053,71.06566],[-71.619944,71.071967],[-71.710886,71.096869],[-71.860951,71.113471],[-72.045115,71.084784],[-72.112172,71.058173],[-72.10029,71.020982],[-72.182444,70.965766],[-72.269154,70.956366],[-72.297353,70.947089],[-72.323679,70.927883],[-72.320017,70.897162],[-72.356272,70.87873],[-72.748484,70.827338],[-72.776112,70.81802],[-72.476877,70.837836],[-72.303171,70.873236],[-72.165354,70.839748],[-72.169016,70.826809],[-72.273508,70.775133],[-72.33727,70.757799],[-72.316233,70.729885],[-72.364613,70.68891],[-72.490305,70.651435],[-72.582509,70.646186],[-72.624705,70.633694],[-72.608632,70.627997],[-72.556386,70.633694],[-72.570668,70.613186],[-72.531687,70.617092],[-72.477976,70.64643],[-72.391916,70.65412],[-72.327707,70.674872],[-72.21052,70.764635],[-71.953114,70.791327],[-71.821645,70.827216],[-71.729482,70.838039],[-71.590647,70.873236],[-71.322825,70.887193],[-71.215037,70.855292],[-71.174387,70.857164],[-71.254221,70.900214],[-71.289011,70.908026],[-71.274363,70.932115],[-71.234568,70.954657],[-71.201853,71.006985],[-71.15095,71.037746],[-70.982981,71.071112],[-70.861643,71.109076],[-70.787221,71.114569],[-70.713572,71.103949],[-70.637888,71.078681],[-70.530832,70.959215],[-70.521189,70.914252],[-70.544016,70.897447],[-70.712961,70.839748],[-70.747751,70.798774],[-70.749013,70.754788],[-70.805531,70.724351],[-71.067454,70.676215],[-71.103383,70.660956],[-71.141469,70.604438],[-71.163645,70.590766],[-71.212229,70.581855],[-71.264027,70.583564],[-71.526235,70.62051],[-71.576365,70.613186],[-71.596059,70.603013],[-71.579294,70.569525],[-71.593332,70.547919],[-71.727162,70.497056],[-71.747996,70.448879],[-71.765085,70.443671],[-71.889353,70.44245],[-71.932485,70.436754],[-71.967356,70.421373],[-71.937449,70.4147],[-71.812856,70.435004],[-71.729848,70.425482],[-71.744985,70.357123],[-71.769765,70.328111],[-71.850697,70.297838],[-71.82372,70.293687],[-71.753529,70.314643],[-71.671946,70.372992],[-71.637807,70.456122],[-71.658884,70.469794],[-71.508046,70.54564],[-71.514882,70.579047],[-71.451609,70.586615],[-71.391428,70.571601],[-71.439768,70.558539],[-71.419993,70.552476],[-71.343251,70.565375],[-71.252878,70.548082],[-71.183176,70.543118],[-71.168894,70.535102],[-71.165476,70.517646],[-71.242014,70.418199],[-71.275014,70.342515],[-71.32311,70.318345],[-71.274648,70.269924],[-71.312571,70.225816],[-71.371531,70.195461],[-71.377146,70.169745],[-71.418772,70.156928],[-71.439768,70.126614],[-71.405019,70.133979],[-71.4204,70.116197],[-71.50121,70.085598],[-71.542226,70.024115],[-71.522654,70.027899],[-71.456736,70.081366],[-71.352976,70.123277],[-71.309682,70.188788],[-71.247996,70.222113],[-71.210072,70.271226],[-71.228342,70.304633],[-71.192738,70.331977],[-71.192738,70.353095],[-71.075551,70.490668],[-71.069895,70.517646],[-71.050608,70.52383],[-71.004587,70.523871],[-70.987294,70.531236],[-71.056223,70.551703],[-70.985341,70.633694],[-70.843332,70.647935],[-70.69286,70.703762],[-70.64448,70.711982],[-70.61738,70.729885],[-70.55663,70.741889],[-70.513499,70.741848],[-70.397654,70.784491],[-70.236277,70.800971],[-69.914988,70.879869],[-69.875925,70.884345],[-69.781687,70.866156],[-69.777699,70.847724],[-69.80724,70.814846],[-69.956532,70.734524],[-70.205759,70.656684],[-70.282216,70.642483],[-70.40807,70.642564],[-70.448679,70.635199],[-70.480214,70.613186],[-70.401072,70.527533],[-70.421457,70.512641],[-70.494496,70.489651],[-70.474436,70.477729],[-70.361887,70.500474],[-70.309519,70.503323],[-70.328969,70.53852],[-70.411977,70.60635],[-70.393625,70.614691],[-70.192494,70.620022],[-70.076161,70.613186],[-70.053049,70.635159],[-70.040883,70.596625],[-69.979929,70.65412],[-69.901357,70.667426],[-69.855946,70.689683],[-69.801259,70.683092],[-69.774485,70.68891],[-69.808665,70.702582],[-69.782175,70.719184],[-69.712392,70.68891],[-69.681833,70.68537],[-69.61616,70.763617],[-69.590281,70.773424],[-69.473459,70.791327],[-69.40453,70.791327],[-69.410756,70.777045],[-69.272328,70.786607],[-69.202952,70.779364],[-69.097849,70.72309],[-68.362253,70.584296],[-68.297231,70.558539],[-68.286814,70.506537],[-68.384592,70.457506],[-68.393381,70.433661],[-68.435374,70.422431],[-68.458608,70.372992],[-68.487375,70.369208],[-68.565989,70.394477],[-68.582143,70.411119],[-68.548044,70.44184],[-68.552195,70.461412],[-68.591298,70.466986],[-68.630198,70.455146],[-68.672963,70.423489],[-68.652781,70.361802],[-68.68456,70.331977],[-68.720041,70.322333],[-68.836659,70.314276],[-68.905385,70.296942],[-69.013783,70.304877],[-69.097279,70.282131],[-69.212473,70.284247],[-69.363596,70.256903],[-69.470204,70.248114],[-69.504587,70.225165],[-69.616892,70.215888],[-69.724558,70.180406],[-69.808339,70.166693],[-69.832631,70.152777],[-69.842763,70.126614],[-69.90095,70.093248],[-69.936513,70.083482],[-70.088612,70.068264],[-70.156606,70.045478],[-70.179921,70.020453],[-70.151235,70.01675],[-70.117543,70.025458],[-70.062205,70.057807],[-70.027699,70.065131],[-69.950917,70.059231],[-69.876902,70.044013],[-69.855946,70.032538],[-69.81489,69.992011],[-69.832224,69.98314],[-70.0006,69.996243],[-70.144399,69.96955],[-70.223582,69.945624],[-70.219553,69.920478],[-70.241526,69.907294],[-70.342722,69.888373],[-70.384633,69.865871],[-70.446034,69.863511],[-70.472768,69.845404],[-70.37092,69.844306],[-70.336252,69.852851],[-70.053334,69.964097],[-69.933176,69.968655],[-69.876332,69.951565],[-69.758494,69.972886],[-69.740346,70.003079],[-69.801503,70.043891],[-69.801829,70.068264],[-69.770212,70.101142],[-69.683176,70.139594],[-69.208852,70.192939],[-69.157541,70.188666],[-69.079335,70.168647],[-69.037424,70.16767],[-69.013539,70.188666],[-69.111684,70.201361],[-69.130198,70.215888],[-69.100168,70.22012],[-68.95698,70.199286],[-68.706532,70.209418],[-68.678334,70.202297],[-68.643625,70.14704],[-68.760325,70.106024],[-68.732371,70.078803],[-68.790598,70.041164],[-68.864939,70.019436],[-69.122263,69.975043],[-69.248891,69.91177],[-69.285471,69.902533],[-69.408193,69.82925],[-69.480295,69.818671],[-69.710561,69.844631],[-69.788157,69.832343],[-69.860178,69.794176],[-69.890574,69.736151],[-69.99116,69.677436],[-70.007883,69.626288],[-69.982045,69.617825],[-69.935536,69.674058],[-69.903879,69.680976],[-69.830027,69.720649],[-69.808665,69.742987],[-69.814076,69.772854],[-69.746897,69.804389],[-69.603017,69.811591],[-69.555369,69.804389],[-69.503855,69.7862],[-69.390614,69.783881],[-69.211659,69.887681],[-69.161122,69.896796],[-69.102895,69.920478],[-68.928171,69.955268],[-68.779408,69.951646],[-68.705881,69.934027],[-68.691396,69.948391],[-68.649159,69.942857],[-68.636179,69.948391],[-68.664133,69.955268],[-68.671498,69.98314],[-68.61205,69.992336],[-68.545644,70.025621],[-68.533762,70.037177],[-68.553456,70.037095],[-68.564931,70.053412],[-68.547434,70.057603],[-68.458608,70.051459],[-68.441029,70.073554],[-68.39037,70.065131],[-68.336903,70.068834],[-68.191111,70.126614],[-68.216054,70.134345],[-68.3249,70.142483],[-68.331532,70.147895],[-68.293528,70.167548],[-68.333241,70.166815],[-68.349599,70.172675],[-68.348744,70.188666],[-68.339426,70.194322],[-68.293528,70.188666],[-68.323069,70.223375],[-68.176218,70.283026],[-68.149485,70.300116],[-68.156972,70.318345],[-68.054636,70.325141],[-68.00536,70.294135],[-67.864369,70.278388],[-67.808542,70.263739],[-67.546091,70.14761],[-67.430776,70.071357],[-67.411204,70.071723],[-67.403513,70.065131],[-67.417104,70.065131],[-67.365305,70.033759],[-67.358632,70.010688],[-67.225331,69.948391],[-67.216746,69.87995],[-67.162465,69.825507],[-67.151967,69.805487],[-67.170115,69.790758],[-67.115468,69.728664],[-67.346913,69.71662],[-67.554758,69.74022],[-67.747182,69.78262],[-68.013051,69.776068],[-68.075063,69.763414],[-68.123484,69.736151],[-68.225453,69.710028],[-68.253611,69.667467],[-68.349192,69.633124],[-68.548044,69.633124],[-68.665598,69.647773],[-68.726145,69.646715],[-68.805898,69.623481],[-68.965769,69.599555],[-69.015859,69.580634],[-69.145457,69.565904],[-69.217519,69.541002],[-69.260813,69.534898],[-69.706248,69.571682],[-69.790028,69.566596],[-69.94579,69.536851],[-70.006663,69.543036],[-70.017201,69.526068],[-69.885691,69.507148],[-69.763987,69.544338],[-69.658152,69.551174],[-69.290517,69.508734],[-69.14387,69.523261],[-69.098866,69.536851],[-69.011952,69.536607],[-68.953847,69.567206],[-68.765574,69.592434],[-68.587473,69.59101],[-68.455149,69.566962],[-68.397694,69.547187],[-68.005116,69.461982],[-67.917429,69.454332],[-67.791493,69.480536],[-67.592275,69.48017],[-67.545888,69.470771],[-67.22761,69.464342],[-66.788035,69.340033],[-66.671132,69.26439],[-66.654042,69.199774],[-66.742258,69.136868],[-66.781931,69.133124],[-66.977528,69.176947],[-67.159413,69.184516],[-67.204213,69.174465],[-67.184397,69.153957],[-67.212473,69.147935],[-67.355662,69.192816],[-67.509511,69.160834],[-67.678049,69.177191],[-68.197947,69.310981],[-68.236033,69.312445],[-68.345937,69.298285],[-69.013539,69.359361],[-69.207997,69.301663],[-69.260569,69.276801],[-69.235056,69.264879],[-69.137074,69.304145],[-68.999216,69.334703],[-68.952463,69.338935],[-68.769968,69.321519],[-68.701894,69.304633],[-68.41686,69.275702],[-68.21821,69.284491],[-68.170644,69.276801],[-68.082509,69.219672],[-68.157297,69.201117],[-68.223459,69.212877],[-68.626332,69.236518],[-68.693349,69.223212],[-68.784657,69.215725],[-68.96406,69.223456],[-68.883738,69.203192],[-68.744211,69.203355],[-68.676381,69.213121],[-68.531931,69.210598],[-68.507029,69.201117],[-68.650461,69.166938],[-68.705027,69.139635],[-68.80309,69.139635],[-68.921946,69.120022],[-69.035512,69.122016],[-69.069895,69.113715],[-69.096059,69.091864],[-69.051096,69.091864],[-69.02717,69.105536],[-68.924753,69.105536],[-68.967722,69.011786],[-69.018259,68.968411],[-68.979807,68.974311],[-68.932607,68.996161],[-68.931589,69.023627],[-68.864084,69.09162],[-68.767079,69.111396],[-68.677113,69.114447],[-68.63268,69.139797],[-68.462961,69.174058],[-68.373362,69.179592],[-68.148183,69.145331],[-67.735463,69.040107],[-67.704457,69.023627],[-67.741444,69.012437],[-67.951527,69.005683],[-67.978831,68.995673],[-67.965199,68.982001],[-68.000803,68.971991],[-68.04304,68.972235],[-68.240061,69.005601],[-68.39448,69.007025],[-68.467112,68.99551],[-68.4853,68.982001],[-68.533762,68.988837],[-68.551218,68.984076],[-68.546864,68.964423],[-68.517893,68.97248],[-68.30309,68.985256],[-68.268748,68.964545],[-68.205515,68.959174],[-68.163075,68.947699],[-68.040273,68.947903],[-68.049631,68.919135],[-68.088694,68.906928],[-68.001414,68.886908],[-67.972646,68.865912],[-67.999013,68.855902],[-68.129628,68.869045],[-68.184316,68.882717],[-68.492787,68.899482],[-68.455759,68.885077],[-68.275095,68.875434],[-68.133168,68.837226],[-67.927602,68.811265],[-67.870676,68.811225],[-67.855946,68.8039],[-67.868967,68.797065],[-67.845774,68.789984],[-67.795969,68.790513],[-67.773386,68.784003],[-67.819325,68.772528],[-67.877756,68.771186],[-68.223012,68.825181],[-68.274729,68.822984],[-68.400583,68.845445],[-68.47407,68.84276],[-68.582509,68.849921],[-68.609446,68.845445],[-68.609446,68.838609],[-68.509592,68.816067],[-68.492787,68.797065],[-68.60261,68.8039],[-68.600331,68.788153],[-68.619578,68.7862],[-68.743031,68.813666],[-68.79072,68.802436],[-68.837107,68.81623],[-68.88679,68.811265],[-68.965769,68.817532],[-69.06135,68.852281],[-69.161204,68.853827],[-69.302073,68.882758],[-69.363474,68.88109],[-69.397776,68.858466],[-69.268544,68.860338],[-69.203481,68.852932],[-69.150706,68.831204],[-69.350575,68.834947],[-69.383494,68.817532],[-68.988759,68.803412],[-68.945994,68.787177],[-68.959543,68.762885],[-68.999867,68.756049],[-68.999867,68.748603],[-68.973459,68.742499],[-68.875925,68.768378],[-68.753407,68.760403],[-68.664133,68.742418],[-68.54719,68.753079],[-68.496531,68.733629],[-68.403391,68.735582],[-68.211497,68.715969],[-68.1433,68.701402],[-68.121938,68.688707],[-68.047719,68.687201],[-68.047719,68.680976],[-68.09553,68.666693],[-68.09553,68.67414],[-68.170644,68.67414],[-68.094838,68.659857],[-68.075063,68.646186],[-68.105662,68.630194],[-68.225575,68.660468],[-68.360544,68.62995],[-68.643992,68.665351],[-68.726511,68.652574],[-68.767445,68.652533],[-68.801218,68.632554],[-68.801218,68.619534],[-68.904286,68.605211],[-68.828562,68.591539],[-68.797434,68.592841],[-68.717641,68.61522],[-68.684885,68.632554],[-68.629954,68.638739],[-68.48705,68.622504],[-68.481191,68.600165],[-68.547841,68.586737],[-68.71581,68.582994],[-68.760325,68.571112],[-68.458608,68.564276],[-68.421376,68.594672],[-68.378529,68.600979],[-68.216298,68.588284],[-68.190378,68.571112],[-68.1433,68.578559],[-68.119496,68.541002],[-68.023549,68.543769],[-68.002675,68.528998],[-67.93342,68.560045],[-67.917429,68.550686],[-67.931223,68.528225],[-67.907582,68.456122],[-67.958363,68.399807],[-67.896311,68.433905],[-67.858957,68.550238],[-67.814646,68.537014],[-67.664133,68.564683],[-67.621531,68.558417],[-67.594187,68.542914],[-67.550608,68.550686],[-67.519154,68.549058],[-67.492258,68.530097],[-67.537587,68.511379],[-67.596059,68.50552],[-67.629994,68.493109],[-67.602122,68.454413],[-67.622548,68.399807],[-67.606272,68.384101],[-67.550771,68.427883],[-67.550649,68.456488],[-67.574778,68.488593],[-67.548573,68.492255],[-67.458689,68.488593],[-67.419016,68.49726],[-67.376169,68.474921],[-67.374705,68.492377],[-67.328684,68.501451],[-67.307851,68.495429],[-67.273142,68.454413],[-67.241689,68.490871],[-67.190541,68.42772],[-67.31432,68.429389],[-67.34142,68.413479],[-67.124705,68.413316],[-67.09435,68.454413],[-67.129099,68.482367],[-67.063954,68.474921],[-66.988759,68.443508],[-66.968699,68.442043],[-66.863352,68.466498],[-66.795033,68.465725],[-66.663564,68.440823],[-66.663564,68.433905],[-66.728342,68.428168],[-66.788035,68.431545],[-66.803822,68.423529],[-66.80016,68.405992],[-66.893666,68.422431],[-66.924306,68.413479],[-66.919749,68.393622],[-66.939524,68.379299],[-67.02245,68.361558],[-67.115468,68.372504],[-67.184397,68.393012],[-67.334706,68.401842],[-67.372629,68.392279],[-67.403147,68.396959],[-67.417104,68.393012],[-67.410268,68.385565],[-67.443064,68.376654],[-67.793894,68.337714],[-67.868967,68.304185],[-67.868845,68.267727],[-67.851389,68.261623],[-67.827992,68.269477],[-67.818105,68.29678],[-67.749338,68.317694],[-67.647288,68.318752],[-67.526967,68.34455],[-67.574778,68.317857],[-67.574778,68.276923],[-67.594838,68.264146],[-67.697703,68.249579],[-67.697703,68.242133],[-67.578847,68.252102],[-67.542551,68.269965],[-67.536366,68.308173],[-67.403513,68.355129],[-67.356516,68.357367],[-67.33141,68.349595],[-67.335194,68.324042],[-67.315053,68.325263],[-67.258127,68.357082],[-67.219797,68.360663],[-67.032541,68.326646],[-67.012441,68.317857],[-67.065378,68.306627],[-67.238962,68.29678],[-67.226064,68.284247],[-67.279164,68.274115],[-67.317006,68.255357],[-67.338002,68.226386],[-67.327748,68.186916],[-67.385081,68.154202],[-67.451527,68.152777],[-67.564524,68.175198],[-67.602122,68.16706],[-67.562571,68.153998],[-67.379709,68.128811],[-67.315297,68.156073],[-67.27477,68.195258],[-67.29365,68.242133],[-67.1197,68.289781],[-67.065297,68.296129],[-67.003733,68.293647],[-66.976145,68.278754],[-66.896799,68.259101],[-66.788157,68.249416],[-66.765981,68.242133],[-66.779042,68.21426],[-66.820668,68.194322],[-66.844797,68.161526],[-66.827463,68.13227],[-66.957509,68.075019],[-66.971425,68.036689],[-66.944163,68.016181],[-66.906606,68.064683],[-66.820749,68.102973],[-66.765085,68.114936],[-66.738718,68.139716],[-66.714304,68.147528],[-66.693186,68.145453],[-66.669789,68.111802],[-66.684071,68.101549],[-66.677235,68.05036],[-66.738718,67.988959],[-66.700876,67.993598],[-66.667917,68.008002],[-66.644521,68.032375],[-66.629506,68.107611],[-66.611399,68.133979],[-66.58141,68.148383],[-66.54011,68.152777],[-66.313547,68.129136],[-66.334096,68.095933],[-66.382069,68.087063],[-66.478017,68.08511],[-66.478017,68.077623],[-66.389231,68.070868],[-66.299875,68.091295],[-66.248362,68.08511],[-66.227732,68.04092],[-66.183176,68.016181],[-66.214101,68.005072],[-66.292348,67.994289],[-66.32783,67.975287],[-66.409739,67.899563],[-66.398061,67.889472],[-66.413645,67.869127],[-66.501088,67.863105],[-66.637034,67.886054],[-66.695994,67.889797],[-66.745554,67.879096],[-66.625925,67.855862],[-66.571889,67.852037],[-66.512685,67.829739],[-66.423085,67.835842],[-66.396718,67.816962],[-66.403635,67.79678],[-66.388661,67.78148],[-66.367258,67.782294],[-66.354482,67.810126],[-66.369008,67.841946],[-66.337636,67.881049],[-66.341501,67.906317],[-66.279408,67.961005],[-66.224802,67.964667],[-66.191599,67.980048],[-66.132151,67.985907],[-66.018178,68.027167],[-65.968129,68.033149],[-65.955759,68.042385],[-65.944203,68.111802],[-65.96345,68.145941],[-65.948842,68.164944],[-65.928171,68.164781],[-65.867136,68.110582],[-65.902659,68.08511],[-65.882192,68.084296],[-65.86852,68.091295],[-65.854807,68.081],[-65.921986,68.020901],[-66.032338,67.961005],[-65.944203,67.899563],[-65.945872,67.873725],[-66.005076,67.816962],[-65.99885,67.776028],[-66.032338,67.728217],[-66.013295,67.671698],[-66.026194,67.653144],[-66.01179,67.636623],[-65.9947,67.636786],[-65.986521,67.648627],[-65.99885,67.666734],[-65.950266,67.727484],[-65.940256,67.778876],[-65.95934,67.817328],[-65.891957,67.847357],[-65.800242,67.868801],[-65.770579,67.897691],[-65.779124,67.934272],[-65.827585,67.968411],[-65.809641,67.974921],[-65.758616,67.968411],[-65.654734,67.998114],[-65.519032,67.995103],[-65.470652,68.00259],[-65.451894,67.998603],[-65.465281,67.92772],[-65.52949,67.838935],[-65.613637,67.799547],[-65.614451,67.789455],[-65.580271,67.755683],[-65.51594,67.732245],[-65.465403,67.723049],[-65.442494,67.709784],[-65.361155,67.597886],[-65.331654,67.600898],[-65.324941,67.609442],[-65.38036,67.718695],[-65.51769,67.766262],[-65.549509,67.793036],[-65.497996,67.816962],[-65.419423,67.913764],[-65.375071,67.934272],[-65.293162,67.940497],[-65.181508,67.967231],[-65.150095,67.989488],[-65.183298,68.016181],[-65.168202,68.031155],[-65.106923,68.023017],[-65.080271,68.042914],[-65.025014,68.057196],[-64.964792,68.052436],[-64.850209,68.017768],[-64.749705,68.000718],[-64.719553,67.985175],[-64.75886,67.965399],[-64.888783,67.940375],[-65.014272,67.948554],[-65.066599,67.934272],[-65.036733,67.925442],[-64.972361,67.924791],[-64.943064,67.913764],[-65.045644,67.851752],[-65.083689,67.844916],[-65.108754,67.866645],[-65.106923,67.844916],[-65.149119,67.796454],[-65.075999,67.825588],[-65.03954,67.831244],[-65.011952,67.793036],[-65.045481,67.776679],[-65.039255,67.762356],[-65.164052,67.735541],[-65.200754,67.696967],[-65.194814,67.643744],[-65.178171,67.639472],[-65.165598,67.644232],[-65.138865,67.707343],[-65.114369,67.721991],[-65.037587,67.730943],[-65.018788,67.741889],[-65.018788,67.762356],[-64.9499,67.776028],[-64.913197,67.794257],[-64.875681,67.794501],[-64.816111,67.782864],[-64.806508,67.748684],[-64.823679,67.713528],[-64.834828,67.70246],[-64.860544,67.700263],[-64.860544,67.694037],[-64.826365,67.694159],[-64.795644,67.698065],[-64.773427,67.711005],[-64.758738,67.824408],[-64.740793,67.829983],[-64.689809,67.816962],[-64.65571,67.831244],[-64.623972,67.833319],[-64.503489,67.806545],[-64.457712,67.789252],[-64.457102,67.762356],[-64.378651,67.772366],[-64.367624,67.758938],[-64.394602,67.716132],[-64.544789,67.702867],[-64.641428,67.666734],[-64.447214,67.69538],[-64.374501,67.700263],[-64.312449,67.735053],[-64.23408,67.69595],[-64.207346,67.654242],[-64.222117,67.636176],[-64.251291,67.626532],[-64.285146,67.62519],[-64.227773,67.614244],[-64.107655,67.621243],[-64.076283,67.617825],[-64.102976,67.550849],[-64.041982,67.536526],[-64.066029,67.522773],[-64.100168,67.522773],[-64.117543,67.502265],[-64.24824,67.469062],[-64.44343,67.481147],[-64.387563,67.463121],[-64.326772,67.453599],[-64.203196,67.453843],[-64.097605,67.466946],[-64.044871,67.466864],[-63.997141,67.453843],[-63.947581,67.401557],[-63.941599,67.361029],[-63.954294,67.343207],[-64.004587,67.331],[-63.920888,67.318305],[-63.908396,67.30683],[-63.923411,67.295844],[-64.018259,67.310492],[-64.762278,67.362738],[-64.799672,67.351467],[-64.360219,67.303046],[-64.257273,67.305487],[-64.23054,67.29621],[-64.347239,67.255276],[-64.392039,67.25019],[-64.525339,67.262112],[-64.788564,67.221625],[-64.819529,67.206855],[-64.772694,67.19831],[-64.5749,67.236396],[-64.297963,67.23786],[-64.011708,67.282457],[-63.962961,67.275702],[-64.021433,67.212958],[-64.052683,67.206855],[-64.091379,67.209052],[-64.146555,67.222073],[-64.203196,67.206855],[-64.60912,67.140286],[-64.664499,67.117092],[-64.696645,67.08393],[-64.700388,67.008857],[-64.658437,67.006049],[-64.64509,67.011908],[-64.596791,67.094062],[-64.536,67.129828],[-64.496531,67.138617],[-64.347239,67.145413],[-64.141713,67.186957],[-63.961863,67.187974],[-63.918568,67.203762],[-63.888499,67.241604],[-63.846913,67.234768],[-63.785146,67.241604],[-63.757883,67.217719],[-63.743479,67.217108],[-63.68928,67.234768],[-63.567494,67.244086],[-63.504872,67.240668],[-63.449086,67.227973],[-63.463124,67.168118],[-63.539052,67.111151],[-63.668528,67.062323],[-63.737498,67.047553],[-63.800404,66.992987],[-63.771189,66.960395],[-63.767405,67.003363],[-63.737009,67.029283],[-63.674509,67.052639],[-63.55073,67.071194],[-63.439443,67.121283],[-63.398183,67.156236],[-63.421457,67.196763],[-63.412099,67.217719],[-63.296498,67.30565],[-63.266225,67.312567],[-63.203481,67.298774],[-63.221303,67.279975],[-63.291371,67.255276],[-63.291371,67.247748],[-63.258494,67.248358],[-63.187205,67.273342],[-63.167917,67.29621],[-63.209462,67.316718],[-63.163645,67.337551],[-63.027577,67.303046],[-63.002024,67.287991],[-62.976918,67.221869],[-63.058665,67.165839],[-63.250437,67.13231],[-63.280832,67.110826],[-63.28425,67.098822],[-63.223459,67.016913],[-63.236765,66.974066],[-63.285024,66.947455],[-63.346913,66.935696],[-63.469553,66.926947],[-63.550649,66.906806],[-63.565134,66.892157],[-63.555491,66.856431],[-63.614573,66.82982],[-63.709706,66.823228],[-63.805979,66.831529],[-63.819651,66.817084],[-63.572255,66.809556],[-63.528025,66.818183],[-63.477244,66.846015],[-63.495554,66.870998],[-63.486806,66.905341],[-63.466013,66.912543],[-63.442454,66.910834],[-63.423818,66.880439],[-63.414662,66.803656],[-63.455881,66.707221],[-63.428456,66.707831],[-63.384226,66.738511],[-63.33613,66.806138],[-63.32844,66.837958],[-63.34907,66.890692],[-63.203318,66.909084],[-63.12975,66.937974],[-62.999094,66.948798],[-62.976064,66.967841],[-62.905019,66.973049],[-62.865305,66.969143],[-62.838938,66.960395],[-62.822743,66.801459],[-62.86677,66.738837],[-62.860056,66.707221],[-62.911814,66.654771],[-62.901601,66.638251],[-62.822825,66.683295],[-62.832712,66.720852],[-62.78718,66.767768],[-62.750193,66.788031],[-62.743357,66.813381],[-62.77595,66.850775],[-62.750803,66.878485],[-62.771311,66.912584],[-62.74706,66.943061],[-62.730173,66.950263],[-62.606801,66.953559],[-62.555247,66.938463],[-62.513987,66.909166],[-62.496938,66.844957],[-62.411733,66.817857],[-62.400706,66.786038],[-62.31135,66.727688],[-62.291982,66.75849],[-62.298899,66.776597],[-62.339223,66.796576],[-62.380238,66.837551],[-62.426707,66.849758],[-62.441721,66.899604],[-62.421213,66.912584],[-62.425038,66.928209],[-62.284006,66.946112],[-62.275706,66.980862],[-62.298289,67.022528],[-62.271189,67.047187],[-62.212026,67.043687],[-62.140696,67.06151],[-62.090037,67.05976],[-62.004099,67.036811],[-62.047597,66.998358],[-62.06489,66.946112],[-62.105906,66.91942],[-62.058176,66.908515],[-62.017161,66.912584],[-61.956003,66.963039],[-61.906321,66.976142],[-61.838979,66.974066],[-61.866282,66.946112],[-61.845815,66.937242],[-61.776926,66.953559],[-61.753611,66.951239],[-61.736073,66.93301],[-61.746531,66.916083],[-61.797109,66.893744],[-61.931345,66.905341],[-61.989491,66.895901],[-62.00829,66.880072],[-61.999623,66.872056],[-61.978342,66.872626],[-61.935618,66.891588],[-61.803171,66.889065],[-61.75593,66.881659],[-61.700632,66.893866],[-61.60558,66.871649],[-61.627431,66.846015],[-61.65864,66.834133],[-61.729726,66.830715],[-61.662831,66.811184],[-61.50593,66.804999],[-61.447947,66.768622],[-61.469065,66.761786],[-61.450185,66.752509],[-61.407419,66.747504],[-61.301137,66.67772],[-61.267527,66.631578],[-61.290273,66.618394],[-61.270457,66.604804],[-61.280955,66.599555],[-61.359202,66.57685],[-61.398305,66.581122],[-61.413808,66.57685],[-61.438222,66.546536],[-61.576283,66.550482],[-61.598826,66.556342],[-61.645823,66.607978],[-61.734446,66.646715],[-61.776601,66.654731],[-61.866282,66.658759],[-61.999257,66.698879],[-62.031361,66.686713],[-62.017039,66.672268],[-62.049753,66.649482],[-62.188425,66.632066],[-62.188425,66.62523],[-62.123525,66.610297],[-62.089101,66.609036],[-62.004994,66.648261],[-61.973134,66.649359],[-61.821523,66.628648],[-61.667714,66.525784],[-61.591054,66.497952],[-61.582021,66.477851],[-61.647206,66.46015],[-61.72289,66.46015],[-61.777537,66.432807],[-61.838612,66.446479],[-61.87682,66.446479],[-61.900461,66.432807],[-61.989817,66.419176],[-61.989817,66.41234],[-61.959299,66.404486],[-61.866282,66.419176],[-61.564646,66.419176],[-61.523671,66.391832],[-61.462229,66.371405],[-61.564646,66.344062],[-61.619862,66.350287],[-61.660837,66.33039],[-61.690134,66.329576],[-61.753896,66.341742],[-61.784373,66.337226],[-61.850046,66.294989],[-61.93456,66.289455],[-62.082265,66.33039],[-62.126414,66.316799],[-62.195261,66.316799],[-62.211659,66.323717],[-62.236887,66.371405],[-62.219553,66.397162],[-62.25178,66.407375],[-62.322214,66.408922],[-62.415842,66.42593],[-62.490102,66.426011],[-62.626658,66.440253],[-62.606313,66.408393],[-62.626943,66.405504],[-62.694285,66.418036],[-62.716013,66.41234],[-62.691965,66.401028],[-62.614735,66.387397],[-62.566151,66.406968],[-62.498972,66.408108],[-62.475819,66.399319],[-62.47057,66.370022],[-62.318796,66.303127],[-62.400706,66.275214],[-62.479929,66.266425],[-62.573801,66.236762],[-62.664255,66.219631],[-62.691233,66.236396],[-62.764394,66.254706],[-62.757029,66.268378],[-62.784291,66.289455],[-62.779368,66.304511],[-62.81371,66.328192],[-62.894154,66.337226],[-62.812205,66.275214],[-62.801991,66.24494],[-62.699045,66.198147],[-62.662099,66.199286],[-62.538523,66.227362],[-62.45165,66.19538],[-62.359731,66.185777],[-62.356801,66.168687],[-62.326487,66.160712],[-62.137441,66.154527],[-62.105906,66.144843],[-62.170359,66.120795],[-62.154286,66.103909],[-62.128285,66.098578],[-62.037587,66.103909],[-62.078562,66.083441],[-62.04247,66.084459],[-62.010325,66.075914],[-62.091786,66.066107],[-62.113352,66.056098],[-62.083608,66.048285],[-61.992747,66.050198],[-61.954213,66.019761],[-61.965647,66.015082],[-62.023997,66.021918],[-62.055369,66.018378],[-62.11144,66.000434],[-62.170481,66.012152],[-62.1999,66.010565],[-62.318796,65.980943],[-62.410878,66.023017],[-62.441111,66.012641],[-62.528513,66.03559],[-62.623525,66.029446],[-62.708567,66.050116],[-62.764394,66.03559],[-62.785227,66.037665],[-62.842641,66.066636],[-62.879872,66.131171],[-62.923655,66.15119],[-62.972157,66.150865],[-63.0655,66.124335],[-63.047556,66.117336],[-62.952138,66.127916],[-62.928293,66.124335],[-62.897898,66.097642],[-62.874094,66.051011],[-62.822825,66.021918],[-62.531687,66.007636],[-62.477162,65.972724],[-62.428904,65.978705],[-62.387074,65.932563],[-62.456003,65.925727],[-62.4204,65.906887],[-62.359731,65.912095],[-62.369578,65.868109],[-62.291493,65.822699],[-62.302113,65.811713],[-62.352895,65.815863],[-62.399851,65.804389],[-62.510325,65.79328],[-62.538523,65.802232],[-62.524851,65.815863],[-62.53779,65.818549],[-62.582468,65.807807],[-62.644602,65.810777],[-62.710398,65.827541],[-62.742624,65.853827],[-62.79247,65.867011],[-62.805409,65.891588],[-62.82551,65.900824],[-62.870798,65.908149],[-62.873647,65.884752],[-62.812205,65.864325],[-62.825917,65.843207],[-62.74177,65.813625],[-62.698964,65.815863],[-62.674875,65.808498],[-62.571767,65.7626],[-62.589101,65.724026],[-62.602244,65.723334],[-62.689443,65.744534],[-62.846384,65.768704],[-62.819773,65.732001],[-62.782297,65.719428],[-62.6881,65.713446],[-62.640736,65.683783],[-62.598012,65.674872],[-62.618235,65.621243],[-62.657175,65.588772],[-62.675038,65.604193],[-62.653269,65.630764],[-62.67516,65.639065],[-62.710561,65.634101],[-62.729075,65.620998],[-62.730662,65.593085],[-62.766957,65.591254],[-62.819651,65.610419],[-62.826405,65.629136],[-62.850535,65.633287],[-62.860056,65.645209],[-62.876088,65.723944],[-62.900583,65.747748],[-62.932118,65.760565],[-62.963083,65.755072],[-62.914662,65.724026],[-62.896555,65.640815],[-62.959665,65.589993],[-62.992258,65.588446],[-63.001332,65.594062],[-63.013743,65.63524],[-63.160105,65.649237],[-63.161692,65.631537],[-63.196156,65.633734],[-63.250437,65.69302],[-63.329539,65.7414],[-63.35204,65.782294],[-63.432322,65.846869],[-63.47643,65.93358],[-63.510081,65.93651],[-63.531606,65.877916],[-63.483266,65.849189],[-63.411936,65.762681],[-63.367136,65.733954],[-63.387644,65.713446],[-63.346669,65.672512],[-63.463328,65.686184],[-63.579416,65.679348],[-63.601918,65.665595],[-63.623362,65.67357],[-63.721425,65.679267],[-63.689565,65.655097],[-63.664255,65.648912],[-63.586252,65.65884],[-63.497507,65.631537],[-63.384226,65.638373],[-63.366567,65.63349],[-63.318715,65.596747],[-63.339833,65.589993],[-63.332387,65.57689],[-63.366648,65.538316],[-63.480092,65.52851],[-63.56786,65.591498],[-63.607371,65.596747],[-63.586863,65.583157],[-63.572581,65.548977],[-63.620351,65.548977],[-63.601796,65.532457],[-63.542185,65.521715],[-63.524159,65.501166],[-63.530466,65.485582],[-63.43928,65.485582],[-63.291371,65.439765],[-63.291371,65.432318],[-63.352162,65.439602],[-63.424143,65.433743],[-63.571604,65.474066],[-63.62739,65.480292],[-63.6551,65.467027],[-63.463328,65.405585],[-63.387644,65.398139],[-63.524159,65.391913],[-63.524159,65.385077],[-63.463328,65.385077],[-63.463328,65.377631],[-63.497507,65.370836],[-63.373362,65.32982],[-63.387644,65.308783],[-63.339833,65.302558],[-63.366648,65.296047],[-63.418162,65.300442],[-63.44225,65.295722],[-63.456614,65.284898],[-63.446726,65.278998],[-63.408681,65.267768],[-63.363718,65.275214],[-63.340647,65.257473],[-63.43342,65.250149],[-63.455881,65.241156],[-63.434071,65.232815],[-63.346913,65.226874],[-63.323801,65.221503],[-63.313303,65.209784],[-63.317738,65.198065],[-63.339548,65.192694],[-63.373362,65.206366],[-63.408681,65.200141],[-63.494578,65.201483],[-63.517934,65.192694],[-63.436025,65.172187],[-63.483225,65.165351],[-63.339833,65.144924],[-63.355214,65.126939],[-63.436025,65.103949],[-63.413808,65.086127],[-63.367136,65.069159],[-63.388661,65.061957],[-63.463328,65.062323],[-63.463328,65.055487],[-63.387644,65.049302],[-63.387644,65.041897],[-63.405222,65.032782],[-63.469553,65.035061],[-63.455881,65.007717],[-63.531606,64.972968],[-63.504343,64.959947],[-63.538442,64.932603],[-63.524119,64.903022],[-63.535024,64.898505],[-63.590769,64.903144],[-63.6551,64.918362],[-63.634592,64.931138],[-63.661936,64.945624],[-63.605173,64.965481],[-63.612742,65.002875],[-63.62975,65.004299],[-63.657338,64.989407],[-63.756296,64.965888],[-63.773508,64.979438],[-63.825795,64.98664],[-63.812205,65.007717],[-63.825795,65.007717],[-63.825795,65.014594],[-63.764963,65.014594],[-63.771189,65.02143],[-63.743479,65.030666],[-63.6551,65.041897],[-63.719838,65.05565],[-63.755198,65.052802],[-63.807362,65.029486],[-63.844106,65.03144],[-63.870961,65.044501],[-63.880442,65.104071],[-63.802073,65.164455],[-63.791575,65.179348],[-63.809071,65.185858],[-63.853871,65.18358],[-63.873118,65.174791],[-63.884755,65.143134],[-63.90156,65.144924],[-63.968861,65.101386],[-64.017649,65.103949],[-64.058542,65.121324],[-64.073232,65.120185],[-64.081899,65.077338],[-64.109731,65.052314],[-64.13801,65.049302],[-64.153188,65.055365],[-64.210642,65.096503],[-64.19636,65.110093],[-64.25947,65.097642],[-64.278269,65.103949],[-64.178456,65.176703],[-64.07905,65.200141],[-64.07905,65.206366],[-64.114695,65.208319],[-64.227406,65.200141],[-64.250437,65.18183],[-64.293528,65.171454],[-64.328236,65.15119],[-64.34614,65.175686],[-64.374338,65.179267],[-64.394521,65.246894],[-64.338206,65.295478],[-64.350575,65.302558],[-64.399973,65.278998],[-64.40864,65.288275],[-64.251658,65.391913],[-64.264638,65.405585],[-64.237375,65.432318],[-64.282297,65.43065],[-64.298044,65.423],[-64.292592,65.405585],[-64.347239,65.385077],[-64.357004,65.352729],[-64.374501,65.343492],[-64.421864,65.336493],[-64.446116,65.319525],[-64.477528,65.28205],[-64.455759,65.241523],[-64.462229,65.206204],[-64.557118,65.093207],[-64.573313,65.12637],[-64.591257,65.130561],[-64.641428,65.123765],[-64.641428,65.131293],[-64.613474,65.137437],[-64.639882,65.157904],[-64.616933,65.19245],[-64.641428,65.192694],[-64.657419,65.174872],[-64.730824,65.159166],[-64.702463,65.200019],[-64.682362,65.206366],[-64.715688,65.2272],[-64.691274,65.242255],[-64.648874,65.247301],[-64.648874,65.254136],[-64.689158,65.251899],[-64.714711,65.274319],[-64.736643,65.276272],[-64.797353,65.239651],[-64.831858,65.243313],[-64.902089,65.28205],[-64.854319,65.28205],[-64.862864,65.293118],[-64.908925,65.302558],[-64.908925,65.308783],[-64.819529,65.32982],[-64.758738,65.31623],[-64.682362,65.343492],[-64.792226,65.35102],[-64.891794,65.336615],[-64.91511,65.343492],[-64.750803,65.392768],[-64.675893,65.40058],[-64.607737,65.430569],[-64.508616,65.432318],[-64.458485,65.421088],[-64.431833,65.43769],[-64.40864,65.480699],[-64.437978,65.486151],[-64.465159,65.44953],[-64.507029,65.440904],[-64.525339,65.446519],[-64.497996,65.453355],[-64.497996,65.459621],[-64.617136,65.453599],[-64.642079,65.470649],[-64.708689,65.43537],[-64.812978,65.418647],[-64.870595,65.428168],[-64.955068,65.407538],[-64.990305,65.394599],[-64.983998,65.377631],[-65.010203,65.369371],[-65.072458,65.388251],[-65.131825,65.424994],[-65.149119,65.448961],[-65.145579,65.474189],[-65.169626,65.487494],[-65.114735,65.50434],[-65.025014,65.511135],[-64.929392,65.52851],[-64.936838,65.54149],[-64.908925,65.555162],[-64.890818,65.554999],[-64.853464,65.587348],[-64.792226,65.583157],[-64.833201,65.607327],[-64.830068,65.638373],[-64.734731,65.645331],[-64.710317,65.651353],[-64.710317,65.65884],[-64.830068,65.665025],[-64.852651,65.660834],[-64.96699,65.558905],[-64.991282,65.548],[-65.180735,65.545966],[-65.222117,65.566067],[-65.19286,65.583441],[-65.183298,65.600491],[-65.195912,65.602851],[-65.312815,65.555813],[-65.340891,65.583157],[-65.30073,65.600409],[-65.301259,65.629625],[-65.26769,65.638373],[-65.224355,65.639309],[-65.177724,65.630113],[-65.117747,65.638373],[-65.090443,65.679348],[-65.050526,65.684272],[-64.977406,65.707099],[-64.936838,65.713446],[-64.822581,65.715277],[-64.792226,65.727729],[-64.824818,65.736558],[-65.001454,65.725043],[-65.066599,65.713446],[-65.158762,65.661933],[-65.184031,65.656724],[-65.453847,65.679348],[-65.37678,65.774359],[-65.384999,65.787746],[-65.415273,65.779202],[-65.466298,65.744818],[-65.490712,65.739691],[-65.50536,65.755072],[-65.450754,65.843207],[-65.335805,65.921332],[-65.211619,65.943305],[-65.134836,65.966702],[-64.938059,66.00727],[-64.909657,66.005316],[-64.812693,65.974189],[-64.756825,65.968451],[-64.73762,65.974189],[-64.763783,65.992377],[-64.812205,66.005194],[-64.854319,66.03559],[-64.82665,66.050238],[-64.778188,66.102932],[-64.740671,66.199693],[-64.717234,66.224555],[-64.638783,66.243842],[-64.560129,66.286038],[-64.42988,66.310248],[-64.353993,66.350287],[-64.369618,66.35399],[-64.412953,66.331122],[-64.439687,66.344062],[-64.466746,66.341132],[-64.615956,66.298977],[-64.710317,66.28262],[-64.765614,66.255683],[-64.833201,66.199449],[-64.859202,66.15119],[-64.850413,66.120022],[-64.871449,66.107489],[-64.922556,66.097642],[-64.963572,66.075914],[-65.020945,66.078192],[-65.05842,66.060736],[-65.236277,66.024482],[-65.256093,66.038275],[-65.289377,66.042426],[-65.306142,66.007636],[-65.393137,65.982245],[-65.751698,65.970893],[-65.824167,65.956366],[-65.899403,65.953681],[-65.92512,65.959621],[-65.939687,65.976752],[-65.960398,66.05268],[-65.918568,66.074205],[-65.923085,66.090237],[-65.840566,66.103909],[-65.672678,66.168402],[-65.63915,66.172756],[-65.619374,66.201565],[-65.549509,66.244778],[-65.529286,66.286038],[-65.470652,66.316799],[-65.487294,66.321479],[-65.521962,66.316962],[-65.538889,66.323635],[-65.469919,66.353013],[-65.477488,66.391832],[-65.505442,66.376532],[-65.521799,66.343573],[-65.551747,66.335273],[-65.577382,66.271796],[-65.681874,66.191352],[-65.779124,66.172756],[-65.859934,66.134589],[-65.934682,66.117499],[-66.011912,66.117499],[-66.147776,66.140692],[-66.155873,66.158515],[-66.204294,66.179633],[-66.214223,66.203192],[-66.257314,66.223578],[-66.212229,66.250434],[-66.190663,66.241034],[-66.149648,66.289455],[-66.280588,66.242255],[-66.313547,66.262152],[-66.310618,66.273098],[-66.362009,66.254706],[-66.42219,66.280707],[-66.443837,66.268378],[-66.387522,66.242011],[-66.372751,66.224066],[-66.389231,66.206936],[-66.425852,66.201321],[-66.476267,66.204779],[-66.520823,66.218695],[-66.546702,66.28262],[-66.536692,66.289455],[-66.478017,66.278876],[-66.492421,66.312323],[-66.515736,66.32038],[-66.471791,66.350287],[-66.540883,66.346503],[-66.571116,66.351996],[-66.574208,66.371405],[-66.555491,66.381537],[-66.444407,66.401801],[-66.443227,66.414252],[-66.473948,66.418769],[-66.565907,66.396877],[-66.615183,66.371405],[-66.692454,66.36994],[-66.765981,66.385077],[-66.730784,66.389635],[-66.708485,66.403469],[-66.677235,66.46015],[-66.704416,66.458401],[-66.718373,66.437934],[-66.739003,66.432807],[-66.785349,66.442043],[-66.820668,66.466986],[-66.794423,66.474066],[-66.805124,66.525784],[-66.827463,66.542711],[-66.836985,66.535061],[-66.861562,66.542711],[-66.745432,66.572659],[-66.725046,66.591132],[-66.76415,66.599311],[-66.848622,66.590277],[-66.888905,66.597968],[-66.968332,66.630805],[-67.060251,66.645738],[-67.060251,66.638251],[-66.88268,66.570014],[-66.961293,66.540839],[-67.004465,66.534817],[-67.034169,66.542711],[-67.04719,66.522203],[-67.104563,66.538764],[-67.163279,66.528469],[-67.163279,66.522203],[-67.091054,66.518378],[-67.080678,66.511949],[-67.09553,66.493883],[-67.129384,66.487209],[-67.190541,66.49494],[-67.194814,66.537584],[-67.31196,66.563137],[-67.335194,66.57685],[-67.329945,66.593451],[-67.351877,66.597805],[-67.410268,66.591132],[-67.448557,66.573676],[-67.527821,66.624457],[-67.555857,66.621731],[-67.526967,66.597968],[-67.520457,66.57567],[-67.53893,66.570299],[-67.631785,66.598293],[-67.649892,66.597968],[-67.63683,66.57685],[-67.723744,66.582424],[-67.746083,66.570014],[-67.702585,66.55976],[-67.378611,66.549221],[-67.286244,66.52619],[-67.252268,66.476793],[-67.142771,66.440253],[-67.160878,66.424506],[-67.145741,66.391791],[-67.155629,66.368476],[-67.177235,66.364569],[-67.199086,66.370998],[-67.252309,66.405504],[-67.361887,66.41234],[-67.361887,66.419176],[-67.335194,66.426011],[-67.351023,66.432929],[-67.410268,66.432807],[-67.360544,66.394273],[-67.282664,66.369615],[-67.187734,66.352118],[-67.129099,66.316799],[-67.145985,66.302802],[-67.232167,66.309312],[-67.303171,66.280748],[-67.383372,66.317532],[-67.398915,66.296454],[-67.451243,66.33039],[-67.43696,66.344062],[-67.492258,66.357123],[-67.497792,66.385932],[-67.513376,66.391832],[-67.528188,66.386217],[-67.574778,66.419176],[-67.581614,66.41234],[-67.643056,66.432807],[-67.629384,66.446479],[-67.700999,66.438463],[-67.800404,66.458564],[-67.821848,66.466986],[-67.859364,66.522203],[-67.88976,66.49494],[-67.937856,66.522203],[-67.992502,66.508531],[-67.984202,66.500312],[-67.951894,66.498969],[-67.937734,66.479234],[-67.876576,66.463813],[-67.852406,66.413398],[-67.763376,66.365546],[-67.750803,66.328192],[-67.704457,66.292629],[-67.722157,66.267401],[-67.752919,66.254706],[-67.732655,66.244859],[-67.687693,66.24079],[-67.677805,66.227362],[-67.644114,66.222561],[-67.561147,66.185777],[-67.47936,66.173407],[-67.486033,66.158515],[-67.435292,66.138373],[-67.313303,66.11933],[-67.29365,66.111314],[-67.256052,66.056098],[-67.218495,66.042426],[-67.163279,66.042426],[-67.163279,66.03559],[-67.234202,66.011664],[-67.314158,66.001451],[-67.25947,65.987779],[-67.225779,65.951361],[-67.170115,65.932563],[-67.187123,65.916164],[-67.207712,65.913398],[-67.269114,65.928616],[-67.343739,65.919135],[-67.410268,65.946845],[-67.450185,65.902737],[-67.472971,65.893541],[-67.51769,65.9112],[-67.615671,65.906195],[-67.658274,65.927558],[-67.704457,65.932563],[-67.74592,65.966498],[-67.746775,65.937405],[-67.704457,65.898383],[-67.750111,65.896796],[-67.810007,65.878404],[-67.9228,65.903225],[-67.944692,65.946845],[-67.988637,65.973375],[-67.985666,65.987779],[-68.033437,66.001451],[-68.013621,66.045844],[-68.026072,66.065579],[-68.019846,66.073188],[-67.972646,66.083441],[-68.078725,66.119534],[-68.216176,66.145941],[-68.238881,66.158515],[-68.258412,66.218573],[-68.273671,66.227362],[-68.331899,66.222561],[-68.342356,66.210191],[-68.328928,66.185777],[-68.399241,66.186835],[-68.444407,66.268378],[-68.513539,66.303127],[-68.526438,66.29678],[-68.518992,66.282131],[-68.472401,66.236721],[-68.496571,66.212877],[-68.523793,66.206936],[-68.826731,66.200995],[-68.84968,66.193305],[-68.726633,66.180569],[-68.712473,66.172756],[-68.650868,66.188218],[-68.583323,66.173529],[-68.544016,66.195014],[-68.4853,66.193305],[-68.440623,66.183743],[-68.389353,66.136135],[-68.33491,66.121243],[-68.261098,66.080634],[-68.219065,66.075914],[-68.259999,66.111314],[-68.239939,66.116604],[-68.219065,66.111314],[-68.222035,66.12816],[-68.199941,66.128079],[-68.150136,66.117499],[-68.081492,66.077582],[-68.045155,66.083075],[-68.027292,66.075914],[-68.068227,66.049262],[-68.052968,66.007799],[-68.082509,65.980943],[-68.101511,65.991848],[-68.09553,66.007636],[-68.123972,66.027086],[-68.158559,66.033881],[-68.190623,66.027533],[-68.211619,66.007636],[-68.130198,65.986274],[-68.116038,65.966702],[-68.176218,65.972805],[-68.281687,66.017076],[-68.33434,66.049302],[-68.34789,66.039781],[-68.280222,65.982408],[-68.191111,65.95303],[-68.214711,65.947252],[-68.274281,65.966702],[-68.315256,65.961371],[-68.335154,65.932563],[-68.312449,65.912787],[-68.270457,65.912543],[-68.191111,65.925727],[-68.177439,65.905219],[-68.146718,65.932563],[-68.137563,65.913153],[-68.152455,65.879788],[-68.191111,65.864325],[-68.129628,65.836982],[-68.082265,65.832831],[-68.09553,65.822699],[-68.156972,65.815863],[-68.205393,65.802232],[-68.205393,65.796047],[-68.124216,65.798407],[-68.007558,65.780707],[-67.960886,65.797797],[-67.901682,65.792304],[-67.881093,65.819648],[-67.860911,65.826972],[-67.81432,65.815863],[-67.834543,65.799384],[-67.81432,65.782375],[-67.844716,65.762519],[-67.924875,65.756781],[-67.958363,65.74079],[-67.953603,65.725246],[-67.974355,65.709621],[-67.94872,65.696438],[-67.889475,65.706],[-67.868967,65.686184],[-67.887563,65.667385],[-67.868967,65.645209],[-67.909983,65.617906],[-67.965199,65.638373],[-67.991567,65.633612],[-67.917429,65.604193],[-67.954661,65.589993],[-67.978831,65.604193],[-68.06074,65.569403],[-68.02477,65.562201],[-67.969919,65.578192],[-67.950917,65.562649],[-68.033437,65.487494],[-68.001414,65.493394],[-67.868967,65.583157],[-67.793894,65.589993],[-67.777048,65.616685],[-67.735544,65.638373],[-67.543935,65.66234],[-67.486277,65.645982],[-67.47175,65.672512],[-67.435618,65.680609],[-67.369456,65.674465],[-67.273142,65.645209],[-67.254221,65.608385],[-67.34142,65.583157],[-67.34142,65.57689],[-67.275624,65.559272],[-67.25947,65.535346],[-67.378245,65.543524],[-67.417104,65.52851],[-67.391957,65.520941],[-67.341257,65.521918],[-67.327748,65.508002],[-67.347117,65.501451],[-67.458689,65.508002],[-67.458689,65.501166],[-67.380849,65.478339],[-67.33552,65.450507],[-67.273142,65.473863],[-67.225331,65.459621],[-67.139597,65.469631],[-67.084299,65.467719],[-67.060251,65.453355],[-67.115468,65.439765],[-67.070505,65.435858],[-67.059885,65.424058],[-67.091257,65.380601],[-67.116282,65.370998],[-67.145863,65.365668],[-67.314158,65.367418],[-67.327016,65.355373],[-67.417104,65.35102],[-67.386464,65.328599],[-67.334177,65.322943],[-67.283681,65.357164],[-67.242421,65.349677],[-67.164296,65.319322],[-67.122304,65.31623],[-67.168813,65.268541],[-67.160146,65.260972],[-67.125722,65.275214],[-67.080678,65.247301],[-67.13447,65.246894],[-67.157704,65.241116],[-67.170115,65.226874],[-67.126291,65.228461],[-67.111928,65.203355],[-67.097971,65.20307],[-67.068959,65.219224],[-67.028147,65.224311],[-67.012441,65.219957],[-67.019887,65.206366],[-66.994496,65.201321],[-66.937327,65.241156],[-66.961537,65.110093],[-67.053415,65.110093],[-67.108632,65.062323],[-66.995961,65.086737],[-66.967478,65.086615],[-66.951527,65.079495],[-66.965281,65.062323],[-66.906239,65.071234],[-66.8874,65.08161],[-66.896352,65.103949],[-66.837026,65.145901],[-66.725046,65.185858],[-66.758778,65.115709],[-66.809193,65.102484],[-66.827463,65.090277],[-66.792714,65.090277],[-66.81135,65.062567],[-66.89094,65.065863],[-66.916819,65.049302],[-66.851267,65.036119],[-66.759226,65.069159],[-66.786488,65.035061],[-66.765981,65.027574],[-66.778635,65.016506],[-66.772817,65.000922],[-66.746287,65.006781],[-66.743398,64.968207],[-66.771596,64.956529],[-66.834299,64.945624],[-66.751169,64.931708],[-66.725046,64.918362],[-66.765981,64.870551],[-66.736806,64.853013],[-66.725046,64.794867],[-66.697743,64.788642],[-66.70519,64.768785],[-66.680613,64.767646],[-66.635691,64.781195],[-66.684031,64.809638],[-66.690907,64.826158],[-66.649363,64.969916],[-66.69404,65.017727],[-66.697743,65.035061],[-66.6822,65.044176],[-66.539377,65.013373],[-66.537099,64.958401],[-66.505605,64.983791],[-66.482533,64.985989],[-66.498484,64.945624],[-66.479482,64.935858],[-66.37324,64.919501],[-66.36144,64.924628],[-66.368764,64.945624],[-66.346873,64.945258],[-66.306711,64.912177],[-66.321156,64.883612],[-66.306711,64.870551],[-66.272572,64.904731],[-66.244456,64.906236],[-66.149648,64.870551],[-66.196848,64.82274],[-66.182607,64.812567],[-66.190256,64.780992],[-66.207387,64.774359],[-66.341501,64.774359],[-66.321278,64.761176],[-66.21052,64.761298],[-66.217966,64.69245],[-66.170888,64.683417],[-66.149526,64.743964],[-66.100942,64.80744],[-66.018666,64.857571],[-66.010569,64.806464],[-66.048411,64.741604],[-66.041371,64.719428],[-66.02245,64.706977],[-65.99885,64.712877],[-66.012644,64.754462],[-65.980051,64.767157],[-65.957265,64.767524],[-65.953847,64.736802],[-65.90803,64.678656],[-65.822987,64.637885],[-65.807362,64.637437],[-65.799631,64.651435],[-65.854237,64.685614],[-65.895579,64.732489],[-65.893015,64.750556],[-65.854237,64.753852],[-65.854237,64.761298],[-65.901601,64.779731],[-65.936757,64.809149],[-65.906199,64.810004],[-65.888987,64.829576],[-65.952138,64.884508],[-65.942454,64.89175],[-65.917104,64.887641],[-65.866811,64.869208],[-65.840566,64.884223],[-65.824045,64.882758],[-65.781361,64.861802],[-65.793406,64.809149],[-65.776112,64.804389],[-65.737864,64.846666],[-65.716786,64.844224],[-65.668813,64.811957],[-65.66926,64.79857],[-65.709096,64.779608],[-65.738149,64.747707],[-65.710276,64.69245],[-65.702952,64.754584],[-65.646596,64.773383],[-65.582834,64.756822],[-65.560007,64.712877],[-65.587351,64.699286],[-65.57429,64.678778],[-65.586497,64.649115],[-65.653066,64.606757],[-65.71345,64.603583],[-65.752431,64.590033],[-65.722524,64.575629],[-65.726064,64.515204],[-65.706858,64.490058],[-65.614613,64.500637],[-65.50536,64.500637],[-65.519032,64.48017],[-65.492747,64.475653],[-65.455922,64.488023],[-65.39863,64.524563],[-65.350697,64.529853],[-65.337758,64.512641],[-65.41161,64.462348],[-65.407826,64.44538],[-65.334096,64.487006],[-65.299998,64.472724],[-65.274485,64.471503],[-65.265207,64.521145],[-65.211374,64.541409],[-65.206532,64.518012],[-65.237904,64.487006],[-65.205759,64.491604],[-65.145253,64.516018],[-65.114369,64.51496],[-65.175771,64.48017],[-65.163157,64.474189],[-65.100697,64.48017],[-65.08967,64.486477],[-65.073435,64.449123],[-65.094228,64.419664],[-65.154612,64.406684],[-65.238596,64.405585],[-65.265207,64.383979],[-65.198923,64.366034],[-65.178415,64.34748],[-65.196278,64.315009],[-65.22704,64.300523],[-65.26891,64.29564],[-65.525868,64.329332],[-65.657948,64.30923],[-65.656199,64.301418],[-65.435496,64.30508],[-65.416005,64.288398],[-65.464426,64.295233],[-65.436513,64.274115],[-65.566843,64.254218],[-65.524526,64.24433],[-65.343699,64.253323],[-65.360789,64.226874],[-65.293935,64.226752],[-65.262318,64.21894],[-65.2447,64.198961],[-65.307362,64.193427],[-65.395497,64.158026],[-65.395497,64.15119],[-65.348134,64.150539],[-65.292836,64.178534],[-65.251536,64.178534],[-65.196278,64.15119],[-65.196889,64.14057],[-65.16218,64.144355],[-65.183298,64.123928],[-65.114369,64.109565],[-65.196278,64.076117],[-65.076731,64.083441],[-65.052927,64.068671],[-65.128651,64.048163],[-65.224233,64.041938],[-65.213368,64.027899],[-65.080271,64.014065],[-65.039255,64.020819],[-64.922556,64.014065],[-64.963572,63.973049],[-64.89977,63.984605],[-64.835805,64.023261],[-64.793568,64.030951],[-64.771718,64.027655],[-64.751291,64.007229],[-64.694773,64.046088],[-64.666127,64.03262],[-64.657786,64.001207],[-64.639353,63.991034],[-64.646677,63.975491],[-64.799631,63.936916],[-64.833811,63.916246],[-64.895253,63.897366],[-64.892771,63.868394],[-64.967397,63.852729],[-64.991444,63.828437],[-64.954661,63.787665],[-64.929514,63.777655],[-64.763987,63.749254],[-64.706776,63.762274],[-64.676137,63.740302],[-64.543202,63.686428],[-64.522328,63.669094],[-64.504832,63.64411],[-64.526072,63.614081],[-64.535227,63.609931],[-64.579701,63.614691],[-64.586781,63.602484],[-64.544504,63.582913],[-64.538157,63.569892],[-64.559438,63.562201],[-64.527821,63.533677],[-64.525136,63.500434],[-64.552602,63.472805],[-64.520701,63.4619],[-64.504832,63.443183],[-64.507558,63.422065],[-64.531565,63.403876],[-64.562815,63.400702],[-64.609568,63.422553],[-64.635203,63.418158],[-64.605946,63.385403],[-64.522288,63.376654],[-64.504832,63.345852],[-64.511423,63.314439],[-64.525339,63.308295],[-64.551991,63.311184],[-64.601633,63.329291],[-64.627756,63.321357],[-64.592966,63.306952],[-64.517893,63.298774],[-64.484364,63.287787],[-64.525339,63.274807],[-64.536814,63.255194],[-64.607249,63.260484],[-64.642039,63.239407],[-64.67512,63.271145],[-64.717112,63.280992],[-64.721059,63.303941],[-64.771718,63.328803],[-64.775095,63.368232],[-64.758738,63.383368],[-64.799672,63.39765],[-64.840647,63.485826],[-64.836903,63.503852],[-64.891062,63.552069],[-64.931711,63.571357],[-64.942698,63.632717],[-65.080271,63.685045],[-65.117747,63.736558],[-65.188059,63.764146],[-65.20991,63.781236],[-65.149119,63.7744],[-65.173044,63.79328],[-65.228953,63.808173],[-65.302439,63.81273],[-65.293324,63.797309],[-65.178171,63.728949],[-65.137563,63.717841],[-65.093861,63.657701],[-65.001698,63.616767],[-64.987498,63.603095],[-64.987742,63.589423],[-65.052927,63.575181],[-65.099314,63.549506],[-65.058054,63.482652],[-65.059763,63.452338],[-65.0808,63.445705],[-65.132761,63.444525],[-65.149119,63.43122],[-65.046702,63.438666],[-65.057932,63.425523],[-65.121165,63.403876],[-65.012644,63.401109],[-64.946482,63.359809],[-64.908925,63.287787],[-64.922556,63.274807],[-64.902089,63.239407],[-64.93342,63.243354],[-65.010081,63.299018],[-65.060658,63.31684],[-65.073435,63.308295],[-65.005116,63.274807],[-65.028066,63.249661],[-65.11677,63.285102],[-65.149119,63.287787],[-65.097279,63.239407],[-65.005116,63.239407],[-64.977773,63.227932],[-64.976186,63.211859],[-64.990671,63.200263],[-65.074534,63.219875],[-65.087026,63.205878],[-65.046702,63.191596],[-65.059763,63.177924],[-64.931264,63.183905],[-64.860544,63.171129],[-64.869089,63.162055],[-64.902089,63.154039],[-64.896433,63.144843],[-64.805776,63.138088],[-64.770009,63.101508],[-64.751291,63.10224],[-64.779612,63.094428],[-64.840403,63.101386],[-64.867909,63.096015],[-64.843455,63.082465],[-64.778269,63.074368],[-64.764963,63.05508],[-64.768788,63.041164],[-64.80309,63.05508],[-64.812611,63.050727],[-64.778554,63.027086],[-64.787465,63.006781],[-64.771718,62.986151],[-64.847483,62.97309],[-64.758738,62.951402],[-64.717966,62.921291],[-64.713206,62.956488],[-64.693593,62.956977],[-64.627756,62.911078],[-64.641835,62.897162],[-64.70344,62.904242],[-64.721506,62.900214],[-64.751291,62.869452],[-64.783437,62.864244],[-64.887074,62.869371],[-64.94636,62.895209],[-65.013539,62.911526],[-65.087107,62.947455],[-65.128651,62.999823],[-65.14745,62.980618],[-65.121165,62.92475],[-65.182322,62.954047],[-65.236195,62.965033],[-65.272043,63.006659],[-65.285268,62.984076],[-65.183298,62.921291],[-65.203684,62.895575],[-65.190134,62.876899],[-65.121165,62.835354],[-65.015126,62.735419],[-64.991444,62.725491],[-64.975168,62.677069],[-64.929392,62.643541],[-64.939524,62.631049],[-64.991444,62.643541],[-64.99059,62.627834],[-65.008127,62.614569],[-65.10912,62.575995],[-65.169626,62.568427],[-65.211008,62.578762],[-65.245961,62.605862],[-65.299998,62.67829],[-65.265207,62.698188],[-65.318837,62.697903],[-65.334096,62.691962],[-65.33552,62.671576],[-65.354563,62.684516],[-65.350168,62.707099],[-65.316151,62.745022],[-65.2447,62.780097],[-65.27241,62.787787],[-65.342478,62.775133],[-65.375071,62.786933],[-65.355906,62.825263],[-65.27363,62.827826],[-65.251536,62.835354],[-65.325999,62.843695],[-65.340891,62.85578],[-65.32726,62.917873],[-65.345041,62.925849],[-65.39863,62.829169],[-65.436513,62.822252],[-65.443552,62.845852],[-65.45698,62.848944],[-65.477488,62.822252],[-65.52831,62.828599],[-65.560618,62.821275],[-65.603831,62.825141],[-65.640614,62.841986],[-65.665883,62.912258],[-65.686635,62.896796],[-65.752431,62.92475],[-65.683542,62.999823],[-65.710276,63.02025],[-65.712229,63.051215],[-65.724192,63.05508],[-65.73884,63.048651],[-65.751902,63.033189],[-65.742055,62.976386],[-65.81664,62.94831],[-65.826853,62.928371],[-65.790354,62.904242],[-65.779124,62.886868],[-65.788157,62.873196],[-65.875844,62.928941],[-65.92988,62.923245],[-65.96349,62.937486],[-65.83434,63.033352],[-65.898386,63.023505],[-65.957265,62.999823],[-65.944203,62.979315],[-66.029368,62.986151],[-66.071726,63.022406],[-66.051747,63.050482],[-66.060292,63.05508],[-66.117502,63.03498],[-66.142201,63.047553],[-66.164784,63.095038],[-66.283152,63.136949],[-66.290883,63.128974],[-66.217966,63.088568],[-66.206003,63.040473],[-66.152903,63.011949],[-66.104237,62.996772],[-66.087595,62.979315],[-66.108713,62.97309],[-66.103871,62.951606],[-66.12914,62.943345],[-66.164662,62.944566],[-66.190663,62.951402],[-66.222605,62.975979],[-66.276438,62.976142],[-66.279408,62.993598],[-66.396718,62.999823],[-66.462229,63.034613],[-66.478017,63.047553],[-66.471791,63.061265],[-66.502797,63.064521],[-66.519236,63.077338],[-66.516794,63.088935],[-66.491038,63.088568],[-66.574208,63.164944],[-66.550852,63.186713],[-66.563669,63.215806],[-66.688425,63.281399],[-66.690907,63.301459],[-66.635691,63.356676],[-66.643666,63.374579],[-66.665354,63.373481],[-66.669789,63.34927],[-66.738718,63.294013],[-66.716786,63.26557],[-66.625315,63.229641],[-66.600901,63.212063],[-66.623036,63.164496],[-66.580881,63.132636],[-66.58788,63.10224],[-66.560048,63.093248],[-66.559926,63.081732],[-66.601511,63.068061],[-66.684071,63.10224],[-66.62914,63.051337],[-66.5537,63.02025],[-66.550404,62.996283],[-66.656199,63.040758],[-66.649363,63.027086],[-66.697865,63.03852],[-66.768666,63.090644],[-66.76533,63.131781],[-66.780507,63.141913],[-66.76415,63.183743],[-66.803578,63.235297],[-66.806956,63.274807],[-66.833933,63.271674],[-66.845937,63.252021],[-66.846384,63.229967],[-66.81371,63.210028],[-66.804677,63.188422],[-66.81135,63.165188],[-66.834299,63.150702],[-66.860666,63.151435],[-66.886464,63.162055],[-66.948679,63.208401],[-67.019887,63.239407],[-67.019114,63.261623],[-66.965077,63.278713],[-66.950999,63.29092],[-66.961985,63.303697],[-67.004832,63.31977],[-67.006215,63.342475],[-66.973988,63.395901],[-67.012929,63.402737],[-67.03779,63.343248],[-67.012441,63.287787],[-67.038197,63.283393],[-67.11205,63.287787],[-67.184397,63.321357],[-67.154124,63.285224],[-67.177235,63.280992],[-67.201121,63.288479],[-67.239817,63.321357],[-67.357126,63.387763],[-67.400828,63.465522],[-67.423533,63.465074],[-67.410268,63.424384],[-67.418772,63.414049],[-67.500681,63.442816],[-67.50593,63.472805],[-67.549062,63.505927],[-67.533193,63.521186],[-67.618398,63.55801],[-67.644399,63.603339],[-67.689687,63.63288],[-67.670359,63.657701],[-67.766306,63.636664],[-67.785715,63.644761],[-67.807566,63.699286],[-67.81782,63.692857],[-67.835398,63.696031],[-67.839182,63.723293],[-67.924184,63.767564],[-67.915964,63.745185],[-67.869985,63.713813],[-67.868642,63.686428],[-67.81432,63.650865],[-67.806589,63.629788],[-67.819529,63.592353],[-67.792226,63.541409],[-67.684682,63.433336],[-67.670359,63.394761],[-67.697703,63.369696],[-67.731272,63.369696],[-67.826975,63.407904],[-67.868886,63.46369],[-68.033884,63.54678],[-68.074696,63.549018],[-68.092112,63.558417],[-68.120432,63.602362],[-68.137156,63.609931],[-68.130442,63.588039],[-68.1433,63.58161],[-68.161448,63.585028],[-68.181101,63.606187],[-68.230458,63.596625],[-68.246409,63.609931],[-68.224314,63.617377],[-68.222971,63.631537],[-68.257273,63.678412],[-68.28893,63.699123],[-68.315256,63.699286],[-68.315256,63.69184],[-68.2801,63.64468],[-68.286977,63.636664],[-68.386667,63.657701],[-68.440745,63.716254],[-68.483835,63.736151],[-68.528757,63.74608],[-68.540598,63.746527],[-68.54426,63.732856],[-68.575307,63.732856],[-68.748769,63.779771],[-68.746042,63.767564],[-68.712473,63.746527],[-68.725046,63.732611],[-68.746042,63.740302],[-68.773671,63.730658],[-68.928171,63.760728],[-68.993031,63.760728],[-68.990224,63.740424],[-68.81489,63.636664],[-68.814402,63.624742],[-68.846018,63.620836],[-68.863352,63.609931],[-68.786244,63.590644],[-68.760325,63.554755],[-68.71467,63.525702],[-68.581899,63.472724],[-68.551747,63.449368],[-68.444407,63.444892],[-68.466908,63.430121],[-68.499582,63.43122],[-68.493235,63.422309],[-68.44872,63.391669],[-68.379099,63.360419],[-68.337229,63.322577],[-68.289622,63.304267],[-68.274281,63.287787],[-68.287302,63.273627],[-68.280344,63.261664],[-68.213735,63.241604],[-68.207102,63.218655],[-68.217397,63.212104],[-68.246409,63.212063],[-68.229807,63.199286],[-68.190053,63.189887],[-68.132802,63.157904],[-68.059519,63.166205],[-68.01415,63.152289],[-67.917429,63.143215],[-67.946767,63.124701],[-67.985666,63.075507],[-67.969228,63.068061],[-67.928293,63.077135],[-67.909983,63.088568],[-67.917429,63.106024],[-67.895741,63.118476],[-67.861521,63.120347],[-67.798655,63.088853],[-67.757395,63.08869],[-67.677805,63.10224],[-67.632558,63.103217],[-67.611318,63.097113],[-67.602122,63.081732],[-67.610911,63.066799],[-67.632192,63.060981],[-67.713572,63.060858],[-67.73115,63.055976],[-67.74706,63.034654],[-67.80073,63.014106],[-67.766591,63.014106],[-67.765574,62.991523],[-67.738637,62.986151],[-67.773386,62.958808],[-67.715037,62.962226],[-67.738637,62.999823],[-67.663523,63.040758],[-67.593088,63.03677],[-67.557688,63.052965],[-67.536936,63.044989],[-67.50593,63.02025],[-67.510203,63.007758],[-67.529368,62.999498],[-67.599558,62.989732],[-67.64977,62.969062],[-67.643056,62.958808],[-67.677805,62.938381],[-67.656728,62.917873],[-67.642323,62.934027],[-67.567942,62.97309],[-67.550974,62.963568],[-67.478586,62.986151],[-67.423818,62.979438],[-67.394236,62.963853],[-67.423329,62.938381],[-67.417104,62.931545],[-67.372182,62.940904],[-67.293772,62.900051],[-67.245188,62.88996],[-67.245188,62.883734],[-67.368723,62.863227],[-67.368723,62.85578],[-67.299184,62.855902],[-67.279978,62.863227],[-67.287343,62.85578],[-67.222361,62.881049],[-67.197987,62.876899],[-67.174794,62.854478],[-67.191111,62.838935],[-67.245188,62.814846],[-67.184397,62.825751],[-67.175771,62.815009],[-67.156321,62.816555],[-67.122304,62.829169],[-67.088206,62.797797],[-67.122304,62.759589],[-67.07726,62.773017],[-67.039744,62.773871],[-67.04719,62.759589],[-67.014719,62.737454],[-67.060251,62.698188],[-67.053415,62.691962],[-66.982004,62.70307],[-66.910024,62.698188],[-66.971873,62.679267],[-67.006215,62.657172],[-66.759714,62.683905],[-66.725046,62.670844],[-66.753977,62.66059],[-66.772817,62.636664],[-66.690378,62.64997],[-66.669789,62.643541],[-66.71821,62.629218],[-66.695749,62.616767],[-66.654897,62.623358],[-66.608347,62.615627],[-66.622629,62.602607],[-66.605173,62.582953],[-66.551462,62.560736],[-66.525339,62.519029],[-66.480295,62.505072],[-66.512156,62.423814],[-66.496449,62.420722],[-66.440745,62.444892],[-66.358225,62.451728],[-66.352406,62.447455],[-66.396718,62.423814],[-66.32783,62.390326],[-66.337107,62.380561],[-66.39033,62.372138],[-66.416982,62.354397],[-66.475535,62.355658],[-66.473866,62.336656],[-66.429758,62.321357],[-66.343821,62.270697],[-66.306711,62.273017],[-66.363271,62.331977],[-66.301951,62.35106],[-66.274973,62.343248],[-66.244618,62.321438],[-66.224558,62.349514],[-66.203318,62.324042],[-66.155873,62.307766],[-66.170155,62.286607],[-66.155263,62.248114],[-66.185496,62.265123],[-66.265126,62.266791],[-66.180043,62.242011],[-66.059153,62.228095],[-66.018422,62.250474],[-65.987131,62.242092],[-65.930002,62.197821],[-66.012074,62.174058],[-66.053212,62.145331],[-66.053456,62.126166],[-66.029246,62.091742],[-66.040028,62.075263],[-66.060292,62.074937],[-66.092966,62.089057],[-66.128529,62.088609],[-66.1787,62.13467],[-66.204294,62.116604],[-66.186472,62.109076],[-66.173044,62.117499],[-66.102854,62.042914],[-66.106638,62.023668],[-66.142201,62.012885],[-66.065175,61.996649],[-66.039784,61.958319],[-65.999705,61.966498],[-65.988271,61.961656],[-65.987253,61.933824],[-65.963612,61.927314],[-65.948842,61.908759],[-65.950429,61.896877],[-65.971262,61.886379],[-66.033559,61.88935],[-66.0631,61.874945],[-66.170155,61.87641],[-66.274485,61.8581],[-66.337595,61.87523],[-66.40571,61.877143],[-66.486155,61.898261],[-66.539784,61.903022],[-66.591298,61.930365],[-66.627634,61.920844],[-66.643137,61.92414],[-66.662424,61.937567],[-66.656077,61.947821],[-66.615183,61.965074],[-66.63622,61.971584],[-66.697743,61.965074],[-66.721628,61.988715],[-66.75178,61.999254],[-66.745554,62.012885],[-66.855417,62.019721],[-66.943552,62.047675],[-66.916819,62.034003],[-66.937571,62.014472],[-67.023264,62.0539],[-67.070505,62.037177],[-67.107493,62.036689],[-67.235951,62.101874],[-67.245188,62.102281],[-67.256052,62.081244],[-67.317454,62.073228],[-67.348826,62.122748],[-67.33137,62.125678],[-67.337758,62.13996],[-67.400624,62.149807],[-67.489939,62.145209],[-67.522288,62.15058],[-67.581288,62.181098],[-67.674062,62.157538],[-67.75532,62.163398],[-67.83491,62.178046],[-67.807566,62.197821],[-67.820058,62.20893],[-67.848459,62.204739],[-67.872629,62.190863],[-67.980946,62.211859],[-68.045888,62.208157],[-68.082509,62.232001],[-68.109202,62.218411],[-68.55366,62.249742],[-68.716501,62.30272],[-68.726145,62.314602],[-68.705027,62.328274],[-68.815256,62.341864],[-68.83845,62.380276],[-68.863352,62.38288],[-68.890614,62.362372],[-68.961741,62.387193],[-69.003407,62.376532],[-69.02717,62.379788],[-69.197499,62.444525],[-69.288279,62.493638],[-69.315175,62.541083],[-69.275828,62.617377],[-69.291941,62.627753],[-69.304636,62.629218],[-69.318918,62.591986],[-69.377268,62.533677],[-69.408518,62.575181],[-69.407094,62.605292],[-69.459177,62.629218],[-69.431874,62.595771],[-69.436513,62.567532],[-69.424428,62.560981],[-69.445058,62.553534],[-69.589467,62.666978],[-69.545155,62.682847],[-69.473459,62.67829],[-69.487131,62.698188],[-69.453969,62.697089],[-69.431874,62.71247],[-69.53246,62.706732],[-69.56904,62.719306],[-69.537424,62.739081],[-69.498728,62.746527],[-69.404001,62.747626],[-69.384145,62.758857],[-69.390248,62.767035],[-69.406931,62.770413],[-69.462636,62.759589],[-69.509348,62.774482],[-69.5478,62.765082],[-69.626943,62.791002],[-69.640452,62.759589],[-69.698801,62.745917],[-69.678904,62.780097],[-69.762074,62.79385],[-69.835317,62.829169],[-69.849599,62.822252],[-69.84321,62.81387],[-69.806223,62.782375],[-69.776072,62.772366],[-69.767649,62.759589],[-69.781321,62.753363],[-69.760854,62.732896],[-69.79247,62.735745],[-69.828603,62.764879],[-69.876902,62.759589],[-69.896352,62.763821],[-69.938954,62.801215],[-69.995554,62.765937],[-70.069773,62.747626],[-70.161814,62.759589],[-70.240305,62.754096],[-70.383372,62.800767],[-70.426584,62.828925],[-70.471181,62.844306],[-70.493235,62.866604],[-70.685658,62.88996],[-70.801584,62.893459],[-70.829661,62.904242],[-70.829661,62.896796],[-70.898549,62.917873],[-70.867909,62.927965],[-70.768259,62.931545],[-70.874379,62.947984],[-70.912221,62.951402],[-70.955759,62.944648],[-71.041941,62.958808],[-71.041941,62.965644],[-71.018015,62.969387],[-70.956125,62.965033],[-70.939524,62.97309],[-70.959665,63.007473],[-70.932729,63.02025],[-70.946238,63.032782],[-70.96703,63.034613],[-71.007192,63.02025],[-71.009836,62.996772],[-71.021799,62.993598],[-71.05134,62.987291],[-71.142079,62.984809],[-71.15803,62.993598],[-71.155466,63.005113],[-71.130849,63.028957],[-71.120798,63.033352],[-71.032053,63.027086],[-71.000966,63.05508],[-70.960032,63.068061],[-70.940541,63.098822],[-70.822825,63.130113],[-70.829661,63.143215],[-70.864491,63.140204],[-70.932729,63.116523],[-70.952585,63.143215],[-70.898549,63.164944],[-70.926462,63.172553],[-70.967152,63.162991],[-70.99824,63.143052],[-70.992543,63.106024],[-71.02892,63.078599],[-71.110829,63.075507],[-71.129587,63.080146],[-71.151804,63.10224],[-71.159657,63.097805],[-71.196482,63.064643],[-71.216176,63.008775],[-71.274648,63.014106],[-71.252512,63.027289],[-71.284739,63.043524],[-71.402048,63.055569],[-71.426137,63.075507],[-71.394114,63.10106],[-71.391794,63.116441],[-71.408762,63.123358],[-71.46052,63.104804],[-71.497792,63.123358],[-71.557932,63.128485],[-71.617909,63.143215],[-71.71349,63.177924],[-71.705759,63.189195],[-71.658884,63.191596],[-71.658884,63.198432],[-71.707346,63.21955],[-71.761952,63.232611],[-71.735911,63.247301],[-71.649119,63.253648],[-71.648671,63.263902],[-71.670888,63.272121],[-71.768748,63.260484],[-71.768748,63.267279],[-71.740834,63.274807],[-71.766469,63.284125],[-71.768748,63.321357],[-71.822743,63.34927],[-71.747385,63.348944],[-71.727162,63.356676],[-71.74828,63.362942],[-71.747182,63.381171],[-71.780873,63.414496],[-71.801096,63.391262],[-71.826853,63.387681],[-71.937001,63.394477],[-71.962595,63.403754],[-71.987538,63.431789],[-72.015207,63.39765],[-72.080393,63.403876],[-72.062978,63.424384],[-72.092275,63.427151],[-72.142323,63.44831],[-72.125762,63.452053],[-72.084299,63.447252],[-72.07136,63.431545],[-72.036326,63.452338],[-72.02009,63.453315],[-71.967112,63.444892],[-71.871165,63.444892],[-71.686228,63.424384],[-71.614451,63.426907],[-71.579905,63.435736],[-71.563303,63.452338],[-71.574086,63.463935],[-71.553944,63.47191],[-71.417795,63.487454],[-71.398874,63.500067],[-71.412546,63.513739],[-71.383901,63.52851],[-71.319895,63.540473],[-71.27717,63.566148],[-71.289133,63.584459],[-71.277821,63.598375],[-71.226918,63.602484],[-71.252431,63.61636],[-71.289133,63.619086],[-71.321889,63.60932],[-71.335927,63.568793],[-71.403391,63.569403],[-71.418691,63.575181],[-71.372182,63.59984],[-71.367136,63.625922],[-71.381296,63.633734],[-71.418691,63.636664],[-71.405019,63.616767],[-71.459665,63.609931],[-71.439768,63.589423],[-71.514475,63.579739],[-71.561879,63.581488],[-71.583201,63.592515],[-71.572865,63.620836],[-71.48762,63.630439],[-71.506215,63.643215],[-71.569529,63.643866],[-71.583201,63.654364],[-71.565623,63.690823],[-71.53539,63.712348],[-71.583567,63.699286],[-71.595408,63.708441],[-71.583201,63.719794],[-71.627553,63.724311],[-71.646067,63.72012],[-71.661244,63.698472],[-71.617909,63.664537],[-71.615915,63.650824],[-71.655507,63.657701],[-71.679392,63.677639],[-71.720408,63.69184],[-71.720408,63.699286],[-71.701405,63.700873],[-71.679392,63.740302],[-71.698069,63.753404],[-71.754506,63.69184],[-71.775583,63.712348],[-71.765981,63.729926],[-71.775868,63.745795],[-71.836863,63.783637],[-71.905344,63.794908],[-71.885447,63.809149],[-71.922841,63.819648],[-71.957753,63.80683],[-72.008372,63.753974],[-71.99531,63.746527],[-71.947581,63.772366],[-71.926462,63.7744],[-71.932607,63.760728],[-71.867502,63.766506],[-71.844472,63.760728],[-71.895457,63.705471],[-71.878,63.685045],[-71.929799,63.655015],[-71.973988,63.655422],[-71.969309,63.670233],[-71.926218,63.694525],[-71.952992,63.723049],[-71.963206,63.725735],[-72.02302,63.676093],[-72.041615,63.670722],[-72.062978,63.732856],[-72.076161,63.740668],[-72.093455,63.725165],[-72.114491,63.719794],[-72.13093,63.723944],[-72.200632,63.780422],[-72.21467,63.76911],[-72.213816,63.677639],[-72.317576,63.67886],[-72.324452,63.744208],[-72.336049,63.754543],[-72.364613,63.753974],[-72.364613,63.760728],[-72.319854,63.780707],[-72.262522,63.764106],[-72.248525,63.767564],[-72.27363,63.809272],[-72.249989,63.823188],[-72.220652,63.869371],[-72.187082,63.882229],[-72.131337,63.88642],[-72.090321,63.910956],[-72.161814,63.898017],[-72.209177,63.900824],[-72.233632,63.919379],[-72.220652,63.932074],[-72.24177,63.959418],[-72.27538,63.92475],[-72.257924,63.884019],[-72.271921,63.884101],[-72.310007,63.904202],[-72.327626,63.873725],[-72.405588,63.828437],[-72.368845,63.811021],[-72.368479,63.785224],[-72.513173,63.78974],[-72.535959,63.801703],[-72.473215,63.809882],[-72.460805,63.822211],[-72.573801,63.852973],[-72.598093,63.867133],[-72.643015,63.854682],[-72.666249,63.856391],[-72.64033,63.895209],[-72.666249,63.932074],[-72.612009,63.94953],[-72.611643,64.000963],[-72.591176,64.027655],[-72.612131,64.032172],[-72.653391,64.014106],[-72.669749,64.017401],[-72.677846,64.032416],[-72.663197,64.08393],[-72.682362,64.088202],[-72.705881,64.017035],[-72.658803,63.986721],[-72.71406,63.965562],[-72.734242,63.969875],[-72.74824,64.000963],[-72.77892,64.015937],[-72.854929,64.022162],[-72.885976,64.035102],[-72.858103,64.041938],[-72.858103,64.048163],[-72.933827,64.054999],[-72.934926,64.077704],[-72.875315,64.094224],[-72.875722,64.115871],[-72.899037,64.123928],[-72.905588,64.165595],[-72.919504,64.178534],[-72.965443,64.191392],[-73.078236,64.183295],[-73.084665,64.198961],[-73.054311,64.22842],[-73.063547,64.246772],[-73.111562,64.255845],[-73.131785,64.26789],[-73.122141,64.280341],[-73.104482,64.28148],[-73.130076,64.291693],[-73.216257,64.299058],[-73.225697,64.325995],[-73.243357,64.336127],[-73.259633,64.314154],[-73.310536,64.315009],[-73.274892,64.291327],[-73.282664,64.260443],[-73.308339,64.255276],[-73.340688,64.258734],[-73.386301,64.28148],[-73.392079,64.336005],[-73.348988,64.351223],[-73.333974,64.380927],[-73.327341,64.383979],[-73.296254,64.364081],[-73.265574,64.370307],[-73.341257,64.405097],[-73.393137,64.370307],[-73.416697,64.374091],[-73.481882,64.405097],[-73.42927,64.454169],[-73.383982,64.438422],[-73.325673,64.455715],[-73.30309,64.472724],[-73.325429,64.479193],[-73.389394,64.459662],[-73.418406,64.465033],[-73.417185,64.477362],[-73.397694,64.491116],[-73.272694,64.527981],[-73.248118,64.564643],[-73.180369,64.575751],[-73.167185,64.590033],[-73.174672,64.616116],[-73.224477,64.591742],[-73.248362,64.589057],[-73.268992,64.596869],[-73.30309,64.665717],[-73.351511,64.637844],[-73.309438,64.593655],[-73.301381,64.565579],[-73.313954,64.538153],[-73.464223,64.508002],[-73.481882,64.51496],[-73.468455,64.546129],[-73.488718,64.575751],[-73.461008,64.571967],[-73.422312,64.551011],[-73.41218,64.553046],[-73.395334,64.565131],[-73.452341,64.591498],[-73.444529,64.60224],[-73.427235,64.603013],[-73.450266,64.6164],[-73.537221,64.592475],[-73.58259,64.596503],[-73.578074,64.6105],[-73.603749,64.643134],[-73.646352,64.665717],[-73.669016,64.663967],[-73.662953,64.613511],[-73.687937,64.582587],[-73.646352,64.575751],[-73.664052,64.563544],[-73.748158,64.555854],[-73.751902,64.541571],[-73.790964,64.551703],[-73.872548,64.604071],[-73.892771,64.6105],[-73.921702,64.60928],[-73.934397,64.590033],[-73.885976,64.575751],[-73.891591,64.554185],[-73.844716,64.504543],[-73.79658,64.49315],[-73.803415,64.500637],[-73.782908,64.48017],[-73.816518,64.468451],[-73.874013,64.499172],[-73.885976,64.49315],[-73.876291,64.464179],[-73.896189,64.459662],[-73.961659,64.48017],[-73.96642,64.427802],[-73.940541,64.411282],[-73.989613,64.390774],[-73.995798,64.329332],[-74.015126,64.327216],[-74.05781,64.339667],[-74.077748,64.329332],[-74.071523,64.336819],[-74.102284,64.335883],[-74.112498,64.349799],[-74.163401,64.358385],[-74.17394,64.370307],[-74.114451,64.370551],[-74.098215,64.377753],[-74.112498,64.405097],[-74.07905,64.4206],[-74.17394,64.465888],[-74.094472,64.459662],[-74.055898,64.434475],[-74.043568,64.44599],[-74.05134,64.469306],[-74.126169,64.541571],[-73.999623,64.516669],[-73.954823,64.51496],[-73.997914,64.543443],[-74.089345,64.567857],[-74.152821,64.564154],[-74.167104,64.569525],[-74.131418,64.590074],[-74.002634,64.582587],[-74.018748,64.600531],[-74.072336,64.620795],[-74.083933,64.640937],[-74.049794,64.725898],[-74.101145,64.752997],[-74.118723,64.747707],[-74.128245,64.731594],[-74.108591,64.704739],[-74.118723,64.685614],[-74.129099,64.681464],[-74.167104,64.685614],[-74.202341,64.665229],[-74.214955,64.678778],[-74.232493,64.65644],[-74.215891,64.608873],[-74.242258,64.582587],[-74.292551,64.622219],[-74.293772,64.634426],[-74.262318,64.650946],[-74.300282,64.683051],[-74.31078,64.685614],[-74.32551,64.678127],[-74.32433,64.642646],[-74.33845,64.631008],[-74.359731,64.633979],[-74.420359,64.665717],[-74.344594,64.596869],[-74.368601,64.576606],[-74.39448,64.57685],[-74.434641,64.6105],[-74.415842,64.627631],[-74.444692,64.62873],[-74.496083,64.616645],[-74.540761,64.626166],[-74.56432,64.665717],[-74.625437,64.684719],[-74.708363,64.74022],[-74.683909,64.762193],[-74.660512,64.761298],[-74.642283,64.791002],[-74.606923,64.803412],[-74.553619,64.848822],[-74.486643,64.836656],[-74.481801,64.850084],[-74.501902,64.862779],[-74.562245,64.864163],[-74.577992,64.877387],[-74.543894,64.898505],[-74.646311,64.904731],[-74.660756,64.899726],[-74.640085,64.863715],[-74.662099,64.868883],[-74.742869,64.857856],[-74.709828,64.803046],[-74.731435,64.772162],[-74.821604,64.809149],[-74.852366,64.781195],[-74.920888,64.802314],[-74.988881,64.802314],[-74.964915,64.775133],[-74.882395,64.762885],[-74.848622,64.7508],[-74.838083,64.725898],[-74.814809,64.709784],[-74.728831,64.689032],[-74.591664,64.631008],[-74.468739,64.562079],[-74.521474,64.542182],[-74.625437,64.548814],[-74.646311,64.534735],[-74.583567,64.53266],[-74.553171,64.524807],[-74.536448,64.507473],[-74.557444,64.501166],[-74.605295,64.521145],[-74.619211,64.516506],[-74.617258,64.505927],[-74.5985,64.487006],[-74.531931,64.475409],[-74.505686,64.461737],[-74.538075,64.447699],[-74.536448,64.431708],[-74.613596,64.427232],[-74.612172,64.411282],[-74.684763,64.397773],[-74.68102,64.377753],[-74.790883,64.405097],[-74.783437,64.383979],[-74.814809,64.385728],[-74.926096,64.43476],[-74.972117,64.418118],[-75.019114,64.441636],[-75.113026,64.465888],[-75.156809,64.494371],[-75.174509,64.49315],[-75.188669,64.482408],[-75.153391,64.465888],[-75.148874,64.45185],[-75.194936,64.44599],[-75.197703,64.432847],[-75.219431,64.434027],[-75.242747,64.459662],[-75.311838,64.479967],[-75.358347,64.511542],[-75.456044,64.537421],[-75.541086,64.54206],[-75.565134,64.551703],[-75.571726,64.575751],[-75.617787,64.566799],[-75.66279,64.568549],[-75.820017,64.622219],[-75.842356,64.613593],[-75.841257,64.601508],[-75.784006,64.575751],[-75.784006,64.569525],[-75.813222,64.570054],[-75.839223,64.562079],[-75.815378,64.531399],[-75.779408,64.518622],[-75.739329,64.51496],[-75.633168,64.459662],[-75.661122,64.452216],[-75.723093,64.471503],[-75.743031,64.465888],[-75.694651,64.44599],[-75.710194,64.441555],[-75.749867,64.459662],[-75.865915,64.489081],[-75.893422,64.492621],[-75.921824,64.487006],[-75.849192,64.465888],[-75.798289,64.438544],[-75.824941,64.431708],[-75.715769,64.383979],[-75.736033,64.372463],[-75.831776,64.383979],[-75.847157,64.368069],[-75.862131,64.377631],[-75.91926,64.389065],[-75.949086,64.377753],[-75.952992,64.407538],[-75.978342,64.40648],[-76.071238,64.3664],[-76.092478,64.370307],[-76.110219,64.391832],[-76.126658,64.390774],[-76.175038,64.377753],[-76.14094,64.370307],[-76.167673,64.355292],[-76.233266,64.368354],[-76.286366,64.35106],[-76.35261,64.362372],[-76.379832,64.356635],[-76.321156,64.321112],[-76.297922,64.315009],[-76.207753,64.319241],[-76.188059,64.301418],[-76.317616,64.280829],[-76.378367,64.308539],[-76.461659,64.324368],[-76.489695,64.315009],[-76.428293,64.308824],[-76.379832,64.288398],[-76.406728,64.274237],[-76.454701,64.269965],[-76.496287,64.278062],[-76.503977,64.301418],[-76.55488,64.308824],[-76.575876,64.299872],[-76.596181,64.315009],[-76.640859,64.283637],[-76.688954,64.28148],[-76.681508,64.295233],[-76.710927,64.305365],[-76.727895,64.296129],[-76.730336,64.276272],[-76.718251,64.24136],[-76.656687,64.22134],[-76.669504,64.196845],[-76.688954,64.191555],[-76.764109,64.205797],[-76.846628,64.205797],[-76.811838,64.219428],[-76.832346,64.226874],[-76.82551,64.233791],[-76.89863,64.24372],[-76.962717,64.274115],[-76.982004,64.257514],[-77.017445,64.259019],[-77.133249,64.301093],[-77.152211,64.284654],[-77.223378,64.274115],[-77.350819,64.241116],[-77.381052,64.246772],[-77.370188,64.28148],[-77.40156,64.295233],[-77.436228,64.289984],[-77.4499,64.295233],[-77.381052,64.315009],[-77.404856,64.327582],[-77.42101,64.327135],[-77.435658,64.315009],[-77.545522,64.315009],[-77.545522,64.322455],[-77.490915,64.349799],[-77.511057,64.357245],[-77.556101,64.357815],[-77.654734,64.390774],[-77.662343,64.377346],[-77.647043,64.332221],[-77.678944,64.322455],[-77.692616,64.336819],[-77.757802,64.342963],[-77.774526,64.364081],[-77.853993,64.370307],[-77.871042,64.377509],[-77.90864,64.405097],[-77.860178,64.405097],[-77.836619,64.424872],[-77.882151,64.424709],[-77.962636,64.411282],[-78.010976,64.428209],[-78.018178,64.442776],[-77.970041,64.459662],[-77.970041,64.465888],[-78.047231,64.496527],[-78.077463,64.517279],[-78.065623,64.541571],[-78.144399,64.557318],[-78.1822,64.579657],[-78.172434,64.590033],[-78.128367,64.590033],[-78.128367,64.596869],[-78.162099,64.609565],[-78.168894,64.645331],[-78.196604,64.651435],[-78.183054,64.681586],[-78.155629,64.699286],[-78.186594,64.708645],[-78.299021,64.706732],[-78.182973,64.725898],[-78.187937,64.752997],[-78.174631,64.768052],[-78.123036,64.784491],[-78.113596,64.813788],[-78.07311,64.815904],[-78.065623,64.850084],[-78.086985,64.868232],[-78.117502,64.877387],[-78.132883,64.903713],[-78.145579,64.95185],[-78.120595,64.974189],[-78.08906,64.982367],[-78.021921,65.018215],[-77.976918,65.027574],[-77.963612,65.051947],[-77.877553,65.069159],[-77.816843,65.091498],[-77.757802,65.096503],[-77.704945,65.110541],[-77.629465,65.148424],[-77.48644,65.148098],[-77.376536,65.168362],[-77.312815,65.200141],[-77.51415,65.326117],[-77.456125,65.385077],[-77.314036,65.362494],[-77.291697,65.381415],[-77.435658,65.459621],[-77.391591,65.47309],[-77.236399,65.473863],[-77.271799,65.467027],[-77.271799,65.459621],[-77.193959,65.455308],[-77.120351,65.439765],[-77.11677,65.424384],[-77.089548,65.416002],[-76.966379,65.411689],[-76.9322,65.433336],[-76.830922,65.431098],[-76.767771,65.405585],[-76.676869,65.411078],[-76.120432,65.288275],[-76.041575,65.286282],[-76.017405,65.28205],[-75.982777,65.261379],[-75.911204,65.25788],[-75.797922,65.232327],[-75.757314,65.213813],[-75.770334,65.192694],[-75.75532,65.188381],[-75.739329,65.159166],[-75.653635,65.144924],[-75.523915,65.110093],[-75.452341,65.078559],[-75.440745,65.065741],[-75.415842,65.016059],[-75.440745,65.007717],[-75.414052,64.980414],[-75.425282,64.97248],[-75.517161,64.939439],[-75.633046,64.953518],[-75.667917,64.945624],[-75.606516,64.918362],[-75.604319,64.881822],[-75.580515,64.857815],[-75.491322,64.856757],[-75.460276,64.843085],[-75.46821,64.813056],[-75.523915,64.809149],[-75.517161,64.802314],[-75.537587,64.781195],[-75.449696,64.771796],[-75.427724,64.753852],[-75.433949,64.747707],[-75.401438,64.742255],[-75.407216,64.725898],[-75.378733,64.721584],[-75.296986,64.734076],[-75.294016,64.7508],[-75.345815,64.781195],[-75.352651,64.829576],[-75.373118,64.835842],[-75.338979,64.884223],[-75.356882,64.901801],[-75.345815,64.925198],[-75.387196,64.919582],[-75.459421,64.877143],[-75.509999,64.884223],[-75.555735,64.879096],[-75.571726,64.884223],[-75.484568,64.904446],[-75.468251,64.938951],[-75.445261,64.951483],[-75.38679,64.959947],[-75.393015,64.982489],[-75.371165,64.984687],[-75.262563,64.957017],[-75.290517,65.000922],[-75.24767,65.014879],[-75.2353,65.055854],[-75.194936,65.072659],[-75.19872,65.105699],[-75.253896,65.108629],[-75.270212,65.049384],[-75.30724,65.025214],[-75.363149,65.007636],[-75.379954,65.014594],[-75.407216,65.062323],[-75.562123,65.168931],[-75.644887,65.184882],[-75.68163,65.200141],[-75.692983,65.191596],[-75.71821,65.191555],[-75.729441,65.200141],[-75.708933,65.213813],[-75.750722,65.236396],[-75.800242,65.250922],[-75.908152,65.260972],[-75.89802,65.278876],[-75.934641,65.291693],[-75.949086,65.322455],[-75.715403,65.308783],[-75.665028,65.325385],[-75.640614,65.343492],[-75.620554,65.343411],[-75.598093,65.321601],[-75.61266,65.308783],[-75.58373,65.286119],[-75.549794,65.277086],[-75.304799,65.267768],[-75.215443,65.254136],[-75.193186,65.256293],[-75.129832,65.267768],[-75.083974,65.30272],[-75.074167,65.328355],[-75.105051,65.396145],[-75.0655,65.39765],[-74.968455,65.377631],[-74.937978,65.391913],[-74.872182,65.398139],[-74.785959,65.386542],[-74.755605,65.398261],[-74.74592,65.425686],[-74.715159,65.439765],[-74.708363,65.432318],[-74.675364,65.431383],[-74.674428,65.420071],[-74.708363,65.405585],[-74.668202,65.395331],[-74.660512,65.385077],[-74.694692,65.377631],[-74.661366,65.350735],[-74.608754,65.335883],[-74.551218,65.333401],[-74.502919,65.343492],[-74.434031,65.381415],[-74.344594,65.411811],[-74.324818,65.451483],[-74.286936,65.480699],[-74.176625,65.487006],[-74.153432,65.49494],[-74.187571,65.521674],[-74.17927,65.52851],[-74.118357,65.537095],[-74.043568,65.535346],[-74.029978,65.521674],[-73.983754,65.506822],[-73.957957,65.506415],[-73.912953,65.532416],[-73.88036,65.535712],[-73.776072,65.524848],[-73.739084,65.516791],[-73.733754,65.487779],[-73.673655,65.459621],[-73.594716,65.47602],[-73.525583,65.453803],[-73.474436,65.459621],[-73.589915,65.588772],[-73.63268,65.610419],[-73.611562,65.651353],[-73.624827,65.661811],[-73.680491,65.665025],[-73.694285,65.678412],[-73.695546,65.714586],[-73.685658,65.720404],[-73.653188,65.720282],[-73.701975,65.746324],[-73.717844,65.774604],[-73.824696,65.815375],[-73.899119,65.825873],[-74.012318,65.855129],[-74.08141,65.90762],[-74.130442,65.92357],[-74.181386,65.95303],[-74.220774,65.991156],[-74.242258,65.994045],[-74.420359,66.083441],[-74.458567,66.112047],[-74.472157,66.148586],[-74.345408,66.225816],[-74.082021,66.300238],[-73.961659,66.357123],[-73.906443,66.357123],[-73.913279,66.371405],[-73.900583,66.379706],[-73.780222,66.418402],[-73.71467,66.46015],[-73.455637,66.550605],[-73.430857,66.563788],[-73.389963,66.629543],[-73.344675,66.658759],[-73.098337,66.727688],[-73.010487,66.725898],[-72.948964,66.734565]]],[[[-115.323638,73.508694],[-115.320546,73.480658],[-115.401275,73.467963],[-115.457753,73.429877],[-115.537262,73.424791],[-115.753774,73.357489],[-116.218495,73.284654],[-116.459055,73.261176],[-116.503,73.238023],[-116.712717,73.201321],[-116.788808,73.173651],[-116.851796,73.166571],[-116.983225,73.119696],[-117.147206,73.093451],[-117.199941,73.069525],[-117.390207,73.055487],[-117.685292,72.981147],[-117.761098,72.971747],[-117.872874,72.929633],[-118.042144,72.885891],[-118.238026,72.857571],[-118.43106,72.808498],[-118.521962,72.757717],[-118.572987,72.751288],[-118.717641,72.748765],[-118.767893,72.739488],[-118.905385,72.688707],[-119.163889,72.629828],[-119.189809,72.579047],[-119.181874,72.53856],[-119.250722,72.504381],[-119.246246,72.485663],[-119.305328,72.450385],[-119.329579,72.384467],[-119.304799,72.370063],[-119.340159,72.346747],[-119.436594,72.318183],[-119.65099,72.273871],[-119.805653,72.223212],[-119.901845,72.230658],[-119.975982,72.224677],[-120.176096,72.235663],[-120.196685,72.24433],[-120.139516,72.254218],[-120.127797,72.264228],[-120.153961,72.270982],[-120.229563,72.271226],[-120.25475,72.26081],[-120.26122,72.241848],[-120.183461,72.204291],[-120.15807,72.128363],[-120.197743,72.085028],[-120.306549,72.017768],[-120.43399,71.964301],[-120.457387,71.929023],[-120.388092,71.88231],[-120.42162,71.749213],[-120.382436,71.691718],[-120.515533,71.543199],[-120.635243,71.491441],[-120.992502,71.42886],[-121.205556,71.411078],[-121.423166,71.380316],[-121.608144,71.401435],[-121.545277,71.419989],[-121.537953,71.43065],[-121.566803,71.452338],[-121.603505,71.464423],[-121.700551,71.468085],[-121.854563,71.40766],[-121.93106,71.3605],[-121.980377,71.346869],[-122.122955,71.270819],[-122.319895,71.233832],[-122.401723,71.22602],[-122.629547,71.174954],[-122.753285,71.099799],[-122.79776,71.087795],[-123.099924,71.084621],[-123.149892,71.092963],[-123.255279,71.130439],[-123.352366,71.182847],[-123.435699,71.248603],[-123.556711,71.398139],[-123.669179,71.494818],[-123.734527,71.527167],[-123.808217,71.542548],[-123.939524,71.653266],[-124.064565,71.700385],[-124.661692,71.804633],[-124.873199,71.855618],[-124.968617,71.89057],[-125.232289,71.941311],[-125.253407,71.955715],[-125.027496,71.963202],[-124.967885,71.942694],[-124.940297,71.949897],[-124.958892,71.96662],[-125.006703,71.97899],[-125.271962,71.98078],[-125.56664,71.973782],[-125.790435,71.949164],[-125.877553,71.964016],[-125.808339,71.976264],[-125.741567,72.024848],[-125.720204,72.093492],[-125.75064,72.115546],[-125.795277,72.113959],[-125.752065,72.147691],[-125.690175,72.168402],[-125.62442,72.177232],[-125.569407,72.175442],[-125.569407,72.182847],[-125.629954,72.185492],[-125.656646,72.193752],[-125.67927,72.230658],[-125.65099,72.257392],[-125.572825,72.248725],[-125.490549,72.277899],[-125.487375,72.310248],[-125.517201,72.293769],[-125.532379,72.298407],[-125.520375,72.322903],[-125.487416,72.346747],[-125.424713,72.367174],[-125.390614,72.402004],[-125.438385,72.415676],[-125.415679,72.421617],[-125.342844,72.422512],[-125.363149,72.43887],[-125.308705,72.463446],[-125.299184,72.489081],[-125.175404,72.518134],[-125.060658,72.565619],[-124.952382,72.569648],[-124.975331,72.592719],[-124.966054,72.607489],[-125.038808,72.609809],[-125.10261,72.634711],[-125.038686,72.643012],[-125.027496,72.655219],[-125.055409,72.662055],[-125.044545,72.673041],[-124.98648,72.668891],[-124.945546,72.70303],[-124.960357,72.70893],[-125.02066,72.70303],[-124.973866,72.745185],[-124.976633,72.761705],[-125.017568,72.789008],[-125.027496,72.826565],[-125.082753,72.840237],[-125.113433,72.867499],[-125.068227,72.884182],[-124.951487,72.857082],[-124.777008,72.895453],[-124.707265,72.887926],[-124.575754,72.908271],[-124.475982,72.933051],[-124.527211,72.956855],[-124.500071,72.984117],[-124.544301,72.984809],[-124.59435,72.995063],[-124.637074,73.018988],[-124.623402,73.025784],[-124.719065,73.025784],[-124.698557,73.011542],[-124.726308,73.008775],[-124.850697,73.063544],[-124.859934,73.090318],[-124.821116,73.10635],[-124.787262,73.141832],[-124.666412,73.154486],[-124.64391,73.169827],[-124.670969,73.193671],[-124.574127,73.251207],[-124.489369,73.343899],[-124.403717,73.374661],[-124.445302,73.419257],[-124.434316,73.428534],[-124.306508,73.460191],[-124.291819,73.468004],[-124.314931,73.477688],[-124.278472,73.484361],[-124.181223,73.483954],[-124.152577,73.519355],[-124.090077,73.526679],[-124.067942,73.5397],[-124.070221,73.57807],[-124.040598,73.594387],[-124.077016,73.623236],[-124.073842,73.652777],[-123.917104,73.696723],[-123.84142,73.701117],[-123.828359,73.717231],[-123.848459,73.729682],[-123.773752,73.765611],[-123.822499,73.814195],[-123.882802,73.838772],[-124.145334,73.85106],[-124.213246,73.879218],[-124.225087,73.890448],[-124.197621,73.923285],[-124.267161,73.964301],[-124.35497,73.983954],[-124.342275,73.992174],[-124.38386,74.039374],[-124.46581,74.074164],[-124.452138,74.080308],[-124.472564,74.108303],[-124.43932,74.110582],[-124.439076,74.135565],[-124.489369,74.166327],[-124.545644,74.265123],[-124.581776,74.270819],[-124.664418,74.265937],[-124.693918,74.275702],[-124.602935,74.313707],[-124.648101,74.324937],[-124.751373,74.316311],[-124.787262,74.334215],[-124.755686,74.348578],[-124.231272,74.383246],[-124.121327,74.37637],[-124.086822,74.404039],[-123.730621,74.412014],[-123.683502,74.425971],[-123.477406,74.426459],[-123.303538,74.449408],[-122.623199,74.46308],[-122.116811,74.496649],[-121.785959,74.543199],[-121.5808,74.555854],[-121.429514,74.53026],[-121.277333,74.532782],[-121.210846,74.512356],[-121.132395,74.509955],[-121.011586,74.470404],[-120.977528,74.42357],[-120.934722,74.42357],[-120.156565,74.278998],[-119.980865,74.270331],[-119.859527,74.236518],[-119.565582,74.238959],[-119.5183,74.231147],[-119.553782,74.224189],[-119.628896,74.231513],[-119.662221,74.225002],[-119.64745,74.195217],[-119.685048,74.165717],[-119.817983,74.104315],[-119.822011,74.055406],[-119.765248,74.035346],[-119.736724,74.033149],[-119.730133,74.046454],[-119.757232,74.077216],[-119.746938,74.097317],[-119.621205,74.134345],[-119.479888,74.226142],[-119.374257,74.217475],[-119.237213,74.227281],[-119.144358,74.209052],[-119.097971,74.164293],[-119.134674,74.12873],[-119.076772,74.11994],[-119.069244,74.090522],[-119.139638,74.067694],[-119.18932,73.992174],[-119.147817,73.995266],[-119.068959,74.018622],[-119.02481,74.018866],[-118.982574,74.00727],[-118.951894,74.017564],[-118.877675,74.077216],[-118.805084,74.101386],[-118.795522,74.12759],[-118.873931,74.162909],[-118.883168,74.178697],[-118.725413,74.220771],[-118.625315,74.227118],[-118.555776,74.241929],[-118.456776,74.247016],[-118.40274,74.256822],[-118.065989,74.280707],[-117.416493,74.232489],[-116.867014,74.087551],[-116.386383,73.901313],[-116.328969,73.868842],[-116.245676,73.86107],[-116.1822,73.826483],[-115.97643,73.765692],[-115.923004,73.730048],[-115.735178,73.683092],[-115.619049,73.66885],[-115.58434,73.641506],[-115.399403,73.567043],[-115.323638,73.508694]]],[[[-123.286936,48.612698],[-123.280344,48.601304],[-123.287953,48.591254],[-123.302887,48.596991],[-123.336659,48.63109],[-123.337473,48.648424],[-123.305287,48.618801],[-123.286936,48.612698]]],[[[-123.369008,48.774237],[-123.382314,48.756171],[-123.407582,48.754055],[-123.458404,48.767401],[-123.427642,48.72956],[-123.461008,48.715399],[-123.496246,48.715562],[-123.531117,48.734361],[-123.549713,48.770738],[-123.533518,48.800971],[-123.569814,48.832424],[-123.571523,48.849758],[-123.54719,48.862372],[-123.586659,48.898017],[-123.59557,48.951809],[-123.581899,48.931301],[-123.503082,48.891669],[-123.43106,48.841946],[-123.458811,48.844916],[-123.488637,48.862291],[-123.498769,48.856269],[-123.496002,48.845526],[-123.369008,48.774237]]],[[[-123.65392,49.033677],[-123.697987,49.082099],[-123.697255,49.10932],[-123.687001,49.108547],[-123.658559,49.072699],[-123.546742,48.976223],[-123.471913,48.938137],[-123.334462,48.902981],[-123.321848,48.896552],[-123.317128,48.869818],[-123.327382,48.863959],[-123.342356,48.869818],[-123.369293,48.861884],[-123.394521,48.872382],[-123.437327,48.903998],[-123.530751,48.941962],[-123.632924,49.024359],[-123.65392,49.033677]]],[[[-123.721262,49.160793],[-123.704416,49.155992],[-123.697092,49.137112],[-123.749501,49.128852],[-123.776682,49.133287],[-123.842844,49.151028],[-123.861969,49.16356],[-123.869781,49.190497],[-123.833852,49.201158],[-123.768625,49.169013],[-123.721262,49.160793]]],[[[-125.949941,49.200751],[-125.93814,49.184882],[-125.954091,49.181301],[-125.968902,49.148749],[-126.011708,49.159125],[-126.035024,49.201809],[-126.024322,49.211982],[-126.006459,49.214057],[-125.949941,49.200751]]],[[[-126.083323,49.314887],[-126.06371,49.277574],[-126.048492,49.267035],[-126.069407,49.25552],[-126.089589,49.25434],[-126.158315,49.273586],[-126.223541,49.277086],[-126.240346,49.301825],[-126.227406,49.307807],[-126.240346,49.34276],[-126.231435,49.378607],[-126.131703,49.396796],[-126.086252,49.363105],[-126.075103,49.338528],[-126.083323,49.314887]]],[[[-123.330678,49.37287],[-123.359364,49.342922],[-123.375885,49.337104],[-123.416005,49.337226],[-123.429433,49.346747],[-123.418121,49.380927],[-123.3697,49.411363],[-123.326324,49.420478],[-123.315175,49.413398],[-123.330678,49.37287]]],[[[-124.232167,49.499335],[-124.171742,49.46426],[-124.171702,49.454739],[-124.186187,49.447008],[-124.232411,49.458564],[-124.268463,49.455512],[-124.317942,49.462958],[-124.361073,49.480048],[-124.355702,49.490383],[-124.379058,49.50727],[-124.354604,49.522406],[-124.329172,49.512844],[-124.295888,49.512437],[-124.232167,49.499335]]],[[[-123.451568,49.445217],[-123.456654,49.478217],[-123.444732,49.493598],[-123.452626,49.508124],[-123.418121,49.530911],[-123.362172,49.540758],[-123.322499,49.48607],[-123.323801,49.461859],[-123.342681,49.442939],[-123.375844,49.438381],[-123.367421,49.453843],[-123.389394,49.467434],[-123.403798,49.465725],[-123.43342,49.44599],[-123.451568,49.445217]]],[[[-124.607411,49.530911],[-124.594146,49.521633],[-124.624501,49.523424],[-124.662913,49.49433],[-124.703765,49.521186],[-124.702504,49.537665],[-124.683746,49.549262],[-124.655141,49.547105],[-124.607411,49.530911]]],[[[-124.70873,49.497016],[-124.690826,49.482856],[-124.709625,49.479967],[-124.746409,49.488471],[-124.825429,49.540107],[-124.838531,49.556586],[-124.836049,49.597724],[-124.827219,49.602973],[-124.79247,49.579739],[-124.70873,49.497016]]],[[[-124.109486,49.677965],[-124.136383,49.656562],[-124.163686,49.659817],[-124.205068,49.705268],[-124.133168,49.753852],[-124.102651,49.746894],[-124.09024,49.770331],[-124.020131,49.780992],[-124.074534,49.74136],[-124.109486,49.677965]]],[[[-124.664418,49.746894],[-124.651723,49.761542],[-124.657582,49.8015],[-124.632639,49.801663],[-124.609202,49.794623],[-124.562001,49.75373],[-124.487782,49.734198],[-124.391265,49.720038],[-124.34789,49.704169],[-124.269765,49.615871],[-124.173207,49.554145],[-124.123158,49.499823],[-124.143422,49.489325],[-124.162262,49.495998],[-124.197621,49.520941],[-124.378407,49.602851],[-124.438832,49.611884],[-124.439076,49.630805],[-124.472564,49.67178],[-124.493072,49.67178],[-124.572133,49.708441],[-124.61441,49.716498],[-124.664418,49.746894]]],[[[-126.658681,49.787828],[-126.642568,49.758734],[-126.617665,49.630805],[-126.638824,49.595038],[-126.679433,49.591783],[-126.806752,49.627387],[-126.856109,49.665676],[-126.912506,49.691636],[-126.973988,49.735989],[-126.97057,49.754706],[-126.961537,49.758531],[-126.933013,49.739407],[-126.908762,49.765082],[-126.855702,49.779853],[-126.87385,49.788886],[-126.898264,49.780992],[-126.943959,49.80622],[-126.98705,49.815131],[-126.969594,49.833482],[-126.864166,49.855455],[-126.800933,49.880764],[-126.768544,49.88345],[-126.742177,49.856391],[-126.72289,49.849799],[-126.702748,49.860175],[-126.6905,49.857123],[-126.658681,49.787828]]],[[[-127.240631,50.021715],[-127.234202,50.005357],[-127.251047,49.999579],[-127.272328,49.977973],[-127.285024,49.978583],[-127.318593,49.999579],[-127.31135,50.02619],[-127.286,50.037055],[-127.263499,50.034329],[-127.240631,50.021715]]],[[[-125.027496,50.14411],[-124.979726,50.188788],[-125.006988,50.232856],[-125.000478,50.233466],[-124.929107,50.169379],[-124.91747,50.145494],[-124.925689,50.127672],[-124.890981,50.069037],[-124.963043,50.048774],[-124.976308,50.021674],[-124.98648,50.01439],[-125.005483,50.017646],[-125.007436,50.072252],[-125.059804,50.115465],[-125.027496,50.14411]]],[[[-125.198842,50.041083],[-125.226715,50.069037],[-125.212473,50.075181],[-125.32372,50.143256],[-125.348948,50.220038],[-125.336008,50.274482],[-125.290273,50.291327],[-125.263173,50.294013],[-125.247222,50.287502],[-125.235341,50.265367],[-125.171457,50.21898],[-125.164662,50.192532],[-125.191274,50.158189],[-125.18517,50.14411],[-125.225209,50.131659],[-125.227651,50.120795],[-125.178334,50.082709],[-125.163075,49.99315],[-125.186879,50.009833],[-125.198842,50.041083]]],[[[-124.890981,50.192532],[-124.925933,50.199856],[-124.965159,50.249213],[-124.964263,50.262112],[-124.936838,50.27619],[-124.917063,50.303453],[-124.815745,50.27383],[-124.822011,50.246527],[-124.815663,50.211575],[-124.765859,50.189154],[-124.753774,50.16828],[-124.786244,50.139228],[-124.832346,50.117377],[-124.852284,50.133287],[-124.869374,50.166327],[-124.828928,50.185045],[-124.840443,50.19831],[-124.890981,50.192532]]],[[[-124.802642,50.228583],[-124.812245,50.239814],[-124.786488,50.277289],[-124.748525,50.303941],[-124.725087,50.304511],[-124.689809,50.290676],[-124.661448,50.262844],[-124.650746,50.224433],[-124.66454,50.19123],[-124.693837,50.171047],[-124.725819,50.163235],[-124.742828,50.204169],[-124.705393,50.274115],[-124.723297,50.292873],[-124.726796,50.266303],[-124.756663,50.219387],[-124.767974,50.21426],[-124.802642,50.228583]]],[[[-125.336008,50.301744],[-125.382192,50.296291],[-125.398061,50.307847],[-125.404205,50.33218],[-125.394358,50.349514],[-125.329172,50.342719],[-125.31371,50.349677],[-125.314849,50.397366],[-125.287953,50.437405],[-125.216176,50.409084],[-125.198842,50.391099],[-125.171498,50.391099],[-125.152496,50.34455],[-125.077138,50.262193],[-125.047963,50.205552],[-125.055247,50.194525],[-125.065338,50.19359],[-125.082753,50.205552],[-125.106068,50.145209],[-125.142201,50.1258],[-125.154408,50.133857],[-125.132069,50.190985],[-125.136098,50.232367],[-125.166982,50.24726],[-125.212473,50.322252],[-125.245839,50.314358],[-125.277008,50.326646],[-125.312611,50.31981],[-125.336008,50.301744]]],[[[-125.502268,50.413804],[-125.503245,50.404934],[-125.635813,50.382514],[-125.743479,50.377346],[-125.780832,50.385728],[-125.783355,50.397406],[-125.734934,50.410712],[-125.687652,50.410346],[-125.593007,50.437893],[-125.546864,50.443427],[-125.523427,50.441718],[-125.506663,50.430813],[-125.502268,50.413804]]],[[[-125.367991,50.461127],[-125.339589,50.452541],[-125.32787,50.433743],[-125.346344,50.402289],[-125.382069,50.3935],[-125.37857,50.375556],[-125.392405,50.367418],[-125.447743,50.353705],[-125.486562,50.357652],[-125.544789,50.377834],[-125.499501,50.401068],[-125.491038,50.421942],[-125.478017,50.429511],[-125.367991,50.461127]]],[[[-125.749135,50.42182],[-125.823638,50.40884],[-125.948638,50.424994],[-125.965443,50.438218],[-125.88858,50.461249],[-125.805816,50.475043],[-125.770009,50.459174],[-125.743235,50.436672],[-125.739166,50.428616],[-125.749135,50.42182]]],[[[-126.537709,50.583808],[-126.518442,50.575694],[-126.530178,50.565207],[-126.614898,50.55268],[-126.650299,50.558743],[-126.657948,50.56391],[-126.648346,50.569892],[-126.653676,50.578599],[-126.670888,50.589586],[-126.586903,50.594875],[-126.537709,50.583808]]],[[[-126.336537,50.603461],[-126.288075,50.603461],[-126.244862,50.571519],[-126.226674,50.569281],[-126.234853,50.557074],[-126.268219,50.554999],[-126.305491,50.534573],[-126.412709,50.527411],[-126.44815,50.519232],[-126.624501,50.534573],[-126.584137,50.548082],[-126.367584,50.582953],[-126.336537,50.603461]]],[[[-126.403798,50.629828],[-126.363515,50.618842],[-126.37442,50.604967],[-126.425649,50.588568],[-126.500111,50.578925],[-126.558502,50.603176],[-126.547597,50.613715],[-126.471262,50.628241],[-126.403798,50.629828]]],[[[-126.859283,50.645738],[-126.839711,50.633734],[-126.838043,50.621894],[-126.853749,50.628852],[-126.897125,50.620998],[-127.003245,50.626451],[-127.037465,50.640082],[-127.122141,50.62995],[-127.15038,50.63996],[-127.141469,50.654771],[-127.107493,50.671088],[-127.037099,50.662502],[-126.934641,50.660305],[-126.894765,50.66592],[-126.859283,50.645738]]],[[[-126.617665,50.672309],[-126.590199,50.679348],[-126.587717,50.701077],[-126.549957,50.732896],[-126.527008,50.74372],[-126.507802,50.739936],[-126.428293,50.794501],[-126.397939,50.808254],[-126.323476,50.815741],[-126.289459,50.828559],[-126.272288,50.830024],[-126.244211,50.816311],[-126.21345,50.771552],[-126.178863,50.7508],[-126.185902,50.741604],[-126.2447,50.717434],[-126.268219,50.685289],[-126.264394,50.664618],[-126.288075,50.654608],[-126.350209,50.651842],[-126.434641,50.669135],[-126.460072,50.664862],[-126.448964,50.650458],[-126.470286,50.644436],[-126.521474,50.658026],[-126.603424,50.654853],[-126.617665,50.672309]]],[[[-126.782135,50.774726],[-126.854848,50.786038],[-126.9051,50.821926],[-126.9051,50.829332],[-126.826283,50.836168],[-126.793446,50.807318],[-126.784332,50.832343],[-126.77066,50.83633],[-126.682444,50.834377],[-126.640981,50.849799],[-126.562408,50.802069],[-126.603424,50.808254],[-126.7412,50.774726],[-126.768544,50.788398],[-126.782135,50.774726]]],[[[-123.321197,48.495836],[-123.28718,48.468329],[-123.280629,48.448391],[-123.287099,48.42414],[-123.30248,48.414293],[-123.357045,48.40058],[-123.437327,48.444648],[-123.453359,48.43358],[-123.480214,48.39232],[-123.511098,48.38052],[-123.519846,48.355292],[-123.554596,48.327948],[-123.550608,48.313056],[-123.572174,48.306098],[-123.595286,48.310045],[-123.59557,48.327948],[-123.65392,48.314276],[-123.733754,48.350775],[-123.780629,48.36286],[-123.890777,48.366889],[-124.1315,48.433498],[-124.38915,48.517971],[-124.437896,48.525539],[-124.429677,48.53852],[-124.390696,48.560736],[-124.401438,48.565253],[-124.445302,48.568183],[-124.485666,48.540229],[-124.665395,48.573228],[-124.769358,48.615058],[-124.816233,48.647121],[-125.093984,48.730048],[-125.18517,48.800971],[-125.171132,48.815904],[-125.110015,48.841946],[-125.07844,48.876166],[-125.011464,48.891995],[-125.013661,48.928127],[-124.98412,48.956],[-124.918284,48.972235],[-124.88268,48.990546],[-124.846995,49.020453],[-124.819447,49.05801],[-124.80842,49.099189],[-124.779408,49.152045],[-124.798818,49.188788],[-124.80842,49.246568],[-124.828928,49.225491],[-124.822011,49.181383],[-124.828033,49.119859],[-124.869862,49.074652],[-124.88801,49.013983],[-124.907704,49.006415],[-124.967641,48.987942],[-125.04483,48.992743],[-125.085846,48.979071],[-125.146881,48.998521],[-125.171498,48.992743],[-125.221262,48.954779],[-125.240387,48.955471],[-125.336008,48.972235],[-125.30248,49.003119],[-125.260854,49.020697],[-125.260854,49.027533],[-125.308705,49.027533],[-125.333404,49.041815],[-125.342844,49.041164],[-125.353871,49.027248],[-125.366282,48.987372],[-125.400502,48.972602],[-125.469472,48.91767],[-125.498362,48.920478],[-125.573069,48.955797],[-125.606557,48.961859],[-125.672353,49.017808],[-125.735829,49.053046],[-125.836252,49.069037],[-125.871693,49.090155],[-125.861562,49.110012],[-125.815785,49.123033],[-125.784779,49.104926],[-125.767568,49.103461],[-125.701283,49.134711],[-125.69225,49.133368],[-125.683583,49.148424],[-125.64566,49.164008],[-125.612945,49.206366],[-125.610341,49.225491],[-125.698598,49.181098],[-125.746693,49.148139],[-125.755116,49.168891],[-125.753733,49.222357],[-125.740549,49.267401],[-125.777333,49.247707],[-125.802113,49.253404],[-125.801991,49.300198],[-125.77477,49.370103],[-125.806304,49.343451],[-125.843739,49.267035],[-125.877268,49.280097],[-125.901194,49.274482],[-125.956044,49.232896],[-125.994374,49.242336],[-126.028066,49.273871],[-126.008901,49.292304],[-125.950917,49.320258],[-125.898997,49.422187],[-125.911977,49.438381],[-125.921783,49.419827],[-125.958485,49.393297],[-125.979237,49.341783],[-126.014394,49.322333],[-126.059071,49.345893],[-126.076487,49.383734],[-126.058176,49.411933],[-126.055084,49.445299],[-126.17398,49.415351],[-126.185699,49.404242],[-126.227122,49.412787],[-126.24352,49.446275],[-126.254791,49.450507],[-126.268219,49.445217],[-126.258778,49.431464],[-126.261301,49.400336],[-126.288075,49.362698],[-126.405019,49.421373],[-126.391184,49.430894],[-126.432118,49.472561],[-126.465321,49.46015],[-126.487375,49.438381],[-126.463938,49.405585],[-126.464345,49.395657],[-126.487375,49.383734],[-126.527821,49.378852],[-126.572662,49.414293],[-126.556264,49.527167],[-126.576772,49.548245],[-126.565094,49.583564],[-126.548818,49.596015],[-126.499094,49.610582],[-126.452545,49.636298],[-126.336537,49.630805],[-126.21817,49.645697],[-126.185699,49.657457],[-126.137929,49.650051],[-126.089508,49.660875],[-126.107493,49.683295],[-126.194976,49.681383],[-126.296783,49.660834],[-126.324371,49.648261],[-126.453236,49.674302],[-126.487375,49.695054],[-126.4794,49.711819],[-126.411204,49.778225],[-126.467356,49.792304],[-126.472279,49.749701],[-126.49356,49.71894],[-126.516713,49.708401],[-126.57311,49.706936],[-126.593495,49.715806],[-126.605214,49.732123],[-126.637278,49.817125],[-126.649729,49.898017],[-126.705881,49.877183],[-126.726389,49.882392],[-126.767201,49.912421],[-126.782948,49.94245],[-126.843617,49.973456],[-126.8426,49.960639],[-126.810862,49.943345],[-126.802642,49.928127],[-126.839467,49.88817],[-126.871653,49.882473],[-126.891591,49.891018],[-126.919342,49.973456],[-126.936147,49.866645],[-127.121938,49.857733],[-127.141916,49.866645],[-127.237538,49.961819],[-127.199859,50.007514],[-127.183583,50.013251],[-127.186269,50.034247],[-127.164296,50.071234],[-127.147532,50.084418],[-127.106109,50.095526],[-127.088735,50.110745],[-127.083119,50.130764],[-127.096913,50.150946],[-127.11734,50.117377],[-127.14745,50.110541],[-127.163889,50.097357],[-127.189687,50.095649],[-127.215443,50.099433],[-127.285268,50.150946],[-127.292063,50.144273],[-127.275624,50.092922],[-127.283315,50.062445],[-127.316558,50.041083],[-127.362538,50.032538],[-127.405344,50.041083],[-127.440541,50.060614],[-127.467437,50.089504],[-127.469472,50.107856],[-127.419016,50.130439],[-127.487904,50.130439],[-127.426422,50.17886],[-127.46345,50.186957],[-127.552805,50.130439],[-127.614166,50.118801],[-127.631256,50.130439],[-127.63561,50.145413],[-127.610829,50.185045],[-127.649892,50.178046],[-127.68871,50.160142],[-127.774159,50.091946],[-127.796376,50.082709],[-127.826527,50.103176],[-127.87564,50.106024],[-127.898101,50.114081],[-127.906239,50.130439],[-127.89684,50.142971],[-127.840443,50.175442],[-127.775299,50.232856],[-127.746978,50.243232],[-127.755116,50.259467],[-127.804311,50.252875],[-127.850982,50.281236],[-127.840932,50.291734],[-127.802602,50.301744],[-127.808909,50.321763],[-127.842681,50.318752],[-127.878,50.342719],[-127.918691,50.322252],[-127.968088,50.342231],[-127.978831,50.357001],[-127.964263,50.363837],[-127.942128,50.414374],[-127.926137,50.425279],[-127.925771,50.462104],[-127.915517,50.466254],[-127.864125,50.45954],[-127.857818,50.4737],[-127.824371,50.466376],[-127.744537,50.486762],[-127.591176,50.485745],[-127.552398,50.464097],[-127.475494,50.383734],[-127.446929,50.376899],[-127.507883,50.465969],[-127.557851,50.492987],[-127.562489,50.521064],[-127.549631,50.543891],[-127.522613,50.541978],[-127.500478,50.567206],[-127.423695,50.581244],[-127.419016,50.603461],[-127.51179,50.589057],[-127.545806,50.570217],[-127.614573,50.603461],[-127.819895,50.611151],[-127.877675,50.630113],[-127.843332,50.603909],[-127.799469,50.589179],[-127.686513,50.589179],[-127.634836,50.579657],[-127.593739,50.558743],[-127.5926,50.543606],[-127.614858,50.536607],[-127.662668,50.534573],[-127.837392,50.49018],[-127.845937,50.506252],[-127.865875,50.504381],[-127.906239,50.486762],[-127.95051,50.477281],[-127.996978,50.474026],[-128.050038,50.495795],[-128.063873,50.479315],[-128.051991,50.476996],[-128.041737,50.459947],[-128.06017,50.452582],[-128.104319,50.47663],[-128.145253,50.486762],[-128.173166,50.514065],[-128.218007,50.530219],[-128.248199,50.596625],[-128.289215,50.610256],[-128.319814,50.609809],[-128.338694,50.647162],[-128.284332,50.662095],[-128.27774,50.669135],[-128.296702,50.672309],[-128.341054,50.664862],[-128.373443,50.682318],[-128.417226,50.771877],[-128.406809,50.780504],[-128.368316,50.788398],[-128.348215,50.805121],[-128.303456,50.802069],[-128.186757,50.845038],[-128.152659,50.836168],[-128.09789,50.86579],[-128.076975,50.870307],[-128.01769,50.862209],[-127.918365,50.870795],[-127.882476,50.866889],[-127.518056,50.779771],[-127.495595,50.762356],[-127.487904,50.747382],[-127.494496,50.731269],[-127.473622,50.698961],[-127.429026,50.751899],[-127.405344,50.747382],[-127.421295,50.728949],[-127.403635,50.70775],[-127.350087,50.678534],[-127.263254,50.655911],[-127.198557,50.621283],[-127.126454,50.620022],[-127.111155,50.617092],[-127.096913,50.596625],[-126.986887,50.587795],[-126.973988,50.582953],[-126.994496,50.569281],[-126.977162,50.562974],[-126.857289,50.559149],[-126.850453,50.551581],[-126.864247,50.530097],[-126.844472,50.530341],[-126.829335,50.548163],[-126.765533,50.54442],[-126.6315,50.507148],[-126.595326,50.480211],[-126.569325,50.479315],[-126.555653,50.500963],[-126.459828,50.47484],[-126.36441,50.486762],[-126.271637,50.466254],[-126.193105,50.469713],[-126.117258,50.45539],[-126.023549,50.425605],[-125.957509,50.395006],[-125.837514,50.387274],[-125.789133,50.376899],[-125.740346,50.356391],[-125.589223,50.370673],[-125.524403,50.347073],[-125.476715,50.339016],[-125.436187,50.313625],[-125.424713,50.294908],[-125.4322,50.287502],[-125.388051,50.198554],[-125.349599,50.14411],[-125.369537,50.138577],[-125.301869,50.106594],[-125.259145,50.064643],[-125.260854,50.048529],[-125.223012,50.017768],[-125.215891,49.983059],[-125.178334,49.924994],[-124.882069,49.724921],[-124.869862,49.695054],[-124.875844,49.677436],[-124.890981,49.672065],[-124.973256,49.684963],[-124.976226,49.668036],[-124.918284,49.630805],[-124.838043,49.517279],[-124.80842,49.506659],[-124.794749,49.472561],[-124.772572,49.461493],[-124.723622,49.465074],[-124.657582,49.438381],[-124.637074,49.411078],[-124.596018,49.391181],[-124.545074,49.377183],[-124.359975,49.356635],[-124.319569,49.334906],[-124.208485,49.308051],[-124.174672,49.314887],[-124.159169,49.310452],[-124.109486,49.280097],[-124.163075,49.271674],[-124.178375,49.26024],[-124.164866,49.254869],[-124.122874,49.26024],[-124.07136,49.246568],[-123.977691,49.240953],[-123.954945,49.229193],[-123.946278,49.208441],[-123.964182,49.20307],[-123.930776,49.143541],[-123.917104,49.134914],[-123.828359,49.12995],[-123.813385,49.118598],[-123.787343,49.069037],[-123.756907,49.042141],[-123.751373,49.027981],[-123.773752,49.020697],[-123.760894,48.995836],[-123.764882,48.987535],[-123.779897,48.985907],[-123.816029,49.012681],[-123.835113,49.006415],[-123.835113,49.00019],[-123.787343,48.965399],[-123.739735,48.942857],[-123.579945,48.821601],[-123.602284,48.797309],[-123.568267,48.794135],[-123.572987,48.746243],[-123.617584,48.763251],[-123.650787,48.759955],[-123.650787,48.753119],[-123.560862,48.712144],[-123.526682,48.678046],[-123.540924,48.636461],[-123.516957,48.610826],[-123.513661,48.595445],[-123.540924,48.554511],[-123.535471,48.540107],[-123.472035,48.575019],[-123.478871,48.636461],[-123.437327,48.650092],[-123.471791,48.672431],[-123.472035,48.684882],[-123.446034,48.692084],[-123.416819,48.691107],[-123.399241,48.681545],[-123.390045,48.620429],[-123.355336,48.560736],[-123.345774,48.523383],[-123.321197,48.495836]]],[[[-127.84557,50.922919],[-127.840199,50.903266],[-127.874989,50.890367],[-127.923329,50.896674],[-127.937164,50.904853],[-127.981028,50.90705],[-127.983022,50.916734],[-127.940012,50.924872],[-127.915395,50.939643],[-127.860585,50.935736],[-127.84557,50.922919]]],[[[-127.545318,51.089789],[-127.526926,51.083726],[-127.526519,51.06623],[-127.541982,51.052151],[-127.591176,51.051907],[-127.611684,51.0751],[-127.545318,51.089789]]],[[[-131.681264,52.842108],[-131.653635,52.837714],[-131.655181,52.830512],[-131.74352,52.811347],[-131.807973,52.814887],[-131.831939,52.826158],[-131.837636,52.840969],[-131.759429,52.857123],[-131.735829,52.853664],[-131.73054,52.844631],[-131.743479,52.840155],[-131.681264,52.842108]]],[[[-132.229644,52.995185],[-132.201894,52.984442],[-132.215688,52.975043],[-132.30309,52.966702],[-132.324086,52.968695],[-132.382558,53.004096],[-132.364735,53.00731],[-132.229644,52.995185]]],[[[-132.978505,54.245998],[-132.966054,54.234198],[-132.978098,54.196926],[-133.000478,54.19009],[-133.012685,54.194485],[-133.020823,54.214911],[-133.077219,54.223863],[-133.081776,54.231757],[-133.061391,54.256252],[-133.005686,54.255113],[-132.978505,54.245998]]],[[[-64.477447,60.33393],[-64.426666,60.2862],[-64.620025,60.355048],[-64.703359,60.361274],[-64.750315,60.373847],[-64.824371,60.415473],[-64.854115,60.440416],[-64.861562,60.465522],[-64.826894,60.485419],[-64.726959,60.477973],[-64.682607,60.48017],[-64.641347,60.492255],[-64.60143,60.468817],[-64.607167,60.457465],[-64.569651,60.457953],[-64.560414,60.449408],[-64.566274,60.430813],[-64.539418,60.426011],[-64.529368,60.414211],[-64.531484,60.375556],[-64.487416,60.402167],[-64.422475,60.39761],[-64.435902,60.368109],[-64.463246,60.355048],[-64.477447,60.33393]]],[[[-67.880798,60.496805],[-67.840326,60.489519],[-67.826494,60.465663],[-67.847044,60.416408],[-67.887619,60.379092],[-67.908525,60.37686],[-67.960126,60.33256],[-67.955846,60.302117],[-67.972847,60.290296],[-68.004693,60.295975],[-68.061237,60.294123],[-68.11087,60.268521],[-68.172645,60.257513],[-68.181259,60.238877],[-68.204554,60.226395],[-68.283903,60.217285],[-68.320967,60.197129],[-68.375028,60.196568],[-68.419382,60.209676],[-68.439034,60.259333],[-68.416585,60.30753],[-68.241306,60.585606],[-68.130557,60.596545],[-68.028117,60.582671],[-67.999131,60.585889],[-67.946554,60.530584],[-67.880798,60.496805]]],[[[-64.61026,60.690172],[-64.593984,60.683661],[-64.59732,60.650214],[-64.625559,60.614569],[-64.689768,60.587836],[-64.713531,60.597642],[-64.716461,60.604926],[-64.692128,60.615465],[-64.61026,60.690172]]],[[[-78.243723,60.834866],[-78.223256,60.834866],[-78.223256,60.813137],[-78.340566,60.772773],[-78.295155,60.779853],[-78.278472,60.779608],[-78.278472,60.772773],[-78.336293,60.758694],[-78.504384,60.738674],[-78.588531,60.714301],[-78.696116,60.714097],[-78.627919,60.752346],[-78.616078,60.776435],[-78.251129,60.827379],[-78.243723,60.834866]]],[[[-64.840566,61.351549],[-64.851186,61.333726],[-64.875111,61.330715],[-64.90038,61.340644],[-64.915028,61.361802],[-64.955434,61.347602],[-64.975413,61.349351],[-64.977162,61.379096],[-64.922475,61.402777],[-64.972035,61.416449],[-65.075795,61.418606],[-65.121083,61.436957],[-65.121083,61.444322],[-65.099355,61.443915],[-65.086985,61.457994],[-65.160797,61.45897],[-65.179514,61.468573],[-65.193105,61.502387],[-65.26301,61.509345],[-65.29308,61.533759],[-65.354482,61.539984],[-65.376291,61.548245],[-65.485829,61.599311],[-65.484242,61.622504],[-65.470611,61.644355],[-65.429189,61.662258],[-65.04662,61.697659],[-64.975697,61.680487],[-64.71703,61.663479],[-64.792144,61.622504],[-64.777984,61.618476],[-64.723256,61.636135],[-64.737538,61.615668],[-64.684153,61.618476],[-64.649973,61.604722],[-64.723378,61.550482],[-64.720123,61.539984],[-64.682281,61.533759],[-64.71703,61.513251],[-64.675038,61.508002],[-64.67927,61.495266],[-64.696604,61.457994],[-64.721181,61.438625],[-64.782623,61.42414],[-64.799631,61.410224],[-64.78661,61.395331],[-64.840566,61.351549]]],[[[-65.703277,61.793158],[-65.676015,61.759711],[-65.691518,61.750393],[-65.721181,61.757554],[-65.772206,61.787014],[-65.786488,61.764635],[-65.813547,61.759711],[-65.899973,61.772895],[-65.946401,61.801093],[-65.791493,61.872504],[-65.752349,61.855862],[-65.793324,61.845038],[-65.784535,61.831122],[-65.776519,61.828192],[-65.737782,61.84748],[-65.723297,61.844306],[-65.703277,61.793158]]],[[[-93.025461,61.916693],[-93.032216,61.903022],[-92.963979,61.88939],[-93.020131,61.844672],[-93.058909,61.829901],[-93.087514,61.835395],[-93.148305,61.883205],[-93.195383,61.877183],[-93.216054,61.881659],[-93.22468,61.90644],[-93.215484,61.919867],[-93.194203,61.924791],[-93.104075,61.922268],[-93.066396,61.937812],[-93.025461,61.916693]]],[[[-65.2412,61.920396],[-65.207834,61.925523],[-65.187571,61.950263],[-65.113189,61.944037],[-65.066518,61.930365],[-65.029937,61.887926],[-65.01887,61.856147],[-64.977773,61.896877],[-64.960357,61.884182],[-64.950103,61.821112],[-64.91808,61.833157],[-64.891957,61.832831],[-64.82787,61.761176],[-64.874338,61.734361],[-64.929921,61.727118],[-64.957265,61.732367],[-65.037831,61.768256],[-65.147328,61.783922],[-65.169545,61.814927],[-65.204335,61.82099],[-65.222035,61.83454],[-65.255198,61.890855],[-65.2412,61.920396]]],[[[-92.271881,62.407375],[-92.241444,62.398627],[-92.14151,62.403957],[-92.14151,62.39647],[-92.161448,62.39647],[-92.2412,62.358954],[-92.262847,62.365465],[-92.325917,62.357245],[-92.353871,62.362372],[-92.319325,62.382758],[-92.278717,62.390326],[-92.299713,62.404242],[-92.374908,62.390326],[-92.349843,62.412543],[-92.323476,62.419664],[-92.271881,62.407375]]],[[[-79.28246,62.269924],[-79.263824,62.235541],[-79.269521,62.145209],[-79.327748,62.070461],[-79.325999,61.98843],[-79.367502,62.004462],[-79.386383,62.002183],[-79.40274,61.958075],[-79.440785,61.927191],[-79.456532,61.896877],[-79.5183,61.84809],[-79.563307,61.742397],[-79.616444,61.704413],[-79.638987,61.660549],[-79.688791,61.625881],[-79.724436,61.61225],[-79.75886,61.58218],[-79.833811,61.573065],[-79.8544,61.58218],[-79.861887,61.601386],[-79.88915,61.615668],[-79.950022,61.683295],[-80.00618,61.711274],[-80.040872,61.717282],[-80.059885,61.746039],[-80.137955,61.76948],[-80.180398,61.774257],[-80.216217,61.800849],[-80.218861,61.821247],[-80.241311,61.831497],[-80.261091,61.856298],[-80.259104,61.88939],[-80.285553,61.930365],[-80.262525,61.981057],[-80.251541,62.051196],[-80.218592,62.091246],[-80.214973,62.137658],[-80.158275,62.19936],[-80.074586,62.246196],[-79.98923,62.30844],[-79.976557,62.341254],[-79.934565,62.37805],[-79.8308,62.410793],[-79.790517,62.395941],[-79.757924,62.404853],[-79.723988,62.402899],[-79.711049,62.39647],[-79.722646,62.384752],[-79.703603,62.376654],[-79.611073,62.417629],[-79.539703,62.417629],[-79.504994,62.39647],[-79.454661,62.388373],[-79.419301,62.341864],[-79.368398,62.321438],[-79.340443,62.286607],[-79.28246,62.269924]]],[[[-92.57665,62.403957],[-92.52892,62.43301],[-92.492828,62.417141],[-92.402211,62.410793],[-92.420033,62.396918],[-92.538808,62.38288],[-92.591054,62.391832],[-92.599233,62.400092],[-92.57665,62.403957]]],[[[-64.380605,62.527493],[-64.381256,62.513821],[-64.360178,62.499579],[-64.484283,62.485826],[-64.484283,62.47842],[-64.463002,62.472805],[-64.394928,62.464789],[-64.44518,62.436998],[-64.497629,62.448554],[-64.500396,62.439195],[-64.470041,62.417629],[-64.594146,62.369818],[-64.695872,62.388129],[-64.780914,62.393012],[-64.922963,62.419501],[-64.952138,62.43537],[-64.942983,62.459174],[-64.96349,62.464789],[-64.93224,62.489325],[-64.886342,62.496649],[-64.792144,62.492743],[-64.867828,62.527493],[-64.841664,62.556057],[-64.80134,62.568508],[-64.7565,62.567084],[-64.71703,62.554145],[-64.686025,62.533677],[-64.648427,62.547309],[-64.552561,62.541083],[-64.552235,62.559719],[-64.526235,62.561225],[-64.463246,62.547309],[-64.466664,62.526679],[-64.404408,62.535956],[-64.380605,62.527493]]],[[[-77.853912,62.588324],[-77.836334,62.562323],[-77.860585,62.550482],[-77.932444,62.547309],[-78.087026,62.560981],[-78.113352,62.574652],[-78.108713,62.584052],[-78.090443,62.588324],[-77.886952,62.599189],[-77.853912,62.588324]]],[[[-77.722971,62.588324],[-77.620513,62.588324],[-77.665639,62.561347],[-77.692942,62.567694],[-77.744049,62.541083],[-77.784739,62.542304],[-77.812367,62.557563],[-77.833485,62.602607],[-77.806142,62.595771],[-77.764556,62.602607],[-77.722971,62.588324]]],[[[-64.966908,62.533677],[-65.11441,62.538479],[-65.141591,62.554145],[-65.083079,62.559394],[-65.037831,62.589748],[-64.994781,62.603705],[-64.91454,62.60692],[-64.840566,62.582099],[-64.884145,62.556627],[-64.932485,62.554511],[-64.966908,62.533677]]],[[[-91.592885,62.650946],[-91.575103,62.624416],[-91.669667,62.654242],[-91.689076,62.670844],[-91.592885,62.650946]]],[[[-91.134145,62.684516],[-91.04483,62.682563],[-90.983998,62.664008],[-90.993153,62.65884],[-91.004465,62.664008],[-91.147817,62.664008],[-91.201568,62.676418],[-91.270985,62.68008],[-91.271352,62.691962],[-91.246571,62.699897],[-91.134145,62.684516]]],[[[-74.016225,62.670844],[-73.964711,62.609442],[-74.118642,62.602607],[-74.3756,62.634467],[-74.444163,62.662055],[-74.532094,62.668891],[-74.653066,62.719306],[-74.632436,62.729438],[-74.56428,62.739081],[-74.530141,62.753363],[-74.48176,62.745917],[-74.44815,62.725491],[-74.413442,62.725491],[-74.3756,62.684516],[-74.15274,62.691962],[-74.106028,62.680406],[-74.016225,62.670844]]],[[[-70.24059,62.615627],[-70.199472,62.610137],[-70.17705,62.589988],[-70.194048,62.567536],[-70.230833,62.550923],[-70.361982,62.526865],[-70.562367,62.541083],[-70.644643,62.568427],[-70.68224,62.547309],[-70.727895,62.553412],[-70.740549,62.557563],[-70.725416,62.569026],[-70.733388,62.595771],[-70.790678,62.602832],[-70.82045,62.626613],[-70.817082,62.673246],[-70.866526,62.720038],[-70.92516,62.745917],[-70.890248,62.754625],[-70.856923,62.745917],[-70.850087,62.753363],[-70.792714,62.744208],[-70.778066,62.749661],[-70.773997,62.771308],[-70.802317,62.780097],[-70.907338,62.774848],[-70.959625,62.803168],[-70.996978,62.811713],[-71.034657,62.8133],[-71.072499,62.800198],[-71.157297,62.803453],[-71.179677,62.814846],[-71.147369,62.825629],[-71.068674,62.820258],[-71.035064,62.829169],[-71.142812,62.838935],[-71.197418,62.850246],[-71.23705,62.873196],[-71.235951,62.88642],[-71.20816,62.888739],[-70.788645,62.841539],[-70.611086,62.797949],[-70.555776,62.777763],[-70.492493,62.766957],[-70.473622,62.750393],[-70.413075,62.731513],[-70.397572,62.719306],[-70.425526,62.719306],[-70.425526,62.71247],[-70.384877,62.695502],[-70.32666,62.686512],[-70.373302,62.666557],[-70.299459,62.663885],[-70.274964,62.657365],[-70.24059,62.615627]]],[[[-82.191314,62.986151],[-82.109609,62.968492],[-81.93456,62.954983],[-81.897288,62.944892],[-81.862375,62.92475],[-81.898264,62.896552],[-81.90331,62.85578],[-81.941558,62.844672],[-81.951731,62.835354],[-81.935292,62.826972],[-81.93928,62.817288],[-81.964752,62.801215],[-81.923736,62.745917],[-81.939809,62.711615],[-81.956939,62.697659],[-82.077138,62.651801],[-82.136708,62.615627],[-82.295969,62.58515],[-82.313954,62.571519],[-82.344553,62.564439],[-82.393381,62.530585],[-82.424672,62.472235],[-82.62267,62.39647],[-82.746693,62.310533],[-83.066151,62.187161],[-83.134592,62.176581],[-83.198964,62.22956],[-83.280629,62.252509],[-83.417795,62.239447],[-83.673004,62.145087],[-83.70519,62.1435],[-83.71939,62.160631],[-83.713246,62.239447],[-83.724843,62.285631],[-83.751454,62.310045],[-83.910024,62.39525],[-83.939809,62.423814],[-83.939117,62.459174],[-83.906972,62.4914],[-83.713246,62.568427],[-83.669097,62.607896],[-83.654612,62.636664],[-83.5655,62.682278],[-83.548166,62.722357],[-83.558949,62.750718],[-83.534495,62.80801],[-83.519846,62.826361],[-83.418691,62.892279],[-83.287424,62.931545],[-83.272613,62.919989],[-83.208811,62.908515],[-83.118886,62.847235],[-83.060414,62.841986],[-83.000966,62.852362],[-82.739369,62.938381],[-82.695465,62.945217],[-82.605946,62.946031],[-82.420481,62.927965],[-82.376291,62.938381],[-82.376291,62.965644],[-82.327138,62.971381],[-82.257192,62.995551],[-82.191314,62.986151]]],[[[-90.620229,63.47956],[-90.599762,63.466539],[-90.615549,63.449123],[-90.642934,63.443183],[-90.702219,63.444892],[-90.734527,63.465237],[-90.756825,63.500067],[-90.651112,63.490302],[-90.620229,63.47956]]],[[[-77.537994,63.287787],[-77.495961,63.276068],[-77.567494,63.207221],[-77.559682,63.18476],[-77.644839,63.14317],[-77.758786,63.110358],[-77.889508,63.088737],[-77.940764,63.087149],[-78.045725,63.130113],[-78.044342,63.144232],[-78.11026,63.1612],[-78.14977,63.189114],[-78.208567,63.21015],[-78.3155,63.281928],[-78.456654,63.356676],[-78.509185,63.374986],[-78.531728,63.390204],[-78.511237,63.410694],[-78.53305,63.418288],[-78.524749,63.431986],[-78.544272,63.449184],[-78.484813,63.511106],[-78.440545,63.519387],[-78.379811,63.455133],[-78.278296,63.482291],[-78.18635,63.493232],[-78.079823,63.472805],[-78.048818,63.485826],[-77.990834,63.47956],[-77.895619,63.480048],[-77.844309,63.47248],[-77.819203,63.452338],[-77.847076,63.438666],[-77.826405,63.432074],[-77.758046,63.424384],[-77.682607,63.438666],[-77.688832,63.418158],[-77.659576,63.41592],[-77.634185,63.403876],[-77.654652,63.39765],[-77.627349,63.390204],[-77.641713,63.375922],[-77.628326,63.355211],[-77.55602,63.318264],[-77.537994,63.287787]]],[[[-90.674875,63.521186],[-90.688588,63.510403],[-90.743479,63.513739],[-90.811757,63.500067],[-90.850575,63.506903],[-90.969716,63.548529],[-90.969716,63.554755],[-90.763661,63.527411],[-90.79776,63.548529],[-90.761301,63.553941],[-90.723297,63.548529],[-90.674875,63.521186]]],[[[-91.463124,63.616767],[-91.359486,63.592719],[-91.298655,63.567776],[-91.414703,63.567776],[-91.401112,63.554755],[-91.453359,63.55858],[-91.482086,63.592434],[-91.539133,63.607001],[-91.538889,63.616767],[-91.525868,63.619615],[-91.463124,63.616767]]],[[[-64.086415,63.335028],[-64.099192,63.321845],[-64.059722,63.274807],[-64.09317,63.28026],[-64.159576,63.320217],[-64.182607,63.321357],[-64.168853,63.308539],[-64.18578,63.301459],[-64.25886,63.327216],[-64.329091,63.387763],[-64.351552,63.394721],[-64.363881,63.42772],[-64.40095,63.465074],[-64.422231,63.472805],[-64.388051,63.485826],[-64.408559,63.493232],[-64.417795,63.531562],[-64.463775,63.56269],[-64.497914,63.616767],[-64.464955,63.64704],[-64.40803,63.65526],[-64.394399,63.663275],[-64.394928,63.677639],[-64.354888,63.66885],[-64.326039,63.64411],[-64.316029,63.573676],[-64.28189,63.516303],[-64.283762,63.49901],[-64.305531,63.485826],[-64.273549,63.470893],[-64.251576,63.444892],[-64.292551,63.438666],[-64.251576,63.424384],[-64.216786,63.390204],[-64.188832,63.39765],[-64.169057,63.362942],[-64.086415,63.335028]]],[[[-76.688873,63.485826],[-76.658355,63.47724],[-76.58019,63.475531],[-76.544911,63.466539],[-76.629465,63.429633],[-76.654775,63.438666],[-76.638783,63.419501],[-76.652455,63.399726],[-76.701975,63.369696],[-76.850168,63.390204],[-76.866444,63.39765],[-76.866078,63.408149],[-76.890004,63.411933],[-76.982086,63.407294],[-77.038319,63.43122],[-77.161855,63.507514],[-77.194692,63.509467],[-77.243764,63.527411],[-77.252838,63.549262],[-77.373525,63.581977],[-77.360463,63.589423],[-77.435618,63.595649],[-77.401479,63.602484],[-77.420522,63.604682],[-77.441396,63.619452],[-77.33316,63.622992],[-77.33316,63.630439],[-77.413442,63.632717],[-77.44811,63.641669],[-77.446116,63.661119],[-77.396962,63.693427],[-77.366444,63.701402],[-77.33316,63.699286],[-77.287709,63.685696],[-77.196034,63.685045],[-77.137359,63.664537],[-77.106191,63.669623],[-77.120269,63.685045],[-76.70934,63.567776],[-76.722401,63.562201],[-76.707265,63.545885],[-76.617828,63.521674],[-76.688873,63.485826]]],[[[-72.474436,63.705512],[-72.459828,63.687934],[-72.471303,63.675605],[-72.4912,63.672187],[-72.513417,63.694525],[-72.540395,63.694525],[-72.591135,63.677639],[-72.542714,63.664537],[-72.599721,63.646674],[-72.629872,63.64643],[-72.679596,63.672065],[-72.782867,63.664537],[-72.782867,63.671373],[-72.5006,63.712795],[-72.474436,63.705512]]],[[[-92.977651,63.904202],[-92.961537,63.879381],[-92.971669,63.874661],[-93.052235,63.886542],[-93.093658,63.910956],[-92.996897,63.913235],[-92.977651,63.904202]]],[[[-64.888336,63.794908],[-64.916493,63.823676],[-64.8933,63.846625],[-64.812611,63.883694],[-64.75121,63.828437],[-64.756256,63.849351],[-64.778472,63.863186],[-64.757802,63.878241],[-64.730784,63.869371],[-64.728993,63.902655],[-64.687489,63.917629],[-64.643707,63.915432],[-64.61384,63.886054],[-64.562571,63.908596],[-64.552561,63.897366],[-64.607167,63.842719],[-64.555409,63.851793],[-64.527211,63.85106],[-64.50475,63.842719],[-64.56371,63.8039],[-64.613393,63.787502],[-64.555043,63.780219],[-64.501088,63.751166],[-64.484283,63.753974],[-64.444,63.785224],[-64.422231,63.781236],[-64.388051,63.732856],[-64.408559,63.732856],[-64.393544,63.700832],[-64.401112,63.688218],[-64.429067,63.677639],[-64.457672,63.677395],[-64.484283,63.685045],[-64.52184,63.719794],[-64.576161,63.72602],[-64.598134,63.743354],[-64.642323,63.752509],[-64.702748,63.787055],[-64.792144,63.767564],[-64.888336,63.794908]]],[[[-77.973378,63.965562],[-77.983306,63.97248],[-77.961781,64.004584],[-77.905385,64.024482],[-77.860748,64.027655],[-77.791371,64.020819],[-77.770741,64.027655],[-77.778188,64.035102],[-77.595693,64.041164],[-77.545481,64.027655],[-77.545481,64.020819],[-77.609364,64.014228],[-77.644643,63.982489],[-77.737213,63.932074],[-77.973378,63.965562]]],[[[-81.468821,64.191555],[-81.516998,64.196723],[-81.538808,64.206366],[-81.536773,64.223212],[-81.499135,64.236762],[-81.442047,64.238227],[-81.393788,64.229722],[-81.382558,64.213202],[-81.423085,64.196479],[-81.468821,64.191555]]],[[[-73.276357,64.219428],[-73.2506,64.211982],[-73.197987,64.21369],[-73.173329,64.205797],[-73.219146,64.190497],[-73.26891,64.18537],[-73.255238,64.171698],[-73.276357,64.151028],[-73.287262,64.147691],[-73.313344,64.159857],[-73.365102,64.15119],[-73.337758,64.171698],[-73.39981,64.164862],[-73.391184,64.196234],[-73.330963,64.191555],[-73.314849,64.200914],[-73.312123,64.213935],[-73.337758,64.239936],[-73.262074,64.239936],[-73.276357,64.219428]]],[[[-73.529612,64.504055],[-73.494862,64.476467],[-73.504872,64.432522],[-73.55012,64.411282],[-73.539866,64.370754],[-73.515289,64.370307],[-73.574534,64.345404],[-73.584218,64.329332],[-73.565663,64.328315],[-73.556264,64.315009],[-73.608266,64.313707],[-73.654205,64.323228],[-73.654775,64.392483],[-73.673573,64.431708],[-73.625803,64.452216],[-73.577992,64.44599],[-73.605458,64.489244],[-73.577992,64.487006],[-73.577992,64.49315],[-73.673573,64.507473],[-73.684193,64.524807],[-73.608795,64.560452],[-73.571034,64.567572],[-73.534006,64.566148],[-73.509104,64.555854],[-73.502309,64.534735],[-73.529612,64.504055]]],[[[-65.546254,64.548407],[-65.501698,64.533393],[-65.450673,64.534735],[-65.473134,64.522773],[-65.501454,64.519192],[-65.559641,64.521145],[-65.659576,64.508857],[-65.683461,64.51496],[-65.68814,64.547593],[-65.654042,64.580756],[-65.606353,64.606391],[-65.549875,64.622748],[-65.497914,64.665717],[-65.458363,64.679511],[-65.411936,64.739814],[-65.393463,64.739488],[-65.381825,64.725898],[-65.409088,64.658271],[-65.392934,64.653144],[-65.360707,64.699286],[-65.29308,64.74022],[-65.28893,64.714748],[-65.251454,64.712877],[-65.313547,64.665717],[-65.265981,64.665473],[-65.251454,64.658271],[-65.250071,64.637844],[-65.209828,64.643988],[-65.228342,64.624945],[-65.274892,64.622992],[-65.337066,64.604071],[-65.407541,64.599758],[-65.436431,64.590033],[-65.419301,64.583238],[-65.360707,64.582587],[-65.39094,64.562079],[-65.444488,64.551988],[-65.546254,64.548407]]],[[[-62.257232,65.748236],[-62.249827,65.74079],[-62.298207,65.713446],[-62.264516,65.707343],[-62.198842,65.71369],[-62.167877,65.706],[-62.202016,65.686184],[-62.162831,65.692694],[-62.126943,65.679348],[-62.140533,65.672512],[-62.134389,65.654527],[-62.202016,65.645209],[-62.189687,65.630316],[-62.208852,65.609524],[-62.251698,65.63349],[-62.266225,65.663804],[-62.318105,65.61518],[-62.339182,65.617906],[-62.348622,65.630113],[-62.311269,65.665025],[-62.363108,65.650865],[-62.393788,65.651353],[-62.387034,65.672512],[-62.469553,65.665025],[-62.44164,65.69302],[-62.485707,65.7237],[-62.469635,65.748847],[-62.414906,65.74079],[-62.397084,65.748196],[-62.387034,65.727729],[-62.319081,65.746568],[-62.257232,65.748236]]],[[[-83.503407,65.809719],[-83.538197,65.819281],[-83.572418,65.840399],[-83.582509,65.861518],[-83.544749,65.87108],[-83.369374,65.87108],[-83.32787,65.86343],[-83.291168,65.846869],[-83.28954,65.835191],[-83.413157,65.835273],[-83.463124,65.809719],[-83.503407,65.809719]]],[[[-80.183339,63.767564],[-80.182973,63.756252],[-80.19636,63.752916],[-80.231801,63.753974],[-80.282094,63.742174],[-80.46642,63.727281],[-80.491851,63.712348],[-80.512685,63.682522],[-80.597727,63.636868],[-80.774037,63.577786],[-80.844594,63.534125],[-80.91808,63.530097],[-80.93456,63.510565],[-80.934071,63.47956],[-80.985585,63.455715],[-81.01887,63.450263],[-81.124908,63.463813],[-81.221547,63.501532],[-81.454457,63.549791],[-81.49767,63.575751],[-81.531809,63.580756],[-81.635976,63.575181],[-81.660634,63.581977],[-81.729604,63.630927],[-81.763661,63.641059],[-81.834381,63.64411],[-81.897084,63.636664],[-82.074615,63.69184],[-82.242665,63.686957],[-82.262563,63.678697],[-82.260162,63.664537],[-82.287506,63.685045],[-82.318918,63.65941],[-82.357533,63.659613],[-82.48176,63.685207],[-82.492991,63.719794],[-82.551584,63.742987],[-82.550933,63.75731],[-82.51773,63.796576],[-82.376291,63.828437],[-82.355824,63.852973],[-82.355824,63.897366],[-82.37092,63.913031],[-82.506256,63.955756],[-82.533925,63.973049],[-82.739369,63.973049],[-82.868642,63.986802],[-82.953725,63.977444],[-82.992584,63.965562],[-83.027943,63.966213],[-83.059234,63.954332],[-83.084543,63.958197],[-83.130442,63.979234],[-83.123606,63.993476],[-83.141672,63.999701],[-83.138295,64.006659],[-83.047353,64.062934],[-82.96581,64.13703],[-82.972076,64.158026],[-83.013743,64.191555],[-83.084299,64.189846],[-83.150868,64.171698],[-83.203521,64.122056],[-83.302113,64.14057],[-83.401438,64.109524],[-83.456532,64.125312],[-83.512807,64.120429],[-83.562652,64.095649],[-83.601633,64.045722],[-83.636871,64.039374],[-83.685292,64.014065],[-83.604563,63.930365],[-83.651194,63.869371],[-83.595937,63.822211],[-83.617502,63.820543],[-83.633778,63.770982],[-83.649241,63.765123],[-83.698964,63.781236],[-83.728017,63.782294],[-83.783925,63.7685],[-83.89684,63.716702],[-83.931874,63.689439],[-84.007436,63.671373],[-84.063873,63.620673],[-84.089345,63.609931],[-84.121816,63.610989],[-84.184885,63.630194],[-84.228912,63.623114],[-84.260854,63.630032],[-84.28425,63.626776],[-84.309885,63.597724],[-84.405344,63.554755],[-84.404937,63.52733],[-84.452545,63.479722],[-84.445668,63.459133],[-84.480336,63.393378],[-84.520416,63.374579],[-84.59024,63.315131],[-84.682607,63.299994],[-84.723134,63.277411],[-84.75768,63.271064],[-84.954416,63.193834],[-85.095774,63.157131],[-85.273915,63.123358],[-85.45519,63.12226],[-85.509755,63.129218],[-85.585317,63.173326],[-85.635162,63.243109],[-85.655019,63.417711],[-85.603871,63.521186],[-85.630116,63.573676],[-85.590199,63.613349],[-85.617014,63.674872],[-85.706288,63.699286],[-85.713735,63.7744],[-85.793568,63.713365],[-85.819814,63.705512],[-85.953928,63.699286],[-86.213979,63.650865],[-86.28539,63.646064],[-86.494537,63.671373],[-86.632314,63.664537],[-86.661204,63.657701],[-86.741567,63.602484],[-86.802113,63.574897],[-86.868153,63.561754],[-87.064361,63.554836],[-87.123769,63.563625],[-87.175404,63.585028],[-87.214508,63.622992],[-87.223785,63.660142],[-87.177358,63.730414],[-86.953847,63.897366],[-86.895904,63.930243],[-86.59789,63.996894],[-86.561431,64.016343],[-86.491933,64.023098],[-86.34968,64.072984],[-86.2506,64.079088],[-86.217397,64.087226],[-86.19286,64.10342],[-86.183217,64.123969],[-86.195953,64.16474],[-86.232655,64.193549],[-86.298818,64.218655],[-86.316396,64.233791],[-86.295888,64.26789],[-86.338246,64.281928],[-86.364817,64.308824],[-86.375356,64.374579],[-86.343739,64.411282],[-86.405751,64.438544],[-86.382965,64.545803],[-86.419423,64.596869],[-86.352895,64.650784],[-86.238189,64.812567],[-86.197499,64.815619],[-86.173004,64.829576],[-86.207143,64.850084],[-86.182037,64.855902],[-86.213979,64.891059],[-86.1704,64.907538],[-86.159332,64.939439],[-86.214508,64.972602],[-86.227854,65.003852],[-86.200307,65.055487],[-86.145497,65.09516],[-86.138254,65.113511],[-86.14037,65.200019],[-86.17394,65.286526],[-86.097279,65.357164],[-86.108632,65.368109],[-86.141225,65.375678],[-86.151519,65.396145],[-86.119985,65.444648],[-86.083363,65.562079],[-86.066029,65.586371],[-86.02831,65.606106],[-86.028391,65.665025],[-85.938935,65.763198],[-85.609816,65.910546],[-85.486511,65.924136],[-85.462288,65.880672],[-85.506176,65.838655],[-85.488271,65.796617],[-85.457183,65.793647],[-85.42634,65.802232],[-85.397288,65.829739],[-85.369537,65.839586],[-85.325063,65.837592],[-85.201039,65.809272],[-85.171864,65.78913],[-85.171864,65.761217],[-85.152699,65.736721],[-85.183949,65.726304],[-85.07372,65.649726],[-85.052358,65.614163],[-85.111724,65.581204],[-85.25064,65.555162],[-85.286366,65.560045],[-85.316477,65.54149],[-85.230051,65.493394],[-85.162221,65.4831],[-85.076731,65.456366],[-85.007639,65.415717],[-85.00121,65.39647],[-85.018951,65.35224],[-84.931264,65.264309],[-84.931793,65.218207],[-84.847971,65.213528],[-84.815256,65.221137],[-84.747304,65.295722],[-84.744985,65.351508],[-84.593373,65.484117],[-84.577382,65.489407],[-84.554677,65.485907],[-84.450266,65.462307],[-84.427235,65.449774],[-84.439076,65.414211],[-84.411773,65.411811],[-84.363678,65.385077],[-84.2954,65.377631],[-84.220041,65.354071],[-84.160024,65.346991],[-84.152252,65.332221],[-84.233388,65.28205],[-84.230336,65.267646],[-84.1787,65.250718],[-84.098459,65.20954],[-84.046051,65.197699],[-83.972646,65.200141],[-83.877065,65.192694],[-83.91808,65.178412],[-83.882476,65.165513],[-83.842926,65.165351],[-83.775217,65.180243],[-83.724843,65.163031],[-83.546457,65.162258],[-83.397694,65.136623],[-83.335805,65.075995],[-83.339833,65.035793],[-83.306752,65.008857],[-83.222279,64.969916],[-83.208363,64.947699],[-83.109364,64.93537],[-83.050933,64.919176],[-83.001129,64.916164],[-82.956125,64.891547],[-82.883778,64.879706],[-82.773183,64.799872],[-82.714508,64.780992],[-82.62328,64.781195],[-82.537668,64.743964],[-82.424672,64.767524],[-82.365956,64.768012],[-82.336741,64.761542],[-82.266998,64.725898],[-82.204945,64.719713],[-82.217681,64.69123],[-82.122548,64.692043],[-82.098459,64.687161],[-82.061594,64.651435],[-81.848704,64.534735],[-81.771311,64.51203],[-81.752512,64.472724],[-81.774485,64.432318],[-81.752512,64.383979],[-81.753082,64.361518],[-81.780385,64.325873],[-81.774648,64.309231],[-81.713531,64.254218],[-81.665761,64.230862],[-81.622914,64.221747],[-81.608469,64.209621],[-81.588002,64.18537],[-81.606597,64.134101],[-81.627187,64.123603],[-81.708974,64.112779],[-81.767323,64.09398],[-81.882639,64.078599],[-81.939565,64.052436],[-81.950022,64.068061],[-81.978383,64.048163],[-81.974233,64.03498],[-82.000111,64.010647],[-81.991607,63.998725],[-81.971344,63.993842],[-81.878326,64.003892],[-81.779042,64.002021],[-81.649973,64.02851],[-81.456532,64.037787],[-81.430287,64.054999],[-81.450795,64.082261],[-81.398834,64.101508],[-81.382558,64.096584],[-81.40982,64.082261],[-81.37328,64.074408],[-81.298329,64.080634],[-81.245107,64.057359],[-81.058502,64.026516],[-80.973704,63.993598],[-80.930653,63.993476],[-80.903717,64.01081],[-80.979115,64.068671],[-80.930653,64.10342],[-80.951161,64.130072],[-80.888783,64.122626],[-80.82372,64.102688],[-80.763173,64.073472],[-80.697092,64.016343],[-80.614735,64.007229],[-80.543813,63.984931],[-80.521881,63.969713],[-80.539662,63.959418],[-80.548818,63.933173],[-80.496897,63.91767],[-80.532826,63.904202],[-80.577056,63.897935],[-80.704701,63.918402],[-80.674631,63.893988],[-80.64387,63.881659],[-80.379384,63.850572],[-80.279612,63.809149],[-80.204457,63.815375],[-80.169749,63.7744],[-80.183339,63.767564]]],[[[-85.001129,66.007636],[-84.930287,66.015082],[-84.857167,65.966702],[-84.891265,65.946845],[-84.756093,65.877183],[-84.760976,65.864325],[-84.714955,65.835273],[-84.713043,65.808498],[-84.633697,65.709662],[-84.59024,65.686184],[-84.603342,65.672512],[-84.574086,65.635647],[-84.690663,65.560045],[-84.75121,65.556383],[-84.800893,65.567084],[-84.841217,65.587551],[-84.876332,65.670396],[-84.924224,65.689765],[-85.0454,65.716254],[-85.11266,65.762112],[-85.152577,65.856879],[-85.136708,65.879584],[-85.145863,65.906317],[-85.186147,65.946845],[-85.179311,65.987779],[-85.15567,66.011217],[-85.102447,66.02851],[-85.052235,66.027818],[-85.001129,66.007636]]],[[[-84.473541,66.090237],[-84.473541,66.138617],[-84.457834,66.146145],[-84.408193,66.141059],[-84.346099,66.117906],[-84.186147,66.087348],[-84.123443,66.083441],[-84.088287,66.065131],[-84.068837,66.062893],[-84.021352,66.087714],[-83.998931,66.069281],[-84.0006,66.03559],[-83.943674,66.02204],[-83.833404,65.978217],[-83.742909,65.958319],[-83.692738,65.925727],[-83.682485,65.881537],[-83.711985,65.853461],[-83.801991,65.822699],[-83.786366,65.812812],[-83.726226,65.802232],[-83.712148,65.791002],[-83.665028,65.786078],[-83.635487,65.766913],[-83.542226,65.748236],[-83.527659,65.737372],[-83.531077,65.713446],[-83.472727,65.727729],[-83.290842,65.727973],[-83.239329,65.721584],[-83.21231,65.706],[-83.258453,65.690131],[-83.255238,65.656724],[-83.300649,65.634508],[-83.367055,65.618598],[-83.479237,65.65884],[-83.596262,65.65884],[-83.62267,65.664537],[-83.582875,65.706],[-83.618031,65.702826],[-83.649281,65.689765],[-83.657582,65.672919],[-83.62385,65.65884],[-83.62385,65.651353],[-83.761057,65.672512],[-83.814443,65.653022],[-83.838857,65.652248],[-83.84911,65.67593],[-83.842844,65.68358],[-83.801991,65.686184],[-83.801991,65.716864],[-83.785959,65.72842],[-83.685292,65.748236],[-83.685292,65.755072],[-83.722971,65.764106],[-83.829254,65.755072],[-83.780873,65.782375],[-83.785634,65.79267],[-83.801869,65.793931],[-83.86974,65.782904],[-83.958974,65.74079],[-83.978179,65.739976],[-84.021108,65.761217],[-84.072825,65.755357],[-84.14273,65.76675],[-84.103627,65.815863],[-84.13268,65.876288],[-84.124582,65.906684],[-84.152699,65.923285],[-84.18692,65.928616],[-84.185536,65.960517],[-84.205312,65.976386],[-84.289622,66.004381],[-84.397084,66.012885],[-84.451894,66.05268],[-84.473541,66.090237]]],[[[-83.273793,66.309312],[-83.289866,66.308539],[-83.294545,66.319322],[-83.262847,66.346991],[-83.224965,66.341132],[-83.184234,66.315863],[-83.137196,66.309312],[-83.178212,66.289455],[-83.157948,66.28498],[-83.102773,66.289455],[-83.048166,66.262152],[-82.927846,66.280992],[-82.904449,66.268378],[-82.957631,66.243598],[-83.006907,66.199449],[-83.077626,66.197821],[-83.188059,66.241848],[-83.251454,66.250922],[-83.292633,66.26789],[-83.273793,66.309312]]],[[[-62.40746,67.186957],[-62.373931,67.165839],[-62.590728,67.095404],[-62.67101,67.046129],[-62.720326,67.05329],[-62.739858,67.046373],[-62.746897,67.018052],[-62.807769,67.02025],[-62.901519,67.063422],[-62.821929,67.058417],[-62.805328,67.063422],[-62.799875,67.102484],[-62.718373,67.110012],[-62.684682,67.142279],[-62.612904,67.145413],[-62.65392,67.173285],[-62.638987,67.178412],[-62.589019,67.180121],[-62.52477,67.193793],[-62.428456,67.192939],[-62.40746,67.186957]]],[[[-63.517893,67.324164],[-63.476308,67.340888],[-63.360219,67.29621],[-63.409169,67.275336],[-63.460846,67.27025],[-63.77009,67.275865],[-63.83316,67.289984],[-63.686879,67.34691],[-63.631581,67.356106],[-63.600982,67.355048],[-63.585317,67.341864],[-63.593007,67.310492],[-63.554351,67.312893],[-63.517893,67.324164]]],[[[-63.757476,67.522773],[-63.789296,67.511217],[-63.982411,67.506741],[-64.016672,67.512437],[-64.037994,67.529608],[-64.026682,67.56623],[-63.982655,67.617499],[-63.982493,67.643134],[-63.954701,67.654975],[-63.894521,67.603461],[-63.79426,67.555609],[-63.757476,67.522773]]],[[[-73.358266,67.83808],[-73.371165,67.803168],[-73.409495,67.776028],[-74.402333,67.778876],[-74.550649,67.810126],[-74.640248,67.856676],[-74.770131,67.964179],[-74.775217,68.029364],[-74.756012,68.063422],[-74.730702,68.074123],[-74.657297,68.084174],[-74.477162,68.06981],[-74.448476,68.075629],[-74.43456,68.104967],[-74.385813,68.127916],[-74.361928,68.169867],[-74.338368,68.180732],[-74.214426,68.135403],[-74.221791,68.116156],[-74.272125,68.088446],[-74.276967,68.077623],[-74.255442,68.063463],[-74.160878,68.070217],[-74.125803,68.067084],[-74.091908,68.055854],[-73.923085,68.03384],[-73.789662,67.995103],[-73.715484,68.017157],[-73.659739,68.009467],[-73.604807,68.015815],[-73.52184,68.009589],[-73.446156,67.992987],[-73.412913,67.968411],[-73.43342,67.934272],[-73.399241,67.894436],[-73.406077,67.861965],[-73.358266,67.83808]]],[[[-66.296376,68.269477],[-66.198313,68.275702],[-66.183095,68.262641],[-66.263254,68.222154],[-66.270579,68.161444],[-66.31664,68.159491],[-66.580963,68.186916],[-66.619537,68.185736],[-66.661122,68.209459],[-66.658599,68.216376],[-66.628774,68.221666],[-66.54776,68.213528],[-66.496897,68.243964],[-66.45934,68.246772],[-66.327748,68.235907],[-66.296376,68.269477]]],[[[-86.577138,68.290595],[-86.502349,68.26317],[-86.407826,68.20775],[-86.433705,68.16706],[-86.435414,68.098131],[-86.392161,68.023139],[-86.372467,67.936591],[-86.412668,67.844916],[-86.477773,67.782864],[-86.51061,67.774644],[-86.566558,67.737779],[-86.597524,67.728217],[-86.680084,67.735053],[-86.720774,67.765815],[-86.836578,67.791815],[-86.871897,67.810126],[-86.9204,67.861396],[-86.950429,67.930569],[-86.940907,67.937079],[-86.912913,67.934272],[-86.892405,67.954779],[-86.858266,67.961005],[-86.837148,67.992011],[-86.84789,68.022162],[-86.968984,68.054674],[-86.987375,68.084296],[-86.971262,68.108385],[-86.897857,68.137885],[-86.912913,68.173285],[-86.895131,68.195136],[-86.82665,68.227769],[-86.747711,68.287014],[-86.68692,68.31037],[-86.660024,68.31037],[-86.577138,68.290595]]],[[[-75.033518,68.173285],[-75.005605,68.137112],[-75.007192,68.110541],[-75.034657,68.09927],[-75.070058,68.033189],[-75.161366,67.953111],[-75.116689,67.866278],[-75.044057,67.816962],[-75.065541,67.731676],[-75.028635,67.630683],[-75.065053,67.552436],[-75.204823,67.443915],[-75.229563,67.432034],[-75.325266,67.412909],[-75.33141,67.392401],[-75.359364,67.385565],[-75.390452,67.357652],[-75.510569,67.36107],[-75.543772,67.351467],[-75.595855,67.311103],[-75.689687,67.307807],[-75.921051,67.255276],[-76.088979,67.262112],[-76.147613,67.255276],[-76.243276,67.269517],[-76.366811,67.241604],[-76.537668,67.247545],[-76.633656,67.227973],[-76.981557,67.243313],[-77.075917,67.286282],[-77.178049,67.425523],[-77.2506,67.453843],[-77.238026,67.489447],[-77.258046,67.522773],[-77.223297,67.54328],[-77.322662,67.707994],[-77.212229,67.870429],[-76.983062,68.063422],[-76.90803,68.111802],[-76.877187,68.152818],[-76.688873,68.262641],[-76.299143,68.334784],[-76.252187,68.331732],[-76.256256,68.317857],[-76.228139,68.30386],[-76.182688,68.297797],[-76.081858,68.297675],[-75.9912,68.328843],[-75.911204,68.34455],[-75.597483,68.313788],[-75.496571,68.283149],[-75.137603,68.236274],[-75.078765,68.186916],[-75.033518,68.173285]]],[[[-78.909047,68.324042],[-78.831207,68.300767],[-78.810414,68.284491],[-78.829986,68.252672],[-78.871246,68.230373],[-78.969146,68.204291],[-79.008412,68.176947],[-79.04426,68.166205],[-79.097524,68.177069],[-79.183461,68.221666],[-79.183217,68.319078],[-79.156117,68.34455],[-78.941314,68.353583],[-78.909047,68.324042]]],[[[-82.08141,68.307318],[-82.149322,68.334418],[-82.260406,68.344428],[-82.348948,68.365058],[-82.328033,68.378607],[-82.255727,68.361884],[-82.225453,68.365058],[-82.245961,68.385565],[-82.176666,68.385443],[-82.140736,68.379706],[-82.111806,68.352362],[-82.000111,68.351386],[-82.047109,68.316799],[-82.08141,68.307318]]],[[[-74.368764,68.389228],[-74.40095,68.422593],[-74.39977,68.440823],[-74.376088,68.462592],[-74.320221,68.468817],[-74.247914,68.443183],[-74.1704,68.399726],[-74.080719,68.332709],[-74.139963,68.28913],[-74.153879,68.255561],[-74.173329,68.247138],[-74.221669,68.249579],[-74.257314,68.268948],[-74.271311,68.294827],[-74.258778,68.315131],[-74.214915,68.317857],[-74.214915,68.324042],[-74.334543,68.3605],[-74.368764,68.389228]]],[[[-78.614247,68.506293],[-78.646555,68.482652],[-78.737416,68.452338],[-78.784088,68.445868],[-78.881825,68.454413],[-78.860707,68.468695],[-78.884348,68.476508],[-78.97057,68.474921],[-78.935536,68.521877],[-78.88801,68.515855],[-78.829986,68.550686],[-78.742787,68.551947],[-78.703359,68.561713],[-78.668853,68.584784],[-78.692454,68.59984],[-78.778147,68.612128],[-78.771881,68.619534],[-78.901682,68.653022],[-78.842519,68.667304],[-78.67512,68.658352],[-78.566477,68.625718],[-78.489858,68.627387],[-78.46345,68.619534],[-78.483957,68.55744],[-78.505279,68.545478],[-78.656646,68.563137],[-78.691151,68.531195],[-78.724192,68.523342],[-78.629221,68.515204],[-78.614247,68.506293]]],[[[-74.844838,68.578559],[-74.893219,68.625718],[-74.792592,68.675686],[-74.683013,68.663275],[-74.646067,68.647447],[-74.64745,68.61164],[-74.574534,68.597805],[-74.517079,68.564276],[-74.538197,68.554999],[-74.788197,68.561347],[-74.844838,68.578559]]],[[[-74.838002,68.420233],[-74.78425,68.417914],[-74.805247,68.398017],[-74.865346,68.385565],[-74.865346,68.379299],[-74.807525,68.366156],[-74.814809,68.34398],[-74.845082,68.34927],[-74.85912,68.34455],[-74.811269,68.324042],[-74.852284,68.324042],[-74.884145,68.34398],[-74.996246,68.337714],[-75.034657,68.397203],[-75.256337,68.449368],[-75.378977,68.498847],[-75.411488,68.522773],[-75.394154,68.550686],[-75.40038,68.60871],[-75.392079,68.625963],[-75.33141,68.660468],[-75.310048,68.696438],[-75.238922,68.724799],[-75.222239,68.707668],[-75.170481,68.689846],[-75.019887,68.680976],[-74.989369,68.668769],[-74.933909,68.571357],[-74.773752,68.4855],[-74.770985,68.473293],[-74.797597,68.451402],[-74.886871,68.446601],[-74.900054,68.433905],[-74.879872,68.418199],[-74.838002,68.420233]]],[[[-68.006093,68.770331],[-67.696278,68.719468],[-67.663442,68.701402],[-67.914662,68.710517],[-68.187327,68.766913],[-68.442006,68.784573],[-68.458567,68.793647],[-68.453114,68.809272],[-68.417592,68.817532],[-68.321401,68.797065],[-68.204701,68.797065],[-68.006093,68.770331]]],[[[-90.182037,69.119208],[-90.147288,69.105536],[-90.127431,69.057766],[-90.13801,69.049954],[-90.166086,69.060533],[-90.160959,69.078192],[-90.234202,69.070502],[-90.276763,69.114],[-90.263987,69.147121],[-90.251576,69.122626],[-90.232981,69.119208],[-90.178456,69.143134],[-90.154693,69.139635],[-90.182037,69.119208]]],[[[-90.497385,69.242662],[-90.470693,69.247992],[-90.456288,69.234198],[-90.489166,69.214911],[-90.590566,69.200141],[-90.633901,69.242662],[-90.620229,69.256334],[-90.641103,69.254462],[-90.685414,69.229071],[-90.680776,69.246039],[-90.648183,69.263129],[-90.648183,69.270006],[-90.691477,69.271674],[-90.695383,69.283677],[-90.654408,69.310981],[-90.681711,69.310981],[-90.660308,69.332343],[-90.667144,69.357489],[-90.777252,69.276801],[-90.777008,69.328681],[-90.771067,69.34512],[-90.736684,69.36522],[-90.659535,69.381293],[-90.618967,69.37637],[-90.548207,69.341986],[-90.513783,69.301011],[-90.470815,69.278876],[-90.462554,69.263129],[-90.497385,69.242662]]],[[[-79.079823,68.878974],[-79.144643,68.86933],[-79.212758,68.834906],[-79.268178,68.832261],[-79.396718,68.863227],[-79.388173,68.906968],[-79.423004,68.927395],[-79.368642,68.941596],[-79.325836,68.969916],[-79.24177,69.062079],[-79.204172,69.084906],[-79.159983,69.093736],[-79.099721,69.09394],[-79.042551,69.105536],[-78.97643,69.103705],[-78.957509,69.109198],[-78.863271,69.148424],[-78.854482,69.201117],[-78.765126,69.256334],[-78.727284,69.269843],[-78.658274,69.25788],[-78.621693,69.263129],[-78.710927,69.303412],[-78.730946,69.325263],[-78.72232,69.337144],[-78.657216,69.350775],[-78.607411,69.372992],[-78.524892,69.379869],[-78.477406,69.391832],[-78.312734,69.387112],[-78.275054,69.369615],[-78.214019,69.302883],[-78.21467,69.293931],[-78.263499,69.282213],[-78.295074,69.262519],[-78.360707,69.199205],[-78.379709,69.197943],[-78.396962,69.217719],[-78.456654,69.229071],[-78.475087,69.205552],[-78.470855,69.170722],[-78.566477,69.132799],[-78.551584,69.102444],[-78.717275,69.016791],[-78.724192,68.975165],[-78.739898,68.96426],[-78.799224,68.951321],[-78.846588,68.907904],[-78.965321,68.887926],[-79.079823,68.878974]]],[[[-90.250356,69.297919],[-90.271718,69.26142],[-90.297271,69.253974],[-90.318593,69.263129],[-90.327626,69.238959],[-90.407948,69.276801],[-90.403391,69.300198],[-90.442128,69.304145],[-90.488596,69.329291],[-90.510365,69.331448],[-90.506744,69.366645],[-90.489898,69.379869],[-90.389719,69.403388],[-90.357411,69.427151],[-90.302358,69.43537],[-90.250356,69.414008],[-90.263987,69.393541],[-90.239329,69.394599],[-90.228831,69.415107],[-90.250356,69.42829],[-90.201894,69.448147],[-90.20934,69.434516],[-90.177846,69.405666],[-90.195709,69.386054],[-90.168935,69.386217],[-90.147288,69.372992],[-90.162831,69.349066],[-90.212636,69.334906],[-90.250356,69.297919]]],[[[-76.692291,69.410875],[-76.647328,69.382961],[-76.647328,69.338935],[-76.673451,69.330715],[-76.675201,69.310981],[-76.815785,69.270331],[-76.859283,69.241767],[-76.930287,69.222846],[-76.943593,69.207994],[-76.925893,69.171332],[-76.860219,69.153957],[-76.921702,69.126654],[-76.901194,69.105536],[-76.944569,69.116889],[-76.955068,69.141018],[-76.991526,69.145087],[-77.072499,69.139635],[-77.158193,69.11815],[-77.264963,69.146715],[-77.366933,69.224595],[-77.387196,69.266547],[-77.339996,69.325263],[-77.360463,69.389797],[-77.326772,69.41706],[-77.250111,69.435126],[-77.113433,69.448147],[-77.04776,69.419664],[-76.976308,69.407782],[-76.784495,69.407782],[-76.716786,69.424994],[-76.692291,69.410875]]],[[[-67.444325,69.592108],[-67.377065,69.586005],[-67.307769,69.558051],[-67.353098,69.531887],[-67.496693,69.53498],[-67.554189,69.523261],[-67.485015,69.507554],[-67.505849,69.495917],[-67.578033,69.510484],[-67.628,69.502672],[-67.752838,69.523261],[-67.725942,69.549872],[-67.690785,69.544338],[-67.547271,69.569525],[-67.52009,69.60578],[-67.499745,69.606676],[-67.480214,69.592434],[-67.444325,69.592108]]],[[[-67.909901,69.533759],[-67.967437,69.529853],[-68.307729,69.592108],[-68.218984,69.60578],[-68.075307,69.670966],[-68.013987,69.677924],[-67.888417,69.649115],[-67.827952,69.661078],[-67.94811,69.679836],[-67.972564,69.694525],[-67.9558,69.710435],[-67.880605,69.710517],[-67.816762,69.680487],[-67.759023,69.674058],[-67.763295,69.666693],[-67.731068,69.658759],[-67.724924,69.646715],[-67.867055,69.582709],[-67.909901,69.533759]]],[[[-78.394521,69.646715],[-78.394521,69.694525],[-78.378041,69.704576],[-78.305776,69.68773],[-78.323638,69.674954],[-78.298492,69.662095],[-78.258168,69.658677],[-78.230702,69.674058],[-78.271637,69.736151],[-78.212229,69.737128],[-78.194651,69.754828],[-78.176096,69.756415],[-78.026479,69.718573],[-77.970611,69.684516],[-77.942047,69.646715],[-77.958404,69.633246],[-78.051096,69.607652],[-78.092275,69.578315],[-78.14509,69.577867],[-78.286977,69.557807],[-78.368031,69.52969],[-78.442738,69.515082],[-78.517242,69.484768],[-78.54601,69.486029],[-78.619456,69.510565],[-78.654042,69.508246],[-78.825999,69.451606],[-78.857574,69.458075],[-78.880727,69.480658],[-78.854644,69.504218],[-78.689687,69.561103],[-78.566477,69.646715],[-78.483957,69.654202],[-78.41393,69.642035],[-78.394521,69.646715]]],[[[-79.971059,69.633124],[-80.053212,69.648993],[-80.077504,69.636868],[-79.93635,69.536851],[-79.962514,69.506659],[-79.998647,69.500149],[-80.098988,69.512641],[-80.230621,69.540839],[-80.238026,69.558051],[-80.210357,69.61872],[-80.238026,69.626288],[-80.307362,69.567572],[-80.334218,69.558051],[-80.351552,69.616034],[-80.402496,69.626288],[-80.496816,69.667548],[-80.562164,69.672838],[-80.76065,69.667955],[-80.797922,69.675523],[-80.814036,69.694525],[-80.735178,69.732408],[-80.718373,69.756008],[-80.649526,69.749823],[-80.587473,69.728664],[-80.519154,69.72248],[-80.493804,69.727607],[-80.464508,69.715033],[-80.450917,69.681545],[-80.425364,69.66828],[-80.40274,69.670152],[-80.397572,69.682807],[-80.424184,69.701972],[-80.375803,69.715033],[-80.435658,69.723619],[-80.461171,69.734442],[-80.504018,69.775824],[-80.50064,69.787421],[-80.446889,69.80036],[-80.341054,69.797593],[-80.336415,69.782416],[-80.231801,69.804389],[-80.206044,69.800686],[-80.136708,69.776313],[-80.122548,69.759711],[-80.150787,69.74079],[-80.150299,69.723375],[-80.065419,69.754299],[-79.97411,69.730618],[-79.86559,69.746161],[-79.813791,69.763414],[-79.767934,69.753852],[-79.756337,69.78677],[-79.735341,69.795966],[-79.703603,69.797593],[-79.690541,69.818671],[-79.532867,69.797593],[-79.511057,69.807685],[-79.454701,69.800971],[-79.40807,69.778876],[-79.415598,69.742987],[-79.366078,69.736558],[-79.326812,69.708808],[-79.348053,69.694525],[-79.532867,69.633124],[-79.612864,69.619818],[-79.8544,69.612616],[-79.91808,69.604682],[-79.971059,69.633124]]],[[[-83.83609,69.749823],[-83.90217,69.77383],[-83.917104,69.793606],[-83.897572,69.818671],[-83.85558,69.831732],[-83.569325,69.804267],[-83.527659,69.790758],[-83.550689,69.783433],[-83.592763,69.784003],[-83.637522,69.77025],[-83.700673,69.768541],[-83.713246,69.756008],[-83.680084,69.747504],[-83.65803,69.728664],[-83.701039,69.722805],[-83.83609,69.749823]]],[[[-91.853586,69.859687],[-91.80191,69.878363],[-91.747548,69.883002],[-91.693186,69.876044],[-91.641265,69.859687],[-91.670033,69.850084],[-91.840199,69.824897],[-91.867177,69.845404],[-91.853586,69.859687]]],[[[-91.463124,69.777086],[-91.491363,69.749335],[-91.533559,69.730658],[-91.556793,69.729193],[-91.642649,69.752834],[-91.690338,69.779975],[-91.737457,69.790758],[-91.737457,69.797593],[-91.610951,69.821601],[-91.572377,69.835395],[-91.520497,69.832709],[-91.477406,69.879543],[-91.425282,69.886054],[-91.408518,69.879543],[-91.455678,69.859687],[-91.442738,69.852444],[-91.453521,69.837307],[-91.504058,69.818671],[-91.47175,69.799018],[-91.463124,69.777086]]],[[[-87.084218,69.989407],[-87.120107,69.993842],[-87.186431,70.018378],[-87.26537,70.031073],[-87.279124,70.068264],[-87.36262,70.09276],[-87.379018,70.106024],[-87.315785,70.118069],[-87.193349,70.110989],[-87.097808,70.126614],[-87.145619,70.140204],[-87.116526,70.161078],[-87.001617,70.120347],[-86.803049,70.092434],[-86.650746,70.120917],[-86.597524,70.11286],[-86.511138,70.051825],[-86.506825,70.027411],[-86.460357,70.01675],[-86.477528,69.994778],[-86.503529,69.985907],[-86.776926,69.971259],[-86.917144,69.991278],[-87.006337,70.016343],[-87.084218,69.989407]]],[[[-71.507965,71.017279],[-71.366322,71.016059],[-71.343495,71.007636],[-71.348744,70.984687],[-71.398793,70.949612],[-71.385976,70.929348],[-71.406077,70.916571],[-71.43871,70.909898],[-71.624664,70.90119],[-71.898427,70.852769],[-71.967275,70.81802],[-72.002065,70.811916],[-72.090688,70.812323],[-72.118153,70.825426],[-72.121246,70.856187],[-72.186757,70.882514],[-72.228017,70.921698],[-72.228017,70.935289],[-72.179799,70.942084],[-72.131825,70.935289],[-72.151682,70.927883],[-72.125315,70.920966],[-72.067494,70.931627],[-72.037099,70.961493],[-72.021962,71.045152],[-72.011586,71.052151],[-71.859731,71.078559],[-71.830149,71.072455],[-71.836985,71.06566],[-71.817535,71.059231],[-71.507965,71.017279]]],[[[-72.953603,71.517524],[-72.898997,71.476549],[-72.817047,71.448635],[-72.8544,71.435207],[-72.939809,71.433783],[-73.024159,71.412299],[-73.015614,71.346829],[-72.978871,71.325751],[-73.004954,71.302924],[-73.053578,71.296373],[-73.084706,71.308417],[-73.080556,71.32453],[-73.063466,71.325751],[-73.123402,71.338935],[-73.207021,71.344387],[-73.266835,71.364407],[-73.255238,71.421332],[-73.28718,71.42768],[-73.307362,71.462388],[-73.371938,71.49018],[-73.378774,71.517524],[-73.352447,71.533637],[-73.171864,71.573228],[-73.100901,71.55329],[-73.077138,71.538642],[-73.122548,71.479967],[-73.169504,71.464993],[-73.180084,71.452338],[-73.172597,71.435045],[-73.139312,71.420844],[-73.121571,71.45661],[-73.038686,71.48725],[-72.992177,71.518988],[-72.953603,71.517524]]],[[[-72.737904,71.661526],[-72.68932,71.643988],[-72.658762,71.600043],[-72.765289,71.528998],[-72.995473,71.556708],[-73.043568,71.586412],[-72.988515,71.627387],[-72.926259,71.655341],[-72.737904,71.661526]]],[[[-95.327545,71.847113],[-95.291005,71.84748],[-95.259267,71.832831],[-95.308665,71.778022],[-95.318471,71.742499],[-95.409576,71.730414],[-95.492055,71.743476],[-95.472768,71.761176],[-95.392649,71.774115],[-95.362294,71.791815],[-95.424916,71.791449],[-95.444895,71.798733],[-95.451731,71.825995],[-95.357004,71.846991],[-95.327545,71.847113]]],[[[-95.766347,72.874986],[-95.711781,72.83397],[-95.749501,72.803168],[-95.798207,72.815863],[-95.855784,72.860663],[-95.793202,72.880561],[-95.766347,72.874986]]],[[[-96.917714,72.737779],[-96.950592,72.741278],[-97.013987,72.778754],[-96.948069,72.790717],[-96.922963,72.804023],[-96.938222,72.826565],[-96.91454,72.842271],[-96.759389,72.896186],[-96.726959,72.89765],[-96.691803,72.888617],[-96.725982,72.83397],[-96.648305,72.80093],[-96.650868,72.778754],[-96.753285,72.724107],[-96.845286,72.740139],[-96.917714,72.737779]]],[[[-97.072011,73.138129],[-97.043813,73.155585],[-96.903798,73.189643],[-96.809193,73.192084],[-96.760732,73.182685],[-96.725982,73.16234],[-96.770579,73.123358],[-96.759429,73.114569],[-96.731068,73.112616],[-96.650868,73.141832],[-96.578969,73.083441],[-96.568267,73.052476],[-96.646067,72.968695],[-96.710113,72.941718],[-96.783844,72.93065],[-96.934153,72.924465],[-96.973012,72.929633],[-97.100331,72.992011],[-97.140696,73.058905],[-97.135569,73.095201],[-97.072011,73.138129]]],[[[-108.087636,73.590644],[-108.014027,73.622382],[-107.848866,73.633368],[-107.676178,73.625434],[-107.579945,73.600531],[-107.628082,73.573798],[-107.993967,73.546576],[-108.026235,73.553412],[-108.087636,73.590644]]],[[[-104.680898,73.629828],[-104.559804,73.59516],[-104.500844,73.567206],[-104.489573,73.532294],[-104.579498,73.449693],[-104.551625,73.426459],[-104.586334,73.385199],[-104.572662,73.33218],[-104.749827,73.217475],[-104.760081,73.200426],[-104.736562,73.189643],[-104.76183,73.173],[-104.837758,73.154934],[-104.990387,73.079779],[-104.981313,73.035712],[-105.015777,73.013861],[-105.120473,72.987982],[-105.230621,72.936428],[-105.329457,72.959906],[-105.359731,72.9501],[-105.304514,72.932359],[-105.30012,72.922187],[-105.333079,72.915961],[-105.277821,72.888617],[-105.203359,72.867499],[-105.284983,72.851386],[-105.318756,72.874986],[-105.387685,72.867499],[-105.381459,72.888617],[-105.446929,72.904446],[-105.485748,72.955756],[-105.728831,73.045844],[-105.826527,73.111274],[-105.863393,73.117336],[-105.915883,73.141832],[-105.894154,73.16234],[-105.909006,73.166449],[-105.949371,73.16234],[-106.107655,73.197089],[-106.045644,73.210761],[-106.045644,73.223822],[-106.158599,73.26142],[-106.19579,73.285834],[-106.176625,73.291815],[-106.139027,73.287909],[-106.120717,73.29267],[-106.346588,73.347317],[-106.368153,73.369045],[-106.42516,73.378241],[-106.456451,73.402533],[-106.508778,73.41413],[-106.619049,73.419867],[-106.790435,73.468004],[-106.988759,73.470364],[-107.039296,73.484442],[-106.961822,73.546088],[-106.863393,73.570258],[-106.736969,73.656236],[-106.671539,73.690497],[-106.599599,73.710639],[-105.720123,73.735541],[-105.57665,73.761786],[-105.381418,73.770657],[-105.167144,73.756659],[-105.103098,73.745185],[-104.983632,73.696723],[-104.864858,73.670722],[-104.824574,73.63817],[-104.680898,73.629828]]],[[[-80.903391,73.607367],[-80.839345,73.623847],[-80.802602,73.670722],[-80.805816,73.720404],[-80.861806,73.75137],[-80.669993,73.758857],[-80.56017,73.772528],[-80.446197,73.773505],[-80.334218,73.758857],[-80.1256,73.697943],[-80.079457,73.702297],[-80.046213,73.731513],[-80.02245,73.734076],[-79.950022,73.710395],[-79.646067,73.680121],[-79.450307,73.635321],[-78.974273,73.635321],[-78.908681,73.657538],[-78.846303,73.666327],[-78.76537,73.655341],[-78.113759,73.665717],[-77.863515,73.609565],[-77.428131,73.559556],[-77.32079,73.514716],[-77.21349,73.51081],[-77.148264,73.477688],[-77.161855,73.464016],[-77.031565,73.402533],[-77.066274,73.381496],[-77.039866,73.358832],[-76.904286,73.325019],[-76.84968,73.333686],[-76.757192,73.320624],[-76.747548,73.327135],[-76.714426,73.322496],[-76.701975,73.306342],[-76.750356,73.298896],[-76.727406,73.277777],[-76.583567,73.219224],[-76.634267,73.169827],[-76.490834,73.122382],[-76.271637,73.102118],[-76.243276,73.093451],[-76.318959,73.059963],[-76.277415,73.052476],[-76.325185,73.03266],[-76.263743,72.998481],[-76.332631,72.970526],[-76.266225,72.944281],[-76.11734,72.941718],[-76.058258,72.901679],[-76.0985,72.889228],[-76.085561,72.867499],[-76.125071,72.846991],[-76.220448,72.837348],[-76.318959,72.816718],[-76.663889,72.826809],[-76.733713,72.841702],[-76.818918,72.833238],[-77.319407,72.855902],[-77.423329,72.882758],[-78.040313,72.895331],[-78.116933,72.889228],[-78.170888,72.898627],[-78.641672,72.852484],[-78.709584,72.830512],[-78.86852,72.810858],[-78.94286,72.791815],[-79.175445,72.754584],[-79.39094,72.741767],[-79.56843,72.759833],[-79.827789,72.833238],[-79.948638,72.84748],[-80.00182,72.871243],[-80.02599,72.915107],[-80.108266,72.970526],[-80.176137,73.0456],[-80.122548,73.121405],[-80.166168,73.134467],[-80.180165,73.159125],[-80.118153,73.184475],[-80.117584,73.201483],[-80.163808,73.233385],[-80.272532,73.252834],[-80.367502,73.239732],[-80.44164,73.257514],[-80.553293,73.25788],[-80.710927,73.279039],[-80.771311,73.27912],[-80.860097,73.318996],[-80.871734,73.338365],[-80.848134,73.360989],[-80.895985,73.381496],[-80.869211,73.398668],[-80.878326,73.44599],[-80.849762,73.475328],[-80.819325,73.490709],[-80.716705,73.478909],[-80.697336,73.484442],[-80.779856,73.50495],[-80.856109,73.544908],[-80.903391,73.607367]]],[[[-96.32127,72.466864],[-96.30361,72.426744],[-96.339255,72.412177],[-96.3985,72.410142],[-96.459942,72.369045],[-96.50523,72.365668],[-96.520488,72.354193],[-96.664409,72.318264],[-96.740215,72.326321],[-96.876812,72.326321],[-96.841655,72.312934],[-96.718486,72.299547],[-96.645855,72.277737],[-96.606589,72.272406],[-96.581931,72.285305],[-96.554668,72.264228],[-96.61611,72.251166],[-96.574118,72.238349],[-96.53416,72.24433],[-96.484844,72.128485],[-96.499981,72.093492],[-96.528423,72.08161],[-96.869284,72.045111],[-96.844341,72.038316],[-96.749126,72.03559],[-96.664531,72.017768],[-96.515768,72.042182],[-96.493226,72.028022],[-96.514995,71.971015],[-96.540752,71.954535],[-96.575095,71.94953],[-96.626323,71.963202],[-96.766948,71.922268],[-96.766948,71.915351],[-96.717388,71.904364],[-96.561504,71.935858],[-96.518902,71.937079],[-96.501323,71.931464],[-96.493226,71.915351],[-96.588766,71.820746],[-96.623923,71.80976],[-96.737652,71.799058],[-96.738384,71.828559],[-96.677552,71.839667],[-96.708558,71.854641],[-96.739645,71.852362],[-96.829408,71.813137],[-96.935161,71.812323],[-96.961569,71.80683],[-97.079815,71.717963],[-97.082866,71.703111],[-97.211895,71.66649],[-97.301616,71.656968],[-97.461244,71.617377],[-97.685283,71.618394],[-97.763815,71.645901],[-97.905742,71.64997],[-97.969829,71.661526],[-98.144878,71.647895],[-98.252788,71.669989],[-98.359274,71.734361],[-98.318584,71.811754],[-98.213115,71.881252],[-98.215231,71.893785],[-98.246156,71.895168],[-98.254741,71.907904],[-98.295025,71.901679],[-98.260316,71.867621],[-98.343486,71.860785],[-98.438376,71.803616],[-98.479961,71.767239],[-98.500469,71.722968],[-98.487123,71.717719],[-98.465638,71.724026],[-98.39793,71.708157],[-98.411113,71.696275],[-98.375388,71.652411],[-98.32127,71.646064],[-98.297588,71.617418],[-98.261211,71.610012],[-98.233623,71.593248],[-98.178366,71.586412],[-98.13438,71.543687],[-98.110088,71.545478],[-98.04181,71.531195],[-98.215191,71.40941],[-98.315532,71.387152],[-98.411113,71.339342],[-98.441509,71.335028],[-98.541485,71.292182],[-98.663555,71.298896],[-98.699769,71.292182],[-98.692282,71.277899],[-98.729961,71.271715],[-98.827617,71.300482],[-98.967632,71.383246],[-99.020855,71.384101],[-99.11904,71.349758],[-99.235088,71.349595],[-99.317689,71.448717],[-99.316061,71.476549],[-99.412253,71.545478],[-99.396139,71.544989],[-99.374492,71.561265],[-99.385235,71.585842],[-99.512757,71.605414],[-99.561667,71.620063],[-99.599509,71.641791],[-99.620016,71.698798],[-99.676087,71.726386],[-99.693462,71.767157],[-99.781719,71.787787],[-99.82013,71.806138],[-99.864361,71.859442],[-100.035462,71.867621],[-100.118633,71.894232],[-100.143861,71.924872],[-100.275697,71.96662],[-100.378724,72.038886],[-100.447002,72.058783],[-100.420269,72.093492],[-100.444072,72.100084],[-100.498394,72.096666],[-100.515239,72.120795],[-100.487936,72.127631],[-100.56362,72.141303],[-100.605205,72.168158],[-100.625103,72.168647],[-100.636537,72.186469],[-100.799134,72.21133],[-100.861309,72.19595],[-100.896302,72.209296],[-100.926738,72.203355],[-100.913148,72.189765],[-100.92979,72.190863],[-100.967754,72.175442],[-101.029196,72.203355],[-101.05711,72.236884],[-101.023011,72.257392],[-101.069683,72.257392],[-101.083843,72.264228],[-101.035991,72.277899],[-101.166973,72.305732],[-101.216167,72.334703],[-101.293275,72.325426],[-101.356182,72.305732],[-101.40322,72.279283],[-101.399761,72.251166],[-101.44863,72.242133],[-101.495342,72.251166],[-101.470684,72.258734],[-101.47398,72.272895],[-101.529115,72.296129],[-101.602276,72.311021],[-101.632468,72.312649],[-101.695781,72.291938],[-101.717632,72.311428],[-101.741761,72.305732],[-101.782044,72.308783],[-101.84015,72.326483],[-101.893169,72.360419],[-101.872783,72.38109],[-101.893169,72.395168],[-101.866273,72.399644],[-101.77647,72.395168],[-101.794251,72.412055],[-101.919821,72.408189],[-101.906231,72.422512],[-101.961488,72.470282],[-101.906231,72.470282],[-101.933981,72.486518],[-102.065329,72.512356],[-102.139304,72.541083],[-102.167542,72.53856],[-102.164206,72.529039],[-102.194805,72.532375],[-102.206198,72.543443],[-102.256695,72.547675],[-102.34194,72.579535],[-102.392803,72.579535],[-102.413311,72.600653],[-102.614238,72.661322],[-102.74229,72.730373],[-102.714987,72.752021],[-102.750347,72.763902],[-102.755962,72.812323],[-102.602031,72.912177],[-102.595521,72.953518],[-102.557028,73.002265],[-102.484763,73.041246],[-102.39264,73.047512],[-102.351909,73.059963],[-102.392803,73.066107],[-102.361675,73.070461],[-102.297588,73.065334],[-102.269349,73.072943],[-102.28294,73.087226],[-102.206035,73.078681],[-102.079977,73.088202],[-102.046205,73.080308],[-101.947816,73.093451],[-101.981304,73.066107],[-101.962871,73.053656],[-101.906231,73.059963],[-101.866761,73.022773],[-101.823141,73.017727],[-101.773744,73.024726],[-101.762839,73.018988],[-101.789531,72.984809],[-101.759339,72.984849],[-101.734925,72.970526],[-101.80125,72.976874],[-101.817486,72.970526],[-101.739238,72.92768],[-101.628724,72.89232],[-101.597881,72.922268],[-101.567852,72.927314],[-101.543763,72.922105],[-101.598369,72.908433],[-101.522279,72.880805],[-101.463482,72.830797],[-101.468609,72.806098],[-101.397279,72.783433],[-101.355083,72.77851],[-101.324037,72.78559],[-101.364971,72.806098],[-101.340557,72.806138],[-101.295513,72.791449],[-101.276836,72.778754],[-101.311097,72.747707],[-101.330873,72.744574],[-101.368714,72.758246],[-101.413392,72.752021],[-101.333558,72.724799],[-101.134421,72.711615],[-101.056011,72.690863],[-101.00348,72.703681],[-100.947246,72.689399],[-100.912171,72.690009],[-100.839011,72.707709],[-100.810121,72.724107],[-100.872173,72.737779],[-100.846416,72.763129],[-100.755759,72.750393],[-100.590964,72.758734],[-100.496441,72.752143],[-100.487936,72.744574],[-100.481751,72.752021],[-100.448345,72.738105],[-100.348003,72.776557],[-100.316631,72.806098],[-100.333395,72.850165],[-100.420269,72.874986],[-100.396628,72.902818],[-100.447002,72.922105],[-100.392396,72.9501],[-100.418316,72.956],[-100.48521,72.953803],[-100.502259,72.96369],[-100.447002,73.004706],[-100.467429,73.018988],[-100.436911,73.033677],[-100.405986,73.03266],[-100.420269,73.039496],[-100.383444,73.027655],[-100.35138,73.052476],[-100.310405,73.03266],[-100.359356,73.011786],[-100.405986,73.018988],[-100.38141,73.00967],[-100.416566,72.978339],[-100.373028,72.951361],[-100.312236,72.937974],[-100.282533,72.936428],[-100.306296,72.950629],[-100.293804,72.962307],[-100.268779,72.960028],[-100.264995,72.922838],[-100.312643,72.918769],[-100.329693,72.908433],[-100.316631,72.877427],[-100.200542,72.881171],[-100.135316,72.896186],[-100.071758,72.888577],[-100.064352,72.901028],[-100.088441,72.919013],[-100.069072,72.93244],[-100.035462,72.936428],[-100.049704,72.96369],[-100.180075,72.991034],[-100.169292,73.003811],[-100.111187,72.998481],[-100.128032,73.015367],[-100.111187,73.03266],[-100.152162,73.03266],[-100.131695,73.046291],[-100.153301,73.052558],[-100.203919,73.046332],[-100.227886,73.052476],[-100.173239,73.079779],[-100.207826,73.09809],[-100.289206,73.092231],[-100.323467,73.100898],[-100.262025,73.114569],[-100.296123,73.121405],[-100.279766,73.127387],[-100.227886,73.134426],[-100.264548,73.141791],[-100.314922,73.14175],[-100.363628,73.133938],[-100.458355,73.086168],[-100.529522,73.093451],[-100.519349,73.116034],[-100.611472,73.148098],[-100.577292,73.179389],[-100.522075,73.182807],[-100.522686,73.191474],[-100.467429,73.203315],[-100.509828,73.219794],[-100.556255,73.223822],[-100.556255,73.231269],[-100.447002,73.244289],[-100.453757,73.25788],[-100.381328,73.290351],[-100.35138,73.29267],[-100.356548,73.273993],[-100.292298,73.28498],[-100.199525,73.24018],[-100.104351,73.244289],[-100.13853,73.223822],[-100.038677,73.193671],[-99.811138,73.195136],[-99.768617,73.210761],[-99.81891,73.217963],[-99.926006,73.213772],[-100.05357,73.245185],[-100.159567,73.29267],[-100.206768,73.333686],[-100.362896,73.399604],[-100.393128,73.394517],[-100.378724,73.381496],[-100.405986,73.367825],[-100.388653,73.340522],[-100.337139,73.326239],[-100.477642,73.32331],[-100.658062,73.281073],[-100.857891,73.262844],[-100.97402,73.281968],[-101.031597,73.302436],[-101.029196,73.326239],[-101.066794,73.325019],[-101.288962,73.360053],[-101.31777,73.374661],[-101.314841,73.400458],[-101.349834,73.412421],[-101.430482,73.415595],[-101.485088,73.443549],[-101.563213,73.44953],[-101.584697,73.45718],[-101.567201,73.461656],[-101.550599,73.45718],[-101.561585,73.468573],[-101.625632,73.49136],[-101.531597,73.495551],[-101.437155,73.553412],[-101.378643,73.559556],[-101.303529,73.552232],[-101.26939,73.560045],[-101.229839,73.606147],[-100.978008,73.594387],[-100.91856,73.602973],[-100.844829,73.567043],[-100.769146,73.545885],[-100.693991,73.477688],[-100.654278,73.461493],[-100.557679,73.453559],[-100.517681,73.423163],[-100.440044,73.408108],[-100.420269,73.419257],[-100.439312,73.439521],[-100.482647,73.458319],[-100.589214,73.483791],[-100.60431,73.498765],[-100.60313,73.517808],[-100.543194,73.567043],[-100.549419,73.600531],[-100.647808,73.600735],[-100.691468,73.624416],[-100.7311,73.619208],[-100.760723,73.605048],[-100.874736,73.618638],[-100.913148,73.635321],[-100.877259,73.642727],[-100.857891,73.66885],[-101.047914,73.682563],[-101.057232,73.69599],[-101.016175,73.717231],[-101.06362,73.731513],[-101.118552,73.724066],[-101.095033,73.742499],[-101.011862,73.754136],[-100.981426,73.772528],[-101.029196,73.778713],[-101.004945,73.802395],[-100.968161,73.812486],[-100.885845,73.814032],[-100.885845,73.832099],[-100.758281,73.814399],[-100.7228,73.817369],[-100.641419,73.854315],[-100.414938,73.843655],[-100.302715,73.809516],[-100.17271,73.799994],[-100.069927,73.773017],[-100.023296,73.737779],[-100.029278,73.765611],[-99.974346,73.796088],[-99.967835,73.814032],[-99.861065,73.844468],[-99.846091,73.888332],[-99.888775,73.895413],[-99.87848,73.868069],[-99.914369,73.888251],[-99.954082,73.879462],[-100.029278,73.841376],[-100.08604,73.831773],[-100.262025,73.841376],[-100.247702,73.855048],[-100.302959,73.861233],[-100.278667,73.889553],[-100.214173,73.919867],[-100.154196,73.926418],[-100.094138,73.943183],[-100.001323,73.950019],[-99.802715,73.936957],[-99.837464,73.902248],[-99.789043,73.868069],[-99.773052,73.876776],[-99.701275,73.847642],[-99.51471,73.83393],[-99.446392,73.79975],[-99.393128,73.799547],[-99.355042,73.776923],[-99.218405,73.739447],[-99.209616,73.719306],[-99.247783,73.696723],[-99.191224,73.690253],[-99.163392,73.69538],[-99.128643,73.751776],[-99.05418,73.75137],[-98.914694,73.763983],[-98.838604,73.761664],[-98.789125,73.737738],[-98.747417,73.764879],[-98.67918,73.777411],[-98.60313,73.780585],[-98.534893,73.794135],[-98.096538,73.818305],[-98.046123,73.837104],[-97.976909,73.848578],[-97.904644,73.902248],[-97.773906,73.918891],[-97.733298,73.909003],[-97.835755,73.868069],[-97.803814,73.859361],[-97.613384,73.895453],[-97.570456,73.893704],[-97.461244,73.86518],[-97.260357,73.861233],[-97.193706,73.84748],[-97.068828,73.770453],[-96.956402,73.737291],[-96.938213,73.686835],[-96.973003,73.662665],[-96.969585,73.640815],[-96.994732,73.625922],[-97.171978,73.58926],[-97.177837,73.573879],[-97.220033,73.555976],[-97.277691,73.554755],[-97.448589,73.58515],[-97.431703,73.532294],[-97.4846,73.521064],[-97.59194,73.54267],[-97.643942,73.5397],[-97.631084,73.526028],[-97.668519,73.482123],[-97.615703,73.457831],[-97.551738,73.468004],[-97.445049,73.502631],[-97.397523,73.49136],[-97.40501,73.484442],[-97.37848,73.473293],[-97.348044,73.46955],[-97.220195,73.477484],[-97.183208,73.472357],[-97.164776,73.449693],[-97.254131,73.436103],[-97.183819,73.421373],[-97.164776,73.408759],[-97.150493,73.395087],[-97.177837,73.374661],[-97.17271,73.358954],[-97.223044,73.350979],[-97.265606,73.367377],[-97.295147,73.366441],[-97.589092,73.320054],[-97.665101,73.320624],[-97.657858,73.312405],[-97.733298,73.306342],[-97.828268,73.278266],[-97.868999,73.236274],[-98.189312,73.116767],[-98.231589,73.088324],[-98.348613,73.043647],[-98.49404,73.01789],[-98.514751,73.004706],[-98.474916,73.001614],[-98.445293,72.984809],[-98.473207,72.96369],[-98.431621,72.943427],[-98.452984,72.912258],[-98.446188,72.872504],[-98.417583,72.861029],[-98.395326,72.904853],[-98.267722,72.977362],[-98.12669,73.012844],[-98.090231,73.03266],[-98.074769,73.024482],[-98.05479,73.026272],[-97.985169,73.044135],[-97.87437,73.047756],[-97.836813,73.041409],[-97.660747,73.036689],[-97.255962,72.962063],[-97.226218,72.936428],[-97.250713,72.935004],[-97.273825,72.87873],[-97.4186,72.867499],[-97.4186,72.860663],[-97.266257,72.854438],[-97.219382,72.840237],[-97.164898,72.785142],[-97.090801,72.78266],[-97.025615,72.729478],[-97.185283,72.668891],[-97.171001,72.648424],[-97.192119,72.642239],[-97.177837,72.634711],[-97.19391,72.615058],[-97.159404,72.607367],[-97.068584,72.614244],[-96.932028,72.675727],[-96.710511,72.71483],[-96.659079,72.714016],[-96.602764,72.737494],[-96.596579,72.746283],[-96.61611,72.752021],[-96.537578,72.752021],[-96.513653,72.724107],[-96.588766,72.696845],[-96.452251,72.642239],[-96.448711,72.596381],[-96.403789,72.565863],[-96.438579,72.53856],[-96.390199,72.545356],[-96.379294,72.540107],[-96.32127,72.466864]]],[[[-99.247426,73.855048],[-99.355133,73.866156],[-99.411366,73.882717],[-99.440256,73.909003],[-99.389719,73.923733],[-99.096995,73.957465],[-98.999338,73.950507],[-98.9735,73.957465],[-99.021881,73.984768],[-98.982777,73.995917],[-98.8426,74.007392],[-98.752512,74.033637],[-98.529205,74.033393],[-98.173004,74.097724],[-97.72525,74.121649],[-97.657582,74.101386],[-97.643219,74.072211],[-97.692942,74.032945],[-97.808461,73.977932],[-98.007151,73.939154],[-98.074371,73.898871],[-98.143422,73.878404],[-98.651438,73.83454],[-98.718373,73.86522],[-98.743031,73.854682],[-98.748525,73.836412],[-98.720204,73.827094],[-98.740834,73.818915],[-98.897043,73.818671],[-98.951283,73.807115],[-99.143381,73.821601],[-99.172109,73.83393],[-99.145375,73.84101],[-98.826243,73.832099],[-98.843984,73.85224],[-98.876047,73.856879],[-99.247426,73.855048]]],[[[-90.291005,73.923285],[-90.195709,73.902248],[-90.26415,73.844794],[-90.291249,73.847602],[-90.325429,73.875474],[-90.378896,73.858385],[-90.361643,73.82689],[-90.373199,73.792385],[-90.510732,73.697943],[-90.786366,73.55683],[-90.845937,73.545885],[-90.938954,73.545885],[-90.983388,73.559556],[-90.995961,73.551215],[-90.921254,73.498114],[-91.032623,73.444159],[-91.044789,73.415595],[-91.075592,73.40766],[-91.104075,73.377346],[-91.175771,73.354153],[-91.25768,73.272203],[-91.304311,73.255927],[-91.379058,73.258124],[-91.461293,73.244289],[-91.59557,73.243598],[-91.63386,73.231269],[-91.377309,73.213446],[-91.376332,73.203192],[-91.473704,73.134426],[-91.497304,73.100898],[-91.645619,73.022366],[-91.651479,72.984687],[-91.771555,72.922919],[-91.857655,72.847968],[-92.01183,72.79857],[-92.095815,72.746243],[-92.168853,72.730373],[-92.384877,72.709906],[-92.467193,72.72191],[-92.58316,72.726304],[-92.628651,72.740383],[-93.048207,72.769192],[-93.114491,72.78559],[-93.211008,72.78559],[-93.301015,72.818345],[-93.403228,72.794338],[-93.503163,72.797797],[-93.598704,72.784654],[-94.15567,72.771308],[-94.28661,72.780341],[-94.32079,72.765082],[-94.333567,72.734687],[-94.31432,72.71662],[-94.227162,72.736965],[-94.185943,72.736802],[-94.019521,72.71247],[-93.875803,72.709906],[-93.812815,72.741685],[-93.787424,72.740709],[-93.816803,72.64525],[-93.783599,72.630072],[-93.662221,72.614244],[-93.628326,72.601223],[-93.560292,72.565985],[-93.5006,72.516018],[-93.464223,72.463446],[-93.492055,72.433539],[-93.549224,72.425482],[-93.622792,72.357856],[-93.684885,72.335028],[-93.811025,72.316311],[-94.026601,72.154975],[-94.046457,72.100328],[-94.087758,72.063544],[-94.218373,72.052558],[-94.233876,72.032416],[-94.206532,72.023261],[-94.16275,72.021796],[-94.129018,72.024604],[-94.056793,72.062649],[-94.026601,72.065579],[-94.073801,72.024604],[-94.032826,72.004096],[-94.067535,71.997952],[-94.060129,71.983629],[-94.088287,71.979397],[-94.190419,72.004096],[-94.291331,72.002916],[-94.34496,72.025621],[-94.578277,72.019477],[-94.601959,72.010932],[-94.601959,72.017768],[-94.749501,72.015326],[-95.145253,71.965888],[-95.17276,71.973293],[-95.109039,71.990465],[-95.109039,71.997952],[-95.211497,71.994208],[-95.187082,72.068996],[-95.088612,72.100328],[-95.193918,72.099921],[-95.201243,72.110907],[-95.187652,72.115953],[-95.129506,72.113959],[-95.079213,72.130194],[-94.790435,72.159939],[-94.840688,72.166449],[-95.113026,72.138983],[-95.176747,72.154975],[-95.161366,72.160712],[-95.213857,72.204779],[-95.170522,72.288723],[-95.163686,72.354193],[-95.235341,72.439521],[-95.218577,72.444159],[-95.143178,72.436184],[-95.198476,72.45661],[-95.135732,72.463446],[-95.184682,72.492499],[-95.21524,72.532416],[-95.313873,72.545356],[-95.348622,72.593817],[-95.313873,72.607489],[-95.363189,72.639716],[-95.436513,72.65705],[-95.451731,72.683173],[-95.546742,72.689643],[-95.592681,72.699449],[-95.588246,72.724107],[-95.609364,72.730373],[-95.590403,72.743394],[-95.513092,72.737779],[-95.574574,72.771308],[-95.563588,72.786282],[-95.621897,72.786444],[-95.668935,72.802151],[-95.662994,72.884914],[-95.622955,72.929633],[-95.674875,72.982815],[-95.717397,72.997138],[-95.719228,73.011542],[-95.664703,73.02261],[-95.650299,73.039496],[-95.648752,73.05744],[-95.691274,73.087226],[-95.651601,73.118598],[-95.600942,73.130683],[-95.53189,73.12637],[-95.513254,73.133734],[-95.546051,73.156399],[-95.582021,73.16234],[-95.588531,73.230211],[-95.560902,73.231269],[-95.560902,73.238023],[-95.589752,73.246731],[-95.591664,73.302639],[-95.650299,73.333686],[-95.615549,73.347317],[-95.601918,73.388902],[-95.644276,73.405463],[-95.68517,73.463202],[-95.629221,73.50495],[-95.656484,73.512397],[-95.635854,73.528144],[-95.704945,73.559556],[-95.643463,73.567043],[-95.670155,73.586859],[-95.632924,73.59455],[-95.612945,73.596381],[-95.569895,73.575426],[-95.540435,73.580715],[-95.642323,73.630316],[-95.725413,73.641506],[-95.68456,73.667914],[-95.719228,73.690579],[-95.656484,73.704169],[-95.684438,73.717231],[-95.662343,73.730943],[-95.582021,73.737738],[-95.446401,73.774115],[-95.411733,73.776435],[-95.353912,73.751858],[-95.308217,73.767646],[-95.277211,73.768134],[-95.24592,73.759711],[-95.021352,73.6706],[-94.8037,73.648912],[-94.622426,73.655748],[-94.684804,73.685004],[-94.840199,73.691596],[-94.910471,73.710395],[-95.07429,73.778266],[-95.115875,73.814032],[-94.957631,73.83393],[-94.957631,73.841376],[-95.047597,73.861233],[-95.109039,73.847602],[-95.129506,73.827094],[-95.155385,73.827297],[-95.299184,73.879543],[-95.330922,73.917467],[-95.327504,73.946723],[-95.293365,73.992174],[-95.248647,74.009914],[-95.041615,74.02676],[-94.946685,74.047675],[-94.859364,74.05683],[-94.72057,74.101386],[-94.652903,74.09398],[-94.46231,74.097561],[-94.373931,74.13227],[-93.919016,74.140082],[-93.883046,74.129136],[-93.826527,74.087958],[-93.793202,74.07803],[-93.757232,74.077135],[-93.724924,74.087795],[-93.750111,74.09455],[-93.76594,74.135565],[-93.729848,74.160834],[-93.667551,74.172838],[-93.272572,74.177965],[-93.017649,74.141547],[-92.799957,74.131822],[-92.751088,74.108303],[-92.765004,74.093207],[-92.74706,74.08511],[-92.722727,74.083401],[-92.642812,74.102973],[-92.517079,74.070054],[-92.430165,74.062405],[-92.318959,74.0244],[-92.271311,73.992174],[-92.333974,73.943183],[-92.13093,73.950832],[-92.107411,73.992174],[-92.05899,73.992174],[-91.814524,74.028754],[-91.775787,74.016547],[-91.572377,74.033149],[-91.370473,74.015286],[-90.993886,74.005927],[-90.34968,73.915839],[-90.332631,73.930243],[-90.291005,73.923285]]],[[[-97.736806,74.471381],[-97.769276,74.475735],[-97.794789,74.491889],[-97.757232,74.519761],[-97.634674,74.546617],[-97.618072,74.574042],[-97.541982,74.589586],[-97.503041,74.623033],[-97.458363,74.630561],[-97.370229,74.629055],[-97.260365,74.597968],[-97.377065,74.512356],[-97.452138,74.512356],[-97.486318,74.506171],[-97.63622,74.459947],[-97.6787,74.457099],[-97.736806,74.471381]]],[[[-95.362294,74.590806],[-95.266754,74.543606],[-95.255605,74.518785],[-95.313873,74.498033],[-95.349599,74.495917],[-95.7176,74.532538],[-95.841868,74.564887],[-95.870025,74.581244],[-95.795562,74.5987],[-95.732818,74.58747],[-95.752105,74.614488],[-95.712229,74.632025],[-95.656646,74.641099],[-95.563222,74.64289],[-95.423573,74.615546],[-95.362294,74.590806]]],[[[-103.638417,75.19953],[-103.585805,75.177151],[-103.604115,75.155463],[-103.762685,75.090644],[-103.867258,75.064439],[-104.163645,75.037258],[-104.229482,75.018866],[-104.339345,75.032457],[-104.46935,75.035102],[-104.595855,75.049465],[-104.705556,75.069037],[-104.788564,75.09809],[-104.906484,75.124091],[-104.929555,75.141099],[-104.909291,75.158393],[-104.814361,75.182318],[-104.744008,75.252183],[-104.688791,75.266506],[-104.731068,75.268459],[-104.77066,75.279527],[-104.714915,75.304592],[-104.70226,75.333157],[-104.481801,75.414944],[-104.403228,75.432603],[-104.13093,75.435614],[-104.072418,75.416693],[-103.968821,75.409857],[-103.893666,75.375678],[-103.820546,75.366685],[-103.811431,75.336982],[-103.745229,75.287909],[-103.746938,75.239244],[-103.667104,75.218004],[-103.667104,75.205024],[-103.638417,75.19953]]],[[[-93.43692,74.944322],[-93.409006,74.889106],[-93.443105,74.769273],[-93.458892,74.749986],[-93.495432,74.743394],[-93.56664,74.745103],[-93.472239,74.734442],[-93.457387,74.71776],[-93.533111,74.6706],[-93.607655,74.654202],[-94.195221,74.636217],[-94.286244,74.65766],[-94.424631,74.640204],[-94.451161,74.629055],[-94.724192,74.631781],[-94.773305,74.652574],[-94.79011,74.674547],[-94.828603,74.685126],[-94.871205,74.684556],[-94.92101,74.663764],[-95.066965,74.682074],[-95.088612,74.690497],[-95.053822,74.731431],[-95.305409,74.805487],[-95.335601,74.804389],[-95.384999,74.779242],[-95.442454,74.772935],[-95.464711,74.779853],[-95.382802,74.79975],[-95.382802,74.807196],[-95.460439,74.804267],[-95.480214,74.781317],[-95.451731,74.745103],[-95.511342,74.743598],[-95.540151,74.751207],[-95.54662,74.773017],[-95.492055,74.79975],[-95.514882,74.814114],[-95.632395,74.81269],[-95.676422,74.818915],[-95.718902,74.846584],[-95.743276,74.836127],[-95.739084,74.820787],[-95.897572,74.825873],[-95.924672,74.834418],[-95.891469,74.835883],[-95.870025,74.854967],[-95.96231,74.863227],[-96.033274,74.895941],[-96.120595,74.917711],[-96.136871,74.936916],[-96.113149,74.945258],[-96.033274,74.950588],[-96.054555,74.972724],[-96.108998,74.957994],[-96.143137,74.957994],[-96.054351,75.012641],[-96.064605,75.023586],[-96.150543,75.018866],[-96.150543,74.985297],[-96.196156,74.963772],[-96.2058,74.93065],[-96.231272,74.914252],[-96.266672,74.909613],[-96.3485,74.90998],[-96.387563,74.918606],[-96.403798,74.936916],[-96.384145,74.959174],[-96.397613,74.985297],[-96.331695,74.978258],[-96.329457,75.004136],[-96.349436,75.008694],[-96.519846,75.005805],[-96.589833,74.984809],[-96.616119,74.991523],[-96.588775,75.032457],[-96.598053,75.075507],[-96.50886,75.139472],[-96.46935,75.194403],[-96.437978,75.195868],[-96.38801,75.179999],[-96.3697,75.197577],[-96.403798,75.211249],[-96.354115,75.224677],[-96.132192,75.245347],[-96.07844,75.236762],[-95.986073,75.252183],[-96.00768,75.259467],[-96.088287,75.254788],[-96.089589,75.2685],[-96.033355,75.281887],[-95.944936,75.283677],[-95.903554,75.293158],[-95.933705,75.302883],[-96.171051,75.287014],[-96.171051,75.30744],[-96.027008,75.327867],[-95.961781,75.376166],[-95.920522,75.389635],[-95.889882,75.368883],[-95.937652,75.348456],[-95.802968,75.370103],[-95.780019,75.382514],[-96.038889,75.404771],[-96.081654,75.403022],[-96.081654,75.38935],[-96.1551,75.377753],[-96.177887,75.382514],[-96.155507,75.408026],[-96.114247,75.419501],[-96.033274,75.42414],[-96.009877,75.417792],[-95.986073,75.438218],[-95.880605,75.42829],[-95.84203,75.400377],[-95.779205,75.39643],[-95.704945,75.403022],[-95.687896,75.422187],[-95.80016,75.436225],[-95.842112,75.465074],[-95.791493,75.501044],[-95.590566,75.548896],[-95.521148,75.554592],[-95.44929,75.572577],[-95.373443,75.554999],[-95.297597,75.603949],[-95.192128,75.590888],[-95.151194,75.593166],[-95.074452,75.620266],[-94.981801,75.622748],[-94.899526,75.644721],[-94.39391,75.604234],[-94.051503,75.474189],[-93.987416,75.439276],[-93.888783,75.416693],[-93.786122,75.374416],[-93.676503,75.362047],[-93.649241,75.327867],[-93.722157,75.313422],[-93.800038,75.314276],[-93.800038,75.30744],[-93.667836,75.30268],[-93.499379,75.268012],[-93.522776,75.230862],[-93.580312,75.205024],[-93.46227,75.135077],[-93.512034,75.09516],[-93.491567,75.074042],[-93.607777,75.055325],[-93.642405,75.039944],[-93.622141,75.034369],[-93.534535,75.044664],[-93.448842,74.98786],[-93.43692,74.944322]]],[[[-96.575103,75.43773],[-96.675689,75.43651],[-96.705474,75.42414],[-96.687734,75.412828],[-96.622914,75.403022],[-96.656728,75.388577],[-96.781158,75.375678],[-96.872711,75.357367],[-96.869293,75.375678],[-96.959584,75.384711],[-96.986684,75.396796],[-96.95641,75.401109],[-96.947377,75.414374],[-97.034413,75.458319],[-97.014027,75.471747],[-97.054921,75.499213],[-96.705474,75.568183],[-96.669911,75.554511],[-96.530751,75.581204],[-96.436187,75.587795],[-96.41686,75.594794],[-96.424306,75.63581],[-96.375111,75.65998],[-96.286936,75.650336],[-96.131215,75.609524],[-96.045033,75.612209],[-96.027008,75.60163],[-96.027008,75.609076],[-95.936147,75.58039],[-95.91039,75.560696],[-95.949045,75.541978],[-96.047515,75.527167],[-96.048573,75.509345],[-96.205719,75.457994],[-96.294667,75.494208],[-96.408559,75.522284],[-96.415354,75.551459],[-96.365956,75.564399],[-96.364613,75.575995],[-96.424306,75.581204],[-96.41686,75.568183],[-96.515004,75.550238],[-96.541005,75.533393],[-96.54894,75.50495],[-96.502675,75.461575],[-96.575103,75.43773]]],[[[-120.997955,75.930609],[-120.920888,75.941148],[-120.882924,75.936428],[-120.868276,75.916938],[-120.914133,75.810452],[-120.991119,75.763007],[-121.092112,75.734117],[-121.168202,75.73371],[-121.256825,75.745836],[-121.293446,75.759955],[-121.252431,75.777289],[-121.022613,75.823472],[-121.032786,75.841864],[-120.997955,75.869818],[-121.046376,75.89647],[-120.997955,75.930609]]],[[[-102.87328,75.766099],[-102.894643,75.750881],[-103.327463,75.750881],[-103.386586,75.766099],[-103.271108,75.792385],[-103.249379,75.807074],[-103.310862,75.807074],[-103.254058,75.829657],[-103.18517,75.837063],[-103.051381,75.834418],[-103.137278,75.85106],[-103.109934,75.886298],[-103.044911,75.906155],[-102.490102,75.969306],[-102.406117,75.96898],[-102.21467,75.992662],[-102.070709,75.972235],[-102.086252,75.958808],[-101.981313,75.951728],[-101.988759,75.937445],[-102.093373,75.915351],[-102.388661,75.890367],[-102.441274,75.869818],[-102.504506,75.799058],[-102.604807,75.77261],[-102.667144,75.766099],[-102.731516,75.778062],[-102.728627,75.759955],[-102.768056,75.758287],[-102.804351,75.766099],[-102.796946,75.773586],[-102.87328,75.766099]]],[[[-94.48526,75.97842],[-94.457509,75.965888],[-94.423207,75.87287],[-94.300282,75.80093],[-94.294586,75.775702],[-94.316518,75.76435],[-94.657786,75.746487],[-94.743804,75.761542],[-94.823354,75.810492],[-94.82787,75.888983],[-94.878733,75.90351],[-94.910471,75.937445],[-94.852366,75.953192],[-94.663442,75.965399],[-94.539906,75.989244],[-94.532338,75.998033],[-94.48526,75.97842]]],[[[-102.571645,75.992662],[-103.69164,75.888983],[-103.801503,75.903266],[-103.888987,75.898627],[-103.914174,75.903266],[-103.931508,75.927191],[-103.976226,75.944281],[-103.821034,75.947984],[-103.725453,75.978339],[-103.497914,75.982367],[-103.318918,76.022854],[-103.206776,76.023668],[-103.113026,76.05036],[-103.029652,76.047309],[-102.443837,76.089911],[-102.327992,76.065416],[-102.326812,76.022773],[-102.355946,76.013129],[-102.571645,75.992662]]],[[[-117.784739,75.89647],[-117.839345,75.855536],[-117.818227,75.841864],[-117.894602,75.821357],[-117.89977,75.804511],[-117.941721,75.787258],[-117.935455,75.734687],[-117.973297,75.73017],[-118.27066,75.615912],[-118.202382,75.60163],[-118.252512,75.595649],[-118.613922,75.50373],[-118.707875,75.508246],[-118.795033,75.530829],[-118.94164,75.533393],[-118.930491,75.545478],[-118.873931,75.5539],[-118.936513,75.56269],[-119.010732,75.555569],[-119.093251,75.572943],[-119.198354,75.564399],[-119.409047,75.60163],[-119.409047,75.615912],[-119.332102,75.660793],[-119.052561,75.751654],[-118.992055,75.761542],[-118.84203,75.835395],[-118.757314,75.84809],[-118.741282,75.873969],[-118.621205,75.922065],[-118.319081,75.972235],[-118.174469,75.972235],[-118.087066,76.035468],[-118.019928,76.038886],[-117.887074,76.067776],[-117.894602,76.081488],[-117.798695,76.11164],[-117.659739,76.125881],[-117.626373,76.115627],[-117.542348,76.10932],[-117.462514,76.088284],[-117.519276,76.03148],[-117.578603,76.006334],[-117.584096,75.978339],[-117.68102,75.923774],[-117.784739,75.89647]]],[[[-78.895416,76.122992],[-78.812571,76.100043],[-78.799875,76.084866],[-78.825551,76.062242],[-78.860707,76.047309],[-79.144114,75.980292],[-79.176015,75.957953],[-79.148061,75.924954],[-78.874989,75.855536],[-78.896474,75.842597],[-78.971425,75.84809],[-79.050526,75.841132],[-79.073598,75.84809],[-79.025217,75.869818],[-79.04662,75.876166],[-79.113149,75.869818],[-79.279164,75.876532],[-79.42984,75.84809],[-79.410308,75.836249],[-79.340443,75.828803],[-79.43814,75.795356],[-79.476959,75.820461],[-79.593739,75.821357],[-79.566396,75.844957],[-79.586903,75.861558],[-79.651194,75.870022],[-79.723134,75.862372],[-79.752024,75.882799],[-79.632965,75.893052],[-79.601186,75.903266],[-79.583485,75.948147],[-79.502187,75.961982],[-79.409779,76.004706],[-79.320221,76.016059],[-79.26476,76.033637],[-79.253,76.058743],[-79.14566,76.083075],[-79.068186,76.124701],[-79.011098,76.128892],[-78.895416,76.122992]]],[[[-81.327952,76.149726],[-81.436147,76.154731],[-81.465077,76.164008],[-81.368398,76.189643],[-81.253326,76.19538],[-81.204416,76.184475],[-81.26301,76.160834],[-81.327952,76.149726]]],[[[-103.811431,76.033637],[-103.944325,76.040758],[-103.873158,76.054145],[-104.065419,76.067328],[-104.078603,76.054145],[-104.394521,76.081488],[-104.478139,76.14704],[-104.444325,76.17182],[-104.342275,76.183051],[-104.312001,76.212388],[-104.202545,76.225409],[-104.129547,76.21955],[-104.082143,76.22956],[-103.911773,76.244127],[-103.857086,76.256903],[-103.708892,76.262397],[-103.589589,76.259019],[-103.52538,76.272528],[-103.446929,76.278144],[-102.726633,76.315619],[-102.653554,76.294338],[-102.625803,76.258002],[-102.541575,76.23135],[-102.585276,76.184475],[-102.530629,76.157172],[-102.62621,76.157172],[-102.612538,76.1435],[-102.683013,76.117011],[-102.837636,76.080634],[-103.236399,76.047309],[-103.811431,76.033637]]],[[[-89.380116,76.445136],[-89.407379,76.437934],[-89.596425,76.443671],[-89.626536,76.451361],[-89.524973,76.480414],[-89.380116,76.445136]]],[[[-83.992258,76.42536],[-84.123443,76.451361],[-84.103627,76.482408],[-84.137807,76.514065],[-84.013417,76.503363],[-83.911244,76.471869],[-83.992258,76.42536]]],[[[-104.39802,76.468736],[-104.463938,76.498603],[-104.525461,76.483222],[-104.572092,76.492336],[-104.59317,76.520209],[-104.565907,76.527086],[-104.588368,76.539537],[-104.668284,76.554999],[-104.640981,76.581732],[-104.681304,76.6022],[-104.652008,76.602037],[-104.352406,76.663316],[-104.024648,76.670478],[-103.966868,76.661689],[-103.924713,76.640082],[-103.935618,76.622016],[-104.058176,76.568061],[-104.024485,76.562079],[-103.945465,76.577338],[-103.882965,76.577867],[-103.853424,76.610297],[-103.825347,76.622707],[-103.796132,76.623114],[-103.677968,76.577135],[-103.557932,76.568061],[-103.59081,76.546698],[-103.579742,76.526842],[-103.387359,76.496649],[-103.249379,76.506578],[-103.234242,76.473619],[-103.070058,76.464586],[-103.020741,76.4501],[-103.010406,76.423489],[-103.336252,76.331732],[-103.88036,76.316962],[-103.949859,76.326361],[-104.377675,76.324856],[-104.407582,76.335273],[-104.333119,76.369452],[-104.366607,76.389879],[-104.438547,76.390815],[-104.462229,76.396715],[-104.403676,76.420722],[-104.39802,76.468736]]],[[[-97.424875,75.519721],[-97.373402,75.441636],[-97.280873,75.403022],[-97.305002,75.395168],[-97.472279,75.424506],[-97.498769,75.454535],[-97.479482,75.492377],[-97.724233,75.572211],[-97.76061,75.574368],[-97.749827,75.547756],[-97.828847,75.55386],[-97.856272,75.547675],[-97.76122,75.500067],[-97.747426,75.475409],[-97.773834,75.46015],[-97.82315,75.465033],[-97.86144,75.512437],[-97.923695,75.519599],[-97.955637,75.507636],[-97.945627,75.492377],[-98.021067,75.491929],[-98.041819,75.484931],[-97.945627,75.47134],[-97.972808,75.462958],[-98.055491,75.458319],[-98.020375,75.449123],[-97.942494,75.454413],[-97.774281,75.42414],[-97.805084,75.414374],[-98.035308,75.415513],[-98.062327,75.403022],[-97.879994,75.374335],[-97.911488,75.362047],[-97.993398,75.355211],[-97.986562,75.368883],[-98.082834,75.355211],[-98.062327,75.375678],[-98.122955,75.368638],[-98.164703,75.334174],[-98.116933,75.327867],[-98.137441,75.334174],[-98.106313,75.342353],[-98.075999,75.327867],[-98.102284,75.315579],[-98.131215,75.314276],[-98.116689,75.298],[-98.05724,75.286811],[-97.973622,75.332587],[-97.930531,75.339545],[-97.890981,75.327867],[-97.953033,75.314276],[-97.945627,75.30744],[-98.000844,75.279527],[-97.911488,75.266506],[-97.924916,75.287177],[-97.897776,75.305487],[-97.85143,75.264716],[-97.759999,75.237942],[-97.733306,75.211249],[-97.773671,75.213202],[-97.802235,75.197577],[-97.766265,75.190863],[-97.695058,75.192369],[-97.657582,75.183295],[-97.684926,75.170233],[-97.614491,75.15412],[-97.60204,75.170111],[-97.568837,75.149807],[-97.643625,75.12641],[-97.727651,75.113349],[-97.812856,75.113105],[-98.013295,75.159573],[-98.035024,75.177151],[-98.021352,75.211249],[-98.035878,75.220445],[-98.103261,75.225531],[-98.079945,75.207587],[-98.151031,75.183295],[-98.123769,75.177151],[-98.151031,75.170233],[-98.103383,75.141059],[-97.973256,75.111965],[-97.944325,75.052558],[-97.975819,75.014472],[-98.035024,75.026272],[-98.750234,74.98843],[-98.789133,74.998969],[-98.746938,75.012641],[-98.773101,75.0185],[-98.830556,75.010891],[-98.856801,75.018866],[-98.843129,75.026272],[-98.863637,75.039944],[-98.836903,75.054185],[-98.860422,75.065253],[-98.900217,75.067084],[-98.966664,75.04678],[-98.941558,75.030463],[-98.954172,75.008938],[-99.374257,74.989203],[-99.405507,74.998969],[-99.378163,75.012641],[-99.378326,75.046861],[-99.280751,75.110012],[-99.305776,75.131293],[-99.389638,75.076158],[-99.501047,75.032457],[-99.425933,74.991523],[-99.479115,74.996405],[-99.528717,74.982815],[-99.645416,74.97602],[-100.33019,75.014065],[-100.368764,75.023098],[-100.397939,75.058824],[-100.387563,75.120592],[-100.433339,75.149807],[-100.398549,75.163398],[-100.454091,75.181464],[-100.515045,75.187079],[-100.549428,75.205024],[-100.488149,75.227118],[-100.416493,75.234565],[-100.017486,75.229315],[-99.98705,75.238593],[-100.009145,75.246975],[-100.061879,75.24608],[-100.252268,75.263007],[-100.353749,75.256822],[-100.405995,75.273342],[-100.279449,75.289008],[-100.247711,75.314276],[-100.502919,75.292629],[-100.675771,75.336493],[-100.748525,75.344713],[-100.782135,75.355211],[-100.649241,75.38345],[-100.604644,75.375678],[-100.700266,75.362047],[-100.624176,75.349351],[-100.585561,75.352688],[-100.576731,75.368883],[-100.499013,75.366767],[-100.426503,75.382514],[-100.516591,75.394599],[-100.522084,75.409857],[-100.568471,75.427069],[-100.619293,75.432603],[-100.721344,75.430365],[-100.721344,75.43773],[-100.041168,75.457221],[-100.008778,75.47134],[-100.310414,75.478746],[-100.22289,75.489732],[-100.039174,75.480211],[-99.953521,75.499213],[-100.282541,75.519721],[-100.282541,75.527167],[-99.829986,75.547675],[-99.855702,75.554918],[-99.936431,75.547675],[-100.042307,75.5539],[-100.042307,75.560696],[-99.703684,75.595201],[-99.665517,75.615912],[-99.864125,75.615912],[-99.80956,75.63581],[-99.823232,75.656236],[-98.960439,75.684231],[-98.894195,75.699652],[-98.906728,75.709703],[-98.931223,75.714179],[-99.665517,75.677965],[-99.556264,75.698472],[-100.223256,75.666693],[-100.274241,75.651597],[-100.354482,75.656236],[-100.479237,75.641913],[-100.553456,75.650092],[-101.062164,75.615302],[-101.117299,75.601142],[-101.152699,75.60163],[-101.229482,75.588039],[-101.28954,75.59162],[-101.361155,75.578315],[-101.406158,75.606838],[-101.449371,75.607652],[-102.063791,75.547675],[-102.207875,75.5539],[-102.400299,75.540229],[-102.633412,75.498114],[-102.667877,75.504136],[-102.685862,75.536689],[-102.776112,75.544989],[-102.728627,75.574368],[-102.7565,75.585761],[-102.846832,75.59984],[-102.881663,75.617825],[-102.821401,75.637397],[-102.735951,75.617011],[-102.633046,75.615912],[-102.64509,75.627021],[-102.701975,75.63581],[-102.667144,75.650092],[-102.687652,75.677965],[-102.619862,75.691067],[-102.550526,75.690904],[-102.542795,75.705715],[-102.585276,75.711493],[-102.561879,75.725531],[-102.246734,75.724433],[-102.106068,75.697984],[-102.009267,75.704657],[-102.009267,75.711493],[-102.092397,75.703518],[-102.11913,75.711493],[-102.091176,75.71894],[-102.117299,75.737494],[-102.205434,75.737128],[-102.235829,75.745673],[-102.222727,75.758205],[-102.091176,75.787258],[-102.118967,75.799506],[-102.325836,75.783759],[-102.345693,75.787258],[-102.374135,75.810492],[-102.344146,75.837592],[-102.262278,75.869818],[-101.832997,75.905829],[-101.781606,75.874213],[-101.707631,75.855536],[-101.492787,75.814439],[-101.454416,75.814521],[-101.474843,75.773586],[-101.445912,75.764106],[-101.275787,75.745673],[-101.151112,75.783596],[-100.988149,75.790676],[-100.913157,75.814521],[-101.049672,75.807074],[-101.029205,75.80093],[-101.064443,75.790351],[-101.148834,75.789862],[-101.228993,75.778388],[-101.358754,75.779731],[-101.327463,75.817939],[-101.371816,75.851793],[-101.414947,75.862372],[-101.507436,75.857082],[-101.550608,75.869818],[-101.553212,75.897366],[-101.589467,75.924506],[-101.487131,75.959174],[-101.399159,75.975287],[-101.303538,76.020657],[-101.343861,76.021226],[-101.413564,76.003607],[-101.70995,75.989691],[-101.779937,76.002672],[-101.843821,76.027004],[-101.896311,76.064683],[-101.902903,76.105902],[-101.74234,76.184475],[-101.543568,76.210435],[-101.385487,76.253363],[-101.786733,76.218573],[-101.849924,76.229641],[-102.102773,76.220771],[-102.167551,76.239081],[-102.067006,76.258612],[-102.057688,76.280015],[-102.07787,76.293769],[-102.194814,76.294338],[-102.052113,76.323065],[-102.098622,76.349026],[-102.062001,76.356147],[-101.985504,76.35578],[-101.954661,76.369452],[-102.034576,76.384263],[-102.057688,76.396715],[-102.035146,76.412787],[-101.942372,76.42536],[-101.811269,76.458808],[-101.413401,76.43769],[-101.371816,76.419745],[-101.321645,76.414537],[-101.215728,76.370551],[-101.057118,76.328437],[-101.091176,76.311225],[-101.132069,76.245185],[-100.960764,76.231838],[-100.846262,76.210598],[-100.717152,76.174018],[-100.625111,76.122992],[-100.7412,76.095689],[-100.420277,76.122992],[-100.455637,76.101549],[-100.625111,76.088284],[-100.625111,76.081488],[-100.353912,76.065579],[-100.205922,75.99433],[-100.167795,75.963446],[-100.070221,75.951728],[-100.08259,75.935533],[-100.15217,75.916938],[-100.099273,75.90941],[-99.999582,75.926663],[-99.973988,75.882799],[-99.947092,75.87519],[-99.86559,75.907904],[-99.723866,75.916938],[-99.684478,75.935696],[-99.602284,75.94245],[-99.584706,75.963202],[-99.553822,75.964789],[-99.520416,75.957017],[-99.440256,75.972235],[-99.491444,75.983303],[-99.81843,75.951239],[-99.864125,75.937445],[-99.866689,75.950181],[-99.902008,75.954779],[-99.871653,75.97842],[-99.890736,75.989488],[-99.962229,75.990912],[-99.977406,76.009752],[-100.035471,76.013129],[-99.994496,76.040473],[-100.06017,76.042548],[-100.116607,76.103705],[-100.221059,76.136054],[-100.118642,76.136054],[-100.124867,76.149726],[-100.083852,76.160549],[-99.953521,76.1435],[-99.810129,76.138129],[-99.683746,76.123765],[-99.55842,76.144517],[-99.460805,76.150133],[-99.418528,76.164008],[-99.699615,76.141059],[-99.778188,76.162502],[-99.880686,76.173],[-99.994211,76.204983],[-100.168691,76.190416],[-100.478749,76.233832],[-100.510976,76.249945],[-100.495107,76.270168],[-100.444569,76.283759],[-100.077056,76.273261],[-100.077056,76.280015],[-100.131703,76.286851],[-100.124867,76.294338],[-100.214223,76.30801],[-100.17809,76.317572],[-100.0631,76.286851],[-99.896962,76.276923],[-99.843658,76.286851],[-99.996571,76.298814],[-100.02184,76.30801],[-99.926869,76.322252],[-99.957997,76.330024],[-100.063385,76.328437],[-100.180084,76.363227],[-100.138539,76.383124],[-100.247711,76.369452],[-100.32136,76.388983],[-100.675282,76.381049],[-100.963043,76.480292],[-100.988189,76.506578],[-100.731597,76.531968],[-100.700266,76.540717],[-100.728139,76.561225],[-100.33259,76.644721],[-100.269643,76.649563],[-99.851308,76.609931],[-99.741282,76.636949],[-99.64094,76.637437],[-99.589955,76.628567],[-99.549469,76.609605],[-99.580068,76.601142],[-99.65217,76.606838],[-99.686635,76.6022],[-99.52302,76.590888],[-99.291086,76.503363],[-99.254628,76.499742],[-99.261464,76.514065],[-99.163686,76.513495],[-99.138539,76.499742],[-99.257314,76.46894],[-99.241038,76.448228],[-99.158762,76.415717],[-99.070302,76.404202],[-99.129709,76.441718],[-99.12267,76.464911],[-99.047109,76.45539],[-99.021881,76.458808],[-99.034901,76.465644],[-98.979237,76.472805],[-98.953481,76.467719],[-98.930898,76.439521],[-98.850575,76.43769],[-98.850575,76.445136],[-98.89151,76.451361],[-98.856801,76.465644],[-98.878082,76.479397],[-98.97289,76.510199],[-98.993967,76.533352],[-99.05602,76.540717],[-99.037587,76.562445],[-99.05602,76.581732],[-99.015045,76.588568],[-99.028717,76.6022],[-98.975494,76.616889],[-98.904693,76.624416],[-98.834096,76.622626],[-98.781646,76.609605],[-98.779897,76.589748],[-98.75182,76.582221],[-98.726674,76.590155],[-98.733876,76.616441],[-98.613596,76.610541],[-98.548207,76.615465],[-98.507965,76.636949],[-98.541493,76.643215],[-98.516428,76.651313],[-98.487457,76.650621],[-98.487457,76.657416],[-98.564605,76.665717],[-98.67927,76.650621],[-98.777415,76.650784],[-98.828847,76.658433],[-98.856801,76.677924],[-98.455312,76.682074],[-98.40803,76.66767],[-98.42162,76.625474],[-98.331858,76.606513],[-98.151031,76.588568],[-98.27831,76.581732],[-98.343495,76.596015],[-98.404897,76.596015],[-98.367909,76.570502],[-98.228342,76.559638],[-98.185862,76.547553],[-98.158111,76.561225],[-98.075754,76.533352],[-97.806304,76.516425],[-97.66511,76.486151],[-97.699208,76.465644],[-97.668446,76.420356],[-97.733062,76.395575],[-97.752675,76.343817],[-97.788564,76.322252],[-97.719716,76.30801],[-97.733306,76.286851],[-97.708852,76.270819],[-97.554067,76.225531],[-97.506744,76.19066],[-97.501454,76.143785],[-97.582428,76.089179],[-97.596791,76.033637],[-97.65453,75.982123],[-97.645131,75.941474],[-97.570221,75.86522],[-97.667633,75.802436],[-97.737538,75.781684],[-97.802113,75.777411],[-97.939361,75.745673],[-97.897328,75.737128],[-97.671864,75.725775],[-97.603179,75.704657],[-97.424875,75.698472],[-97.377512,75.679836],[-97.424875,75.519721]]],[[[-101.159739,76.581732],[-101.338124,76.561225],[-101.687123,76.588568],[-101.598378,76.6022],[-101.530344,76.62816],[-101.433461,76.641669],[-101.242747,76.646552],[-101.192128,76.655829],[-101.137563,76.684027],[-101.050526,76.691107],[-101.032541,76.714545],[-100.972483,76.735541],[-100.628529,76.759833],[-100.247711,76.739407],[-100.333485,76.714545],[-101.159739,76.581732]]],[[[-89.674957,76.732611],[-89.694203,76.692613],[-89.725942,76.679999],[-89.816151,76.66767],[-89.859283,76.616441],[-89.822092,76.551256],[-89.791575,76.534369],[-89.674957,76.506578],[-89.787017,76.485907],[-89.825795,76.486151],[-89.919586,76.515815],[-89.948638,76.506578],[-89.938629,76.483344],[-89.977366,76.477729],[-90.064768,76.486151],[-90.204335,76.524237],[-90.266184,76.574612],[-90.568023,76.715644],[-90.594472,76.750881],[-90.52953,76.792182],[-90.330474,76.823798],[-90.198883,76.836168],[-89.982167,76.842353],[-89.848744,76.813666],[-89.69636,76.753485],[-89.674957,76.732611]]],[[[-105.395131,75.674262],[-105.395131,75.643256],[-105.463368,75.615912],[-105.493642,75.565497],[-105.518056,75.5539],[-105.589711,75.550116],[-105.68932,75.527167],[-105.661366,75.506741],[-105.750803,75.492377],[-105.715077,75.484117],[-105.619862,75.481269],[-105.593129,75.465074],[-105.709055,75.419745],[-105.655344,75.37759],[-105.661366,75.355211],[-105.721832,75.337836],[-105.735585,75.314032],[-105.812245,75.299994],[-105.884511,75.266506],[-105.939443,75.214667],[-105.839508,75.183295],[-105.888499,75.166897],[-105.891591,75.145697],[-106.010406,75.134182],[-106.073801,75.10456],[-106.079172,75.092963],[-106.003326,75.073676],[-106.008901,75.056627],[-106.760243,75.002997],[-106.786041,74.985297],[-107.005198,74.923814],[-107.231028,74.920111],[-107.314198,74.933783],[-107.512603,74.943427],[-107.686269,74.982245],[-107.724517,75.022528],[-107.690012,75.0397],[-107.692535,75.075873],[-107.714833,75.091986],[-107.771718,75.101386],[-107.786,75.09516],[-107.74356,75.05272],[-107.773915,75.03441],[-107.853912,75.013739],[-107.936838,75.005805],[-107.916371,75.012641],[-107.954579,75.021064],[-107.991444,75.012641],[-107.997222,75.000678],[-107.947133,74.972113],[-108.018788,74.950588],[-107.944244,74.936916],[-107.971588,74.929429],[-108.056956,74.936916],[-108.416615,74.91706],[-108.539906,74.94123],[-108.568471,74.960517],[-108.807037,74.985297],[-108.807037,74.991523],[-108.512196,74.978461],[-108.596547,75.038479],[-108.652089,75.054755],[-108.824208,75.071519],[-108.944203,75.04678],[-108.971547,75.018866],[-108.937367,75.005805],[-109.033599,75.005805],[-108.992584,74.991523],[-109.075307,74.988674],[-109.357167,74.946723],[-109.400746,74.923489],[-109.410308,74.909613],[-109.389882,74.903388],[-109.427602,74.899644],[-109.532338,74.867011],[-109.581939,74.85814],[-109.88386,74.870551],[-109.997955,74.854193],[-110.069814,74.823635],[-110.088206,74.840725],[-110.154937,74.827867],[-110.307851,74.8522],[-110.37678,74.840725],[-110.356313,74.834418],[-110.410878,74.827623],[-110.410878,74.820787],[-110.314687,74.807196],[-110.343984,74.796576],[-110.603342,74.786078],[-110.646148,74.794379],[-110.666127,74.791327],[-110.658559,74.759182],[-110.589019,74.725287],[-110.61677,74.705308],[-110.774037,74.683661],[-110.858957,74.651353],[-110.950022,74.646389],[-111.000966,74.61636],[-111.075022,74.615424],[-111.156972,74.594224],[-111.228424,74.594062],[-111.322499,74.560736],[-111.411041,74.569892],[-111.574208,74.531968],[-111.657541,74.501207],[-112.239003,74.448391],[-112.308949,74.430365],[-112.437408,74.41352],[-112.634877,74.413153],[-113.023793,74.395941],[-113.452707,74.418891],[-113.693023,74.444485],[-113.765614,74.471137],[-114.173492,74.566962],[-114.166086,74.574408],[-114.192942,74.575832],[-114.392323,74.639309],[-114.440663,74.668769],[-114.422353,74.703111],[-114.234364,74.758734],[-113.971913,74.807603],[-113.829498,74.814032],[-113.751861,74.834296],[-113.62682,74.84276],[-113.495595,74.839179],[-113.421376,74.856757],[-113.336171,74.862372],[-113.2176,74.845893],[-113.19286,74.862372],[-113.329986,74.88288],[-113.186025,74.895941],[-113.110951,74.941718],[-112.797841,74.985053],[-112.697825,74.979315],[-112.549143,74.999335],[-112.271799,74.999335],[-112.063059,75.007961],[-111.777089,74.985053],[-111.671254,75.003974],[-111.585805,75.006415],[-111.479726,75.04678],[-111.504872,75.058743],[-111.55484,75.047675],[-111.575917,75.06037],[-111.542958,75.072903],[-111.441884,75.06037],[-111.402943,75.0633],[-111.287953,75.087714],[-111.322987,75.105129],[-111.363637,75.108222],[-111.339508,75.115668],[-111.266835,75.108222],[-111.259999,75.122504],[-111.151601,75.138251],[-111.027903,75.177151],[-111.068837,75.190741],[-111.021596,75.202338],[-111.01358,75.218004],[-110.990387,75.22427],[-110.936757,75.222846],[-110.91804,75.232367],[-110.950754,75.251614],[-111.102691,75.273342],[-111.24352,75.266506],[-111.287953,75.221829],[-111.372182,75.187242],[-111.488759,75.165025],[-111.599233,75.170966],[-111.624338,75.163398],[-111.561635,75.149807],[-111.678334,75.149807],[-111.753489,75.190741],[-111.923451,75.13642],[-112.059153,75.149807],[-112.214589,75.127997],[-112.346059,75.121527],[-112.418202,75.128241],[-112.473459,75.149807],[-112.42927,75.164984],[-112.361643,75.173896],[-112.31078,75.194159],[-112.295277,75.205024],[-112.317983,75.211249],[-112.39151,75.211249],[-112.39151,75.218004],[-112.336903,75.225531],[-112.404897,75.246039],[-112.461415,75.222805],[-112.43635,75.187323],[-112.589508,75.183295],[-112.637929,75.208157],[-112.593251,75.2355],[-112.595204,75.249905],[-112.678863,75.279527],[-112.665191,75.266506],[-112.699778,75.261949],[-112.740956,75.205024],[-112.695953,75.180243],[-112.699371,75.14232],[-112.730092,75.141547],[-112.857086,75.109849],[-113.022939,75.094794],[-113.054596,75.097398],[-113.138173,75.149807],[-113.17984,75.094631],[-113.206451,75.087714],[-113.349721,75.080634],[-113.446929,75.08515],[-113.621653,75.067288],[-113.645985,75.07099],[-113.665842,75.06037],[-113.886627,75.058173],[-113.957631,75.074449],[-113.953765,75.122504],[-113.929026,75.144273],[-113.645334,75.190741],[-113.679799,75.198798],[-113.717193,75.197008],[-113.866119,75.168606],[-113.90685,75.168647],[-113.939524,75.183295],[-113.812978,75.32392],[-113.784291,75.339667],[-113.678578,75.359524],[-113.601389,75.365383],[-113.53067,75.387274],[-113.37564,75.416449],[-113.32315,75.416693],[-113.32315,75.42414],[-113.345448,75.416693],[-113.419586,75.42414],[-113.461537,75.418687],[-113.473988,75.43773],[-113.518219,75.419257],[-113.873931,75.373765],[-113.898549,75.375678],[-113.966705,75.4289],[-114.070668,75.474921],[-114.088531,75.40884],[-114.046457,75.366441],[-114.12678,75.264716],[-114.19579,75.225165],[-114.252675,75.226752],[-114.309885,75.240424],[-114.350982,75.25967],[-114.361928,75.284857],[-114.494374,75.303697],[-114.51122,75.316962],[-114.549306,75.311998],[-114.615142,75.283271],[-114.601674,75.268297],[-114.546986,75.273424],[-114.425893,75.258368],[-114.385162,75.218004],[-114.303293,75.181789],[-114.329986,75.137926],[-114.440826,75.067939],[-114.958485,74.970526],[-115.057688,74.966742],[-115.154775,74.983547],[-115.195953,75.002427],[-115.225168,75.068549],[-115.173411,75.099514],[-115.203847,75.151028],[-115.262807,75.183295],[-115.274037,75.1494],[-115.405751,75.102932],[-115.448069,75.100246],[-115.524159,75.125067],[-115.653432,75.151435],[-115.666575,75.148505],[-115.652659,75.12873],[-115.591176,75.115627],[-115.605946,75.105048],[-115.53718,75.039944],[-115.58434,74.995429],[-115.660064,74.972235],[-115.715443,74.970364],[-115.927235,74.99787],[-116.025502,75.026068],[-116.166412,75.040188],[-116.25593,75.06037],[-116.25593,75.067288],[-116.084462,75.0987],[-116.043691,75.12873],[-116.269683,75.100491],[-116.308502,75.102607],[-116.33849,75.115627],[-116.249664,75.162421],[-116.2565,75.211249],[-116.46703,75.184394],[-116.545481,75.185248],[-116.612213,75.163398],[-116.66804,75.127183],[-116.767242,75.122219],[-116.893951,75.14232],[-116.951487,75.161851],[-116.988678,75.149604],[-117.017161,75.149482],[-117.510081,75.201117],[-117.646311,75.236477],[-117.688466,75.25967],[-117.653717,75.279527],[-117.674875,75.293158],[-117.651438,75.305732],[-117.558176,75.314276],[-117.576731,75.336615],[-117.554311,75.358059],[-117.30427,75.458319],[-117.202219,75.48078],[-116.447499,75.477484],[-116.369211,75.489163],[-116.149526,75.4772],[-116.0419,75.484809],[-115.589711,75.587958],[-115.262807,75.60163],[-115.283518,75.627143],[-115.254872,75.649237],[-115.112131,75.6883],[-115.002105,75.698472],[-115.052235,75.710273],[-115.372222,75.66059],[-115.697499,75.645819],[-115.77477,75.627021],[-115.982737,75.611396],[-116.115631,75.577786],[-117.198313,75.575507],[-117.239003,75.582709],[-117.228017,75.63349],[-116.965647,75.761379],[-116.885365,75.789008],[-115.800649,75.834418],[-115.762318,75.861762],[-115.578114,75.834418],[-114.874989,75.867377],[-114.827382,75.879381],[-114.812489,75.902167],[-114.857737,75.910793],[-115.697662,75.886664],[-115.761627,75.896064],[-116.202545,75.868069],[-116.221791,75.875963],[-116.244374,75.869534],[-116.708119,75.899563],[-116.733998,75.921088],[-116.713857,75.961249],[-116.616119,75.976264],[-116.484975,75.972113],[-116.461334,75.97842],[-116.530263,76.013129],[-116.496165,76.026801],[-116.541982,76.035346],[-116.658315,76.019924],[-116.701568,76.040473],[-116.705881,76.057807],[-116.630279,76.120429],[-116.571197,76.129218],[-116.526235,76.160142],[-116.162709,76.203843],[-115.946441,76.202094],[-115.841135,76.184963],[-115.671986,76.180487],[-115.45226,76.188218],[-115.04308,76.164008],[-115.04011,76.15884],[-114.949818,76.163967],[-114.827138,76.149319],[-114.711049,76.154202],[-114.666982,76.164008],[-114.706288,76.174384],[-114.794993,76.167955],[-114.878326,76.177436],[-114.975331,76.177314],[-115.040273,76.208441],[-115.279286,76.237047],[-115.779449,76.237291],[-115.877309,76.253241],[-115.926991,76.286851],[-115.851877,76.322252],[-115.913319,76.349026],[-115.512318,76.456204],[-115.021474,76.479071],[-114.872426,76.520209],[-114.70051,76.520209],[-114.762563,76.492336],[-114.450795,76.500922],[-114.205922,76.471015],[-114.15925,76.458808],[-114.090932,76.389879],[-114.104604,76.363227],[-114.141021,76.354804],[-114.179758,76.35578],[-114.150502,76.340237],[-114.110829,76.341498],[-114.131947,76.314846],[-114.008412,76.273261],[-113.984853,76.255927],[-114.063629,76.218573],[-113.963043,76.190619],[-113.873769,76.206488],[-113.713531,76.204983],[-113.568227,76.234687],[-113.44286,76.241156],[-113.35436,76.266059],[-113.219838,76.264309],[-113.159006,76.253363],[-112.994211,76.273261],[-112.911041,76.264106],[-112.86856,76.250312],[-112.8308,76.219224],[-112.756174,76.22191],[-112.754628,76.204983],[-112.619537,76.205308],[-112.425649,76.170844],[-112.502797,76.14468],[-112.500152,76.122992],[-112.525746,76.120998],[-112.418813,76.050727],[-112.364613,76.033637],[-112.118031,76.012397],[-111.85554,75.953518],[-111.769276,75.947414],[-111.726796,75.916938],[-111.781402,75.900539],[-112.072743,75.875637],[-112.186106,75.84809],[-112.137603,75.834418],[-112.22704,75.814521],[-112.159535,75.808295],[-112.034657,75.841864],[-111.980051,75.834418],[-112.035268,75.821357],[-111.948964,75.807074],[-111.86734,75.828803],[-111.459055,75.841864],[-111.456288,75.828192],[-111.493276,75.814521],[-111.573883,75.819078],[-111.596425,75.814521],[-111.458892,75.788804],[-111.431956,75.766099],[-111.44872,75.742255],[-111.369862,75.732611],[-111.36144,75.715237],[-111.410797,75.677965],[-111.376698,75.653144],[-111.410797,75.615912],[-111.351308,75.579779],[-111.294749,75.574368],[-111.322092,75.547675],[-111.281117,75.540229],[-111.250844,75.521877],[-111.013743,75.53144],[-110.856068,75.55744],[-110.51358,75.57331],[-110.43102,75.559516],[-110.418691,75.539862],[-110.218617,75.535834],[-110.157867,75.546942],[-110.116078,75.540229],[-110.068267,75.547675],[-109.02538,75.498725],[-108.937489,75.477444],[-108.909983,75.478746],[-108.896392,75.492377],[-108.926829,75.53026],[-108.951039,75.54267],[-109.033599,75.5539],[-108.99413,75.568101],[-108.855458,75.560696],[-108.896392,75.588609],[-108.83495,75.622748],[-108.937367,75.677965],[-108.924916,75.683987],[-108.849924,75.683417],[-108.828114,75.691067],[-108.857655,75.700263],[-108.957875,75.704657],[-108.992584,75.71894],[-109.067738,75.71894],[-109.061513,75.738837],[-109.10204,75.750067],[-109.408274,75.778795],[-109.464345,75.794094],[-109.404164,75.80093],[-109.691518,75.807074],[-109.629465,75.834418],[-109.70519,75.84809],[-109.657379,75.869818],[-109.70108,75.880357],[-109.745839,75.879381],[-109.788645,75.864244],[-109.839589,75.870917],[-109.893381,75.85224],[-109.951731,75.860541],[-110.054596,75.89647],[-109.976186,75.919501],[-109.685699,75.947821],[-109.586985,75.983873],[-109.433339,76.003607],[-109.389882,76.020657],[-109.437652,76.033637],[-109.399485,76.041327],[-109.297353,76.03913],[-109.272572,76.054145],[-109.389882,76.067776],[-109.382436,76.088284],[-109.307973,76.102525],[-109.323069,76.115383],[-109.489369,76.151801],[-109.542226,76.189439],[-109.699574,76.195014],[-109.725006,76.204983],[-109.687489,76.210395],[-109.695465,76.224677],[-109.869618,76.239814],[-109.903798,76.231635],[-109.88329,76.204983],[-109.909739,76.196723],[-110.146962,76.276313],[-110.383616,76.300523],[-110.328359,76.341498],[-110.368886,76.353705],[-110.363515,76.371649],[-110.397206,76.396715],[-110.383616,76.430854],[-110.321278,76.428778],[-110.112782,76.453803],[-110.006825,76.486151],[-109.91686,76.486151],[-109.861562,76.498196],[-109.808258,76.491645],[-109.771962,76.50019],[-109.70519,76.527086],[-109.733469,76.535468],[-109.849192,76.533352],[-109.759836,76.574897],[-109.780263,76.596015],[-109.650543,76.588568],[-109.663564,76.616441],[-109.554311,76.630072],[-109.552073,76.674872],[-109.494456,76.722846],[-109.335276,76.759833],[-109.348948,76.773505],[-109.325103,76.788886],[-109.184438,76.821926],[-109.006256,76.828762],[-108.901235,76.816148],[-108.82079,76.834418],[-108.775624,76.864163],[-108.649403,76.814521],[-108.690012,76.771145],[-108.670033,76.766547],[-108.532338,76.766995],[-108.485504,76.757148],[-108.450795,76.732611],[-108.444081,76.703315],[-108.468617,76.686265],[-108.576527,76.645982],[-108.597279,76.643052],[-108.649078,76.653469],[-108.731923,76.643215],[-108.687245,76.6022],[-108.628651,76.579169],[-108.538686,76.561754],[-108.548329,76.539455],[-108.628896,76.520209],[-108.603342,76.515123],[-108.548248,76.520453],[-108.525868,76.514065],[-108.591054,76.482408],[-108.569407,76.471747],[-108.509592,76.469387],[-108.484934,76.458808],[-108.587229,76.443183],[-108.615875,76.423489],[-108.589711,76.410224],[-108.530019,76.415839],[-108.318837,76.396389],[-108.238515,76.35578],[-108.19107,76.355211],[-108.177073,76.349026],[-108.224233,76.335273],[-108.080881,76.286851],[-108.080881,76.280015],[-108.128651,76.280015],[-108.138499,76.259101],[-108.211537,76.266913],[-108.231679,76.253363],[-108.214223,76.239081],[-108.087636,76.225409],[-108.119944,76.21011],[-108.336415,76.186428],[-108.377553,76.173774],[-108.409779,76.149726],[-108.396881,76.132025],[-108.45759,76.102525],[-108.382476,76.088284],[-108.448394,76.071194],[-108.499176,76.040473],[-108.355214,76.054145],[-108.161977,76.047919],[-108.039866,76.067776],[-107.889027,76.067776],[-107.730702,76.039008],[-107.650258,76.005764],[-107.648305,75.972846],[-107.793446,75.930609],[-107.738189,75.916938],[-107.788157,75.902574],[-107.897369,75.901109],[-107.944244,75.875963],[-107.936838,75.862372],[-107.969065,75.859565],[-107.999379,75.844428],[-108.046702,75.807074],[-108.026235,75.787258],[-107.978627,75.780707],[-107.921457,75.790676],[-107.72057,75.88581],[-107.367177,75.918647],[-107.297475,75.912991],[-107.216054,75.915839],[-107.150258,75.898627],[-107.075999,75.8994],[-107.046132,75.888983],[-107.093902,75.869818],[-107.107574,75.841864],[-107.077016,75.815253],[-106.956776,75.794094],[-107.0006,75.791205],[-107.03307,75.773586],[-106.949941,75.752509],[-106.961659,75.710395],[-106.929433,75.670559],[-106.88093,75.649237],[-106.909006,75.698472],[-106.861195,75.759955],[-106.882314,75.766099],[-106.754018,75.795844],[-106.614817,75.80093],[-106.664174,75.814399],[-106.862294,75.825629],[-106.885894,75.838202],[-106.874867,75.965399],[-106.718658,76.015082],[-106.631744,76.058539],[-106.339833,76.061591],[-105.759918,75.99018],[-105.606801,75.937445],[-105.466542,75.857733],[-105.442942,75.821357],[-105.457102,75.782375],[-105.422434,75.745673],[-105.463368,75.732611],[-105.419749,75.711737],[-105.395131,75.674262]]],[[[-114.837026,76.759833],[-114.87857,76.767279],[-114.858754,76.801459],[-114.631581,76.86164],[-114.43456,76.882392],[-114.237131,76.879096],[-114.192738,76.890815],[-113.846059,76.898871],[-113.734039,76.883368],[-113.586334,76.846625],[-113.510365,76.83633],[-113.453481,76.773505],[-113.673166,76.70425],[-113.830556,76.725531],[-114.421946,76.729682],[-114.51065,76.744818],[-114.837026,76.759833]]],[[[-79.56017,74.991523],[-79.43932,74.923041],[-79.334299,74.903388],[-79.356313,74.885565],[-79.395172,74.876288],[-79.815785,74.835354],[-79.909047,74.813951],[-80.166737,74.863349],[-80.145863,74.920233],[-80.196604,74.943427],[-80.190175,74.895941],[-80.238393,74.877875],[-80.262034,74.879381],[-80.286448,74.895941],[-80.31314,74.941555],[-80.399403,74.914252],[-80.410553,74.901801],[-80.35554,74.870266],[-80.100819,74.827623],[-80.122548,74.813951],[-80.100819,74.793524],[-80.135365,74.782904],[-80.215484,74.775051],[-80.245432,74.758734],[-80.128774,74.71776],[-80.204742,74.697333],[-80.210683,74.676825],[-80.176584,74.663153],[-80.197011,74.642646],[-80.156239,74.636868],[-80.161733,74.623765],[-80.231801,74.601752],[-80.217519,74.58747],[-80.265045,74.577867],[-80.447499,74.586127],[-80.54186,74.563544],[-81.115346,74.578925],[-81.320221,74.561835],[-81.437815,74.526028],[-81.509999,74.517808],[-81.561391,74.50137],[-81.622141,74.500881],[-81.788686,74.458401],[-81.846995,74.465725],[-81.884511,74.46369],[-81.97053,74.476793],[-82.067983,74.477118],[-82.226186,74.510077],[-82.421702,74.518337],[-82.383046,74.546454],[-82.421498,74.572699],[-82.450917,74.571357],[-82.471832,74.560736],[-82.45816,74.55329],[-82.479319,74.539008],[-82.606191,74.512356],[-82.699818,74.526679],[-82.74059,74.521959],[-82.919993,74.5515],[-83.08495,74.638495],[-83.117258,74.669379],[-83.117747,74.737494],[-83.095611,74.758734],[-83.037506,74.776109],[-83.041086,74.788072],[-83.081939,74.793524],[-83.078481,74.815823],[-83.098785,74.82807],[-83.128285,74.832099],[-83.18928,74.824286],[-83.358795,74.85635],[-83.491689,74.909491],[-83.562489,74.89232],[-83.523915,74.844428],[-83.470855,74.817125],[-83.331939,74.781928],[-83.322174,74.762152],[-83.395985,74.684149],[-83.445668,74.663153],[-83.49352,74.577826],[-83.620351,74.545559],[-83.685658,74.554429],[-84.043935,74.543158],[-84.14623,74.518012],[-84.25829,74.506496],[-84.500478,74.512844],[-84.612864,74.502916],[-84.696767,74.526679],[-84.843658,74.504788],[-84.914866,74.512356],[-84.945709,74.555609],[-84.987457,74.574408],[-84.973866,74.61164],[-84.994374,74.648871],[-84.961659,74.662909],[-84.957183,74.681098],[-85.007965,74.704088],[-85.001576,74.682563],[-85.076243,74.642646],[-85.049062,74.620185],[-85.062611,74.58747],[-85.035268,74.539008],[-85.071401,74.513129],[-85.184926,74.493109],[-85.332834,74.495998],[-85.357411,74.505561],[-85.363637,74.546454],[-85.42634,74.58747],[-85.480295,74.674262],[-85.533681,74.69009],[-85.555491,74.663153],[-85.536244,74.65762],[-85.482289,74.545356],[-85.530263,74.515692],[-85.603871,74.498033],[-86.124623,74.484361],[-86.08019,74.549872],[-86.17927,74.594224],[-86.153798,74.607896],[-86.17927,74.622219],[-86.223988,74.613918],[-86.237904,74.601386],[-86.223988,74.555121],[-86.251332,74.528388],[-86.316396,74.498033],[-86.380035,74.487494],[-86.440826,74.489814],[-86.661448,74.537543],[-86.710764,74.55858],[-86.721059,74.581244],[-86.756947,74.58747],[-86.749013,74.615424],[-86.803049,74.622219],[-86.801015,74.549384],[-86.603749,74.471381],[-86.911041,74.464545],[-87.002268,74.498033],[-87.014068,74.513983],[-87.049916,74.477362],[-87.259267,74.468166],[-87.334706,74.4831],[-87.372792,74.526028],[-87.331939,74.529975],[-87.296498,74.546454],[-87.368642,74.544867],[-87.402659,74.537095],[-87.464345,74.484361],[-87.643625,74.458319],[-87.699208,74.459784],[-87.738393,74.474799],[-87.755767,74.519924],[-87.877349,74.481879],[-88.060414,74.477362],[-88.112904,74.484931],[-88.149159,74.511908],[-88.242055,74.481391],[-88.517812,74.501207],[-88.547515,74.521674],[-88.564361,74.573432],[-88.53246,74.62995],[-88.434438,74.701117],[-88.407623,74.752753],[-88.434193,74.76557],[-88.296986,74.773017],[-88.296986,74.779853],[-88.320872,74.785712],[-88.437611,74.786078],[-88.48884,74.793524],[-88.447825,74.834418],[-88.539459,74.903754],[-88.574778,74.903388],[-88.578765,74.896064],[-88.544057,74.854967],[-88.554921,74.840888],[-88.61913,74.820787],[-88.617991,74.848334],[-88.646718,74.859117],[-88.694895,74.807196],[-88.744496,74.785956],[-88.764556,74.715522],[-88.847646,74.664984],[-88.869293,74.663153],[-88.890614,74.674994],[-88.879221,74.690497],[-88.918202,74.726711],[-88.920766,74.786078],[-89.098948,74.840725],[-89.062489,74.802436],[-89.010162,74.786078],[-89.060292,74.722235],[-89.08373,74.719713],[-89.270253,74.758734],[-89.208811,74.721503],[-89.098948,74.687079],[-89.147369,74.607896],[-89.195912,74.588813],[-89.248118,74.583482],[-89.381825,74.587714],[-89.434438,74.55329],[-89.578114,74.546454],[-89.571278,74.55329],[-89.595693,74.55801],[-89.701161,74.535956],[-89.808095,74.539008],[-89.918528,74.527289],[-89.948638,74.532782],[-89.982777,74.584377],[-90.008656,74.590644],[-90.110748,74.554674],[-90.373199,74.601752],[-90.311757,74.629055],[-90.472971,74.604926],[-90.563791,74.608588],[-90.701324,74.646145],[-90.730092,74.663153],[-90.763661,74.71776],[-90.723297,74.738267],[-90.846181,74.725287],[-90.905507,74.686957],[-91.024973,74.704088],[-90.992299,74.738349],[-90.894114,74.760891],[-90.814809,74.817369],[-90.756825,74.834418],[-90.756825,74.88288],[-90.786773,74.889635],[-90.841298,74.882148],[-90.901438,74.840725],[-91.099436,74.752509],[-91.120473,74.748684],[-91.170155,74.758734],[-91.230377,74.738267],[-91.099436,74.629055],[-91.285634,74.635891],[-91.30484,74.663153],[-91.282094,74.678697],[-91.295277,74.705227],[-91.330434,74.720933],[-91.373769,74.704088],[-91.339467,74.688788],[-91.368479,74.648586],[-91.397125,74.642808],[-91.513499,74.644721],[-91.634999,74.664984],[-91.689076,74.683661],[-91.620839,74.711615],[-91.666005,74.726752],[-91.714589,74.731391],[-91.812611,74.725287],[-91.800608,74.707017],[-91.821034,74.701728],[-91.880849,74.711615],[-91.805776,74.738267],[-92.018463,74.777493],[-92.062734,74.803412],[-92.056508,74.828559],[-92.013743,74.855048],[-92.01183,74.909613],[-92.079457,74.936916],[-92.048655,74.948188],[-92.061147,74.962836],[-92.22411,75.032457],[-92.202382,75.067288],[-92.230336,75.074042],[-92.154775,75.096625],[-92.053863,75.087836],[-92.01183,75.101386],[-92.09203,75.121568],[-92.114247,75.136135],[-92.055898,75.153225],[-92.073964,75.159735],[-92.282297,75.140815],[-92.326527,75.149807],[-92.325917,75.166205],[-92.38858,75.177151],[-92.381093,75.190741],[-92.504018,75.218004],[-92.456858,75.252183],[-92.47053,75.293158],[-92.428944,75.341539],[-92.326527,75.375678],[-92.463043,75.375678],[-92.380767,75.456122],[-92.300038,75.512519],[-92.19579,75.556708],[-92.086252,75.570705],[-92.004384,75.60163],[-92.071441,75.61872],[-92.079457,75.628974],[-92.01183,75.663723],[-92.153066,75.729397],[-92.175689,75.752509],[-92.104726,75.814521],[-92.116444,75.862372],[-92.18456,75.894924],[-92.266672,75.897895],[-92.412831,75.926459],[-92.461171,75.963202],[-92.530263,75.969306],[-92.55427,76.001532],[-92.61974,76.014594],[-92.648671,76.081488],[-92.63561,76.102525],[-92.666127,76.135077],[-92.759918,76.164862],[-92.800933,76.214342],[-92.92748,76.237006],[-93.048451,76.295396],[-93.080678,76.322252],[-93.052724,76.335273],[-93.06017,76.349026],[-93.128326,76.370185],[-93.208485,76.375474],[-93.289906,76.369208],[-93.591054,76.299709],[-93.669749,76.300523],[-93.621246,76.314846],[-93.634918,76.328437],[-93.677317,76.327053],[-93.76594,76.286851],[-93.734609,76.273383],[-93.664418,76.270209],[-93.634918,76.259589],[-93.703725,76.251532],[-93.842681,76.269965],[-93.94286,76.261135],[-94.008412,76.265082],[-94.067616,76.259426],[-94.186391,76.284084],[-94.603668,76.273749],[-94.663442,76.286851],[-94.642323,76.294338],[-94.663442,76.314846],[-94.749094,76.314846],[-94.848134,76.269232],[-94.999176,76.253363],[-95.060658,76.225409],[-95.16393,76.239081],[-95.390248,76.239081],[-95.357777,76.305121],[-95.290191,76.288031],[-95.098948,76.307196],[-95.07551,76.32685],[-95.031321,76.334174],[-94.880849,76.33397],[-94.841542,76.322252],[-94.86205,76.30801],[-94.843414,76.307318],[-94.800608,76.328437],[-94.841176,76.340277],[-95.125844,76.367499],[-95.176381,76.349555],[-95.268625,76.377753],[-95.300893,76.376899],[-95.341868,76.363227],[-95.432362,76.360053],[-95.446604,76.382025],[-95.375966,76.396715],[-95.420522,76.400946],[-95.554107,76.383124],[-95.823313,76.399115],[-95.894602,76.422553],[-95.973785,76.43594],[-96.108998,76.499742],[-96.081939,76.517646],[-96.057281,76.523993],[-95.794504,76.521064],[-95.75768,76.52733],[-95.588246,76.609605],[-95.648305,76.602037],[-95.784006,76.554674],[-95.801137,76.568061],[-95.828725,76.568549],[-95.917144,76.554999],[-96.027008,76.554999],[-95.992299,76.581732],[-96.028635,76.589179],[-96.104807,76.579535],[-96.142242,76.583482],[-96.194488,76.614895],[-96.246734,76.622707],[-96.225697,76.636949],[-96.372426,76.637641],[-96.448476,76.660386],[-96.499623,76.695746],[-96.681874,76.711737],[-96.766957,76.698432],[-96.87149,76.703192],[-96.965566,76.739407],[-96.90099,76.746772],[-96.842641,76.773505],[-96.90038,76.786363],[-96.904124,76.801459],[-96.867502,76.813666],[-96.787424,76.793931],[-96.740224,76.793931],[-96.677561,76.773505],[-96.690053,76.763373],[-96.662953,76.754136],[-96.535634,76.770006],[-96.406239,76.746731],[-96.350494,76.74608],[-96.308217,76.759833],[-96.375885,76.759833],[-96.494944,76.780097],[-96.581939,76.773505],[-96.563344,76.784369],[-96.506907,76.787177],[-96.511464,76.808051],[-96.445424,76.793931],[-96.343007,76.798651],[-96.314443,76.808295],[-96.59911,76.840806],[-96.684722,76.866767],[-96.785227,76.866278],[-96.819569,76.872016],[-96.866119,76.917304],[-96.851145,76.929633],[-96.769765,76.943061],[-96.71231,76.938625],[-96.657704,76.952297],[-96.741363,76.970771],[-96.828359,76.972805],[-96.81843,76.983385],[-96.802358,76.986965],[-96.479563,76.972805],[-96.472971,76.959215],[-96.37914,76.989447],[-96.266957,76.987128],[-96.246734,77.006293],[-96.308217,77.006293],[-96.321889,77.024319],[-96.390207,77.034247],[-96.001291,77.05036],[-95.891916,77.06977],[-95.770741,77.076728],[-95.667348,77.062567],[-95.423736,77.061469],[-95.191558,77.004055],[-95.002756,76.996975],[-94.930328,76.978949],[-94.507965,76.971177],[-94.455474,76.921088],[-94.307281,76.921698],[-94.233998,76.890611],[-94.113596,76.887763],[-94.038075,76.905097],[-93.985504,76.932603],[-93.918813,76.939032],[-93.821523,76.922349],[-93.700917,76.920966],[-93.670155,76.914618],[-93.585317,76.861029],[-93.506459,76.849799],[-93.463368,76.826606],[-93.416493,76.821926],[-93.388539,76.801459],[-93.285512,76.780341],[-93.299143,76.767279],[-93.272776,76.752875],[-93.241689,76.746812],[-93.196767,76.753079],[-93.179026,76.719916],[-93.176259,76.681057],[-93.261586,76.62641],[-93.265004,76.596015],[-93.312611,76.56981],[-93.299143,76.554999],[-93.484731,76.486151],[-93.631825,76.456692],[-93.656077,76.445136],[-93.560699,76.395168],[-93.507232,76.390774],[-93.457387,76.410386],[-93.560902,76.414537],[-93.580312,76.430854],[-93.505198,76.454413],[-93.361887,76.471869],[-93.319651,76.499742],[-93.245107,76.523668],[-93.217844,76.554999],[-93.152943,76.567816],[-93.093658,76.596015],[-93.114817,76.616441],[-93.079254,76.627631],[-92.950307,76.630072],[-92.693023,76.596015],[-92.523834,76.622219],[-92.368967,76.599107],[-92.235341,76.623114],[-92.154652,76.619208],[-92.004384,76.664252],[-91.44107,76.693671],[-91.139638,76.671291],[-91.091868,76.660224],[-91.01065,76.657416],[-90.921132,76.643297],[-90.806386,76.58747],[-90.571685,76.564032],[-90.532704,76.550523],[-90.497385,76.527086],[-90.530873,76.506578],[-90.46939,76.486151],[-90.492747,76.468329],[-90.653432,76.456773],[-90.925038,76.486151],[-91.004506,76.520087],[-91.01065,76.492336],[-91.073557,76.480618],[-91.145131,76.480618],[-91.349436,76.516913],[-91.565541,76.506578],[-91.565541,76.499742],[-91.46996,76.486151],[-91.401112,76.458808],[-90.990142,76.451361],[-90.952626,76.43769],[-90.805247,76.434394],[-90.728871,76.420803],[-90.640736,76.417222],[-90.577382,76.391588],[-90.510325,76.406928],[-90.447825,76.411322],[-89.297597,76.300523],[-89.194447,76.248196],[-89.208811,76.225409],[-89.263417,76.225409],[-89.312652,76.196763],[-89.380116,76.184475],[-90.45641,76.17768],[-90.426747,76.162828],[-90.09789,76.150092],[-90.051096,76.136054],[-90.093739,76.124986],[-90.236684,76.1435],[-91.161488,76.198147],[-91.237213,76.225409],[-91.613352,76.267035],[-91.585357,76.256171],[-91.498769,76.25141],[-91.273671,76.211737],[-91.270009,76.189195],[-91.353871,76.17768],[-91.408518,76.149726],[-91.367055,76.144843],[-91.243642,76.164008],[-90.690745,76.123358],[-90.66808,76.115627],[-90.730092,76.10871],[-90.772328,76.078437],[-90.866689,76.075263],[-90.866689,76.067776],[-90.719309,76.056383],[-90.620351,76.088039],[-90.551991,76.095689],[-90.188222,76.067776],[-90.229807,76.042467],[-90.291249,76.031806],[-91.104644,76.034613],[-91.161488,76.020657],[-91.110748,76.012519],[-90.989247,76.020941],[-90.942983,76.006334],[-90.973297,75.997138],[-91.040761,75.999945],[-91.072133,75.992662],[-90.958323,75.966783],[-90.947174,75.942857],[-91.105784,75.919257],[-91.147817,75.903266],[-91.120513,75.869818],[-91.128814,75.836127],[-91.086781,75.849433],[-91.052235,75.882799],[-91.065907,75.89647],[-90.931752,75.923407],[-90.853017,75.954779],[-90.79776,75.998847],[-90.771352,76.002427],[-90.697743,75.990424],[-90.674875,75.97842],[-90.707875,75.978583],[-90.736318,75.965399],[-90.700347,75.956732],[-90.551869,75.986029],[-90.509755,75.987291],[-90.428456,75.972235],[-90.519154,75.940375],[-90.518544,75.89883],[-90.435699,75.935696],[-90.358876,75.948635],[-90.314849,75.974351],[-90.245229,75.96955],[-90.176625,75.939114],[-90.113759,75.937445],[-90.048573,76.010688],[-90.007069,76.017971],[-89.963775,76.016018],[-89.928131,76.006334],[-89.959299,75.977037],[-89.847808,75.967841],[-89.796132,75.933051],[-89.687978,75.903266],[-89.770253,75.843655],[-89.784169,75.821357],[-89.756907,75.807074],[-89.777333,75.794094],[-89.72997,75.790676],[-89.681467,75.821357],[-89.618235,75.839911],[-89.561106,75.842719],[-89.551422,75.855536],[-89.6197,75.855536],[-89.605458,75.862047],[-89.514801,75.85932],[-89.441558,75.84809],[-89.318674,75.807074],[-89.197662,75.796291],[-89.162506,75.765204],[-89.257192,75.63581],[-89.306142,75.636298],[-89.403391,75.617336],[-89.647206,75.622382],[-89.696197,75.592475],[-89.763051,75.581204],[-89.711578,75.572984],[-89.598459,75.593817],[-89.544586,75.574368],[-89.581451,75.563666],[-89.669423,75.569973],[-89.708404,75.560696],[-89.675526,75.549628],[-89.541168,75.5539],[-89.414459,75.588609],[-89.208485,75.586005],[-89.137766,75.521796],[-89.11144,75.51675],[-89.102366,75.488674],[-88.978831,75.468207],[-88.968129,75.437649],[-88.917388,75.430365],[-88.763783,75.43773],[-88.752919,75.481879],[-88.815541,75.550767],[-88.900299,75.609076],[-88.802642,75.62816],[-88.7565,75.645819],[-88.756337,75.677965],[-88.722401,75.686103],[-88.579945,75.658515],[-88.482004,75.609076],[-88.331166,75.560696],[-88.222646,75.544989],[-88.200103,75.518378],[-88.303822,75.499213],[-88.228139,75.47134],[-88.228139,75.478746],[-88.212514,75.473822],[-88.180979,75.492377],[-87.995351,75.533393],[-87.968373,75.547309],[-87.750844,75.580878],[-87.669423,75.568671],[-87.633412,75.555121],[-87.615875,75.524482],[-87.495717,75.492377],[-87.512115,75.475084],[-87.542836,75.464545],[-87.60558,75.458319],[-87.60558,75.451483],[-87.466908,75.456],[-87.433013,75.47134],[-87.423655,75.5008],[-87.490346,75.528551],[-87.507476,75.561265],[-87.402903,75.588609],[-87.365631,75.615912],[-87.265736,75.623033],[-87.11148,75.594794],[-87.06017,75.551174],[-86.777821,75.47602],[-86.579905,75.477607],[-86.516713,75.468329],[-86.39509,75.431342],[-86.364817,75.430365],[-86.419342,75.405219],[-86.618031,75.368883],[-86.401601,75.376288],[-86.19636,75.415351],[-85.992828,75.422187],[-85.816233,75.408393],[-85.521881,75.403022],[-85.521881,75.409857],[-85.542144,75.41474],[-85.555491,75.409857],[-85.580881,75.419664],[-85.7919,75.430365],[-85.907948,75.467271],[-86.110951,75.484931],[-86.151682,75.508775],[-86.010365,75.535875],[-85.716461,75.557318],[-85.591949,75.597113],[-85.528717,75.60163],[-85.563222,75.58218],[-85.568105,75.572333],[-85.545806,75.568183],[-85.458852,75.561184],[-85.386952,75.573554],[-85.227122,75.560696],[-85.227122,75.568183],[-85.322662,75.574368],[-85.281728,75.588609],[-85.29601,75.60163],[-85.21345,75.60163],[-85.179311,75.628974],[-85.097239,75.628974],[-85.014801,75.643256],[-85.044911,75.655829],[-84.80248,75.656236],[-84.57608,75.624254],[-84.500885,75.63581],[-84.538726,75.643541],[-84.657948,75.650092],[-84.641754,75.670478],[-84.664703,75.691067],[-84.289622,75.713284],[-84.178049,75.762844],[-84.019154,75.772203],[-83.933258,75.803127],[-83.91808,75.814521],[-84.0006,75.828803],[-83.839223,75.814521],[-83.736236,75.826606],[-83.698964,75.821357],[-83.754221,75.807074],[-83.682281,75.791815],[-83.520497,75.798651],[-83.395863,75.748603],[-83.266713,75.744127],[-83.172109,75.754584],[-83.119537,75.740058],[-82.624501,75.820705],[-82.41808,75.830146],[-82.331044,75.843573],[-81.113149,75.77912],[-81.095123,75.759955],[-81.286285,75.663723],[-81.252105,75.653998],[-81.175771,75.65762],[-81.015248,75.636298],[-80.503407,75.661566],[-80.417551,75.63642],[-80.336537,75.637885],[-80.078603,75.586086],[-80.059885,75.568183],[-80.087758,75.547675],[-80.0537,75.543524],[-79.978668,75.549872],[-79.950022,75.540229],[-79.995473,75.524237],[-80.341786,75.482856],[-80.375803,75.465074],[-79.64981,75.469794],[-79.573842,75.451483],[-79.659739,75.450019],[-79.683095,75.43773],[-79.596506,75.401923],[-79.520619,75.395697],[-79.491322,75.382514],[-79.493479,75.368109],[-79.532867,75.355211],[-79.51183,75.348456],[-79.532582,75.327338],[-79.60025,75.318752],[-79.614858,75.303697],[-79.591054,75.289944],[-79.443512,75.287014],[-79.453359,75.272447],[-79.51183,75.252183],[-79.516916,75.229234],[-79.628489,75.180243],[-79.751332,75.170233],[-79.799875,75.176825],[-79.833648,75.173163],[-79.848256,75.155015],[-79.935536,75.141262],[-79.968658,75.09748],[-80.287831,75.062934],[-80.344797,75.039944],[-80.44343,75.039944],[-80.287262,74.993842],[-80.211537,74.994208],[-80.176584,74.985297],[-80.257924,74.977118],[-80.274648,74.956488],[-80.249135,74.953518],[-80.106313,74.9737],[-80.059316,74.960924],[-80.025706,74.985297],[-79.779937,75.032457],[-79.642161,75.018866],[-79.59203,75.020575],[-79.504994,74.998969],[-79.56017,74.991523]]],[[[-119.317494,76.199897],[-119.459584,76.263332],[-119.5006,76.363227],[-119.522613,76.36164],[-119.535024,76.338365],[-119.575917,76.320746],[-119.671457,76.338853],[-119.716868,76.335273],[-119.716868,76.328437],[-119.677561,76.324408],[-119.655426,76.297431],[-119.66039,76.277737],[-119.710683,76.267035],[-119.577301,76.196194],[-119.564605,76.17182],[-119.620025,76.16177],[-119.703236,76.164008],[-119.675771,76.141343],[-119.552398,76.122992],[-119.577707,76.111965],[-119.805653,76.115627],[-119.76183,76.099677],[-119.684153,76.093573],[-119.523346,76.052558],[-119.491689,76.036851],[-119.485951,75.974921],[-119.511138,75.967231],[-119.595326,75.994371],[-119.635325,75.995551],[-119.703236,75.944281],[-119.648671,75.93773],[-119.607004,75.916938],[-119.702016,75.92178],[-119.775746,75.883124],[-119.862945,75.859117],[-120.044342,75.842678],[-120.080637,75.855536],[-120.096995,75.88467],[-120.160878,75.898342],[-120.259674,75.83275],[-120.334869,75.811998],[-120.387441,75.806708],[-120.438791,75.810533],[-120.489003,75.847073],[-120.453684,75.934027],[-120.388499,75.972235],[-120.449859,75.982123],[-120.435658,76.006334],[-120.460317,76.015448],[-120.58023,76.006334],[-120.559722,75.992662],[-120.596181,75.986884],[-120.683746,76.006171],[-120.732493,76.05508],[-120.649159,76.102525],[-120.672231,76.105658],[-120.734486,76.093736],[-120.751576,76.102525],[-120.745107,76.123684],[-120.662221,76.1435],[-120.69164,76.159817],[-120.794545,76.175849],[-120.86498,76.200995],[-120.988759,76.164008],[-121.01122,76.138861],[-120.997955,76.102525],[-121.025299,76.061591],[-120.970693,76.023749],[-120.939931,75.972235],[-120.953481,75.958197],[-120.991119,75.944281],[-121.01415,75.950385],[-120.984364,75.985826],[-121.034291,76.003567],[-121.117787,76.000149],[-121.258697,75.965399],[-121.299672,75.910793],[-121.355092,75.93244],[-121.436838,75.944281],[-121.416331,75.957953],[-121.494862,75.987616],[-121.685048,76.018622],[-121.819895,76.02969],[-121.847076,76.045233],[-122.046376,76.033637],[-122.125478,76.041205],[-122.149973,76.033637],[-122.128896,76.026801],[-122.135732,75.97842],[-122.190989,75.97842],[-122.375315,75.937445],[-122.425893,75.932807],[-122.618886,75.941962],[-122.731557,75.97842],[-122.641672,75.988471],[-122.560292,76.026801],[-122.625722,76.013129],[-122.698069,76.020657],[-122.601877,76.033637],[-122.526112,76.061591],[-122.482981,76.102362],[-122.483713,76.117011],[-122.519032,76.122992],[-122.704905,76.115627],[-122.686025,76.123725],[-122.492584,76.1435],[-122.511708,76.149482],[-122.574534,76.149726],[-122.575307,76.16767],[-122.605824,76.174262],[-122.670155,76.17768],[-122.77009,76.153632],[-122.803863,76.149726],[-122.828359,76.154283],[-122.925404,76.097073],[-123.040679,76.088284],[-122.979237,76.10871],[-123.0065,76.122992],[-122.958608,76.132025],[-122.937001,76.156968],[-122.910308,76.157172],[-122.944488,76.17768],[-122.924672,76.188951],[-122.861724,76.182359],[-122.831654,76.237291],[-122.71109,76.231635],[-122.711578,76.246894],[-122.634389,76.27261],[-122.649648,76.300523],[-122.617258,76.343207],[-122.451405,76.381822],[-122.403228,76.404202],[-121.963246,76.437323],[-121.781402,76.425198],[-121.553578,76.436998],[-121.511871,76.448228],[-121.498891,76.469631],[-121.408844,76.514065],[-121.413564,76.554267],[-121.322174,76.577826],[-121.313954,76.596015],[-121.228017,76.621161],[-121.187327,76.688178],[-121.146637,76.689683],[-121.089345,76.670722],[-121.038971,76.684149],[-120.919545,76.695461],[-120.814117,76.73371],[-120.55191,76.759426],[-120.512034,76.783759],[-120.367991,76.814521],[-120.388499,76.828762],[-120.367991,76.842353],[-120.429433,76.869086],[-120.36974,76.892768],[-120.228098,76.902655],[-120.168772,76.931789],[-120.175364,76.954047],[-120.093617,76.965888],[-120.091135,77.005601],[-120.038401,77.020575],[-119.966298,77.015937],[-119.930816,77.020087],[-119.922353,77.047268],[-119.85436,77.054836],[-119.836659,77.065253],[-119.826975,77.098578],[-119.723744,77.116156],[-119.650706,77.116441],[-119.599273,77.151842],[-119.387318,77.192532],[-119.289703,77.288804],[-119.162709,77.324897],[-119.129058,77.328274],[-118.966298,77.319648],[-118.87678,77.336859],[-118.820546,77.361029],[-118.782948,77.354315],[-118.700266,77.364325],[-118.178782,77.360256],[-118.102284,77.380357],[-117.852366,77.390448],[-117.852366,77.383612],[-117.962229,77.370022],[-117.934926,77.361396],[-117.799184,77.372056],[-117.72936,77.340399],[-117.681752,77.342678],[-117.613393,77.329047],[-117.474355,77.335883],[-117.455068,77.315375],[-117.380605,77.315375],[-117.231109,77.285712],[-117.133616,77.301703],[-117.039215,77.292792],[-117.010081,77.301703],[-117.065663,77.333645],[-117.097279,77.343451],[-117.158193,77.336656],[-117.173736,77.359687],[-117.155873,77.363837],[-117.033315,77.352932],[-116.860219,77.318264],[-116.8131,77.316596],[-116.777333,77.329047],[-116.810862,77.342678],[-116.682525,77.370592],[-116.646962,77.390448],[-116.746327,77.400824],[-116.851918,77.384019],[-116.852406,77.40412],[-116.994008,77.399563],[-117.034576,77.431383],[-117.154042,77.458726],[-117.133412,77.468166],[-117.064687,77.479885],[-117.055328,77.462348],[-116.981191,77.473049],[-116.935699,77.471381],[-116.756825,77.513373],[-116.774037,77.51968],[-116.928131,77.527655],[-116.900746,77.536363],[-116.406728,77.562405],[-116.427235,77.548163],[-116.33849,77.540717],[-116.359609,77.527655],[-116.246938,77.527045],[-116.064117,77.486721],[-116.1256,77.472398],[-116.086659,77.460273],[-115.891998,77.441352],[-115.850209,77.429348],[-115.776519,77.429836],[-115.658355,77.389228],[-115.447825,77.348863],[-115.460805,77.335883],[-115.392568,77.307929],[-115.470611,77.305854],[-115.537099,77.269477],[-115.776112,77.253323],[-115.927805,77.212348],[-116.247222,77.19595],[-116.274526,77.189846],[-116.301829,77.148261],[-116.37149,77.145494],[-116.400543,77.137274],[-116.289906,77.111884],[-116.283844,77.082668],[-116.221669,77.041653],[-115.83137,76.972805],[-115.778432,76.970404],[-115.732045,76.948554],[-115.751047,76.933092],[-115.907094,76.89704],[-116.024037,76.898749],[-116.256581,76.940497],[-116.325795,76.945543],[-116.365793,76.931789],[-116.357004,76.90762],[-116.174916,76.841742],[-116.040151,76.828315],[-115.995229,76.793931],[-115.995229,76.767279],[-115.892812,76.698432],[-116.000234,76.682847],[-116.08316,76.629462],[-116.324818,76.581732],[-116.451324,76.579576],[-116.520009,76.568061],[-116.762074,76.573147],[-116.844838,76.540269],[-116.959788,76.555732],[-117.007924,76.552151],[-117.077626,76.519599],[-117.057851,76.494696],[-117.002594,76.478705],[-116.98644,76.462388],[-116.993031,76.420356],[-116.941884,76.389879],[-116.934316,76.35578],[-117.136342,76.290229],[-117.276967,76.280015],[-117.352447,76.259589],[-117.571401,76.271633],[-117.660512,76.294338],[-117.651275,76.316799],[-117.676259,76.326606],[-117.818593,76.325141],[-117.858022,76.330471],[-117.866567,76.349026],[-118.006988,76.402493],[-118.05842,76.410386],[-118.031077,76.430854],[-118.051584,76.445136],[-117.990102,76.465644],[-118.031077,76.486151],[-118.010121,76.505032],[-117.907582,76.533352],[-117.955393,76.568061],[-117.907582,76.581732],[-117.976471,76.6022],[-117.900746,76.643215],[-117.918568,76.693345],[-117.859486,76.708686],[-117.736236,76.780341],[-117.77302,76.810981],[-117.818512,76.824693],[-117.865793,76.82331],[-118.01061,76.767279],[-118.339833,76.771308],[-118.305409,76.743109],[-118.31428,76.711493],[-118.496653,76.718899],[-118.462473,76.698432],[-118.476145,76.684149],[-118.348215,76.644599],[-118.305409,76.554999],[-118.327789,76.54975],[-118.43517,76.554999],[-118.479848,76.545233],[-118.534901,76.503811],[-118.673004,76.510688],[-118.72997,76.544135],[-118.829213,76.559394],[-118.853505,76.554999],[-118.837554,76.546861],[-118.77774,76.533352],[-118.946278,76.522854],[-118.97643,76.492336],[-118.840443,76.478705],[-118.818715,76.458808],[-118.733388,76.458808],[-118.674306,76.446601],[-118.597076,76.387844],[-118.613922,76.369452],[-118.568959,76.345201],[-118.651601,76.291083],[-118.692779,76.284491],[-118.860463,76.284817],[-118.899729,76.275092],[-118.93692,76.229682],[-118.914459,76.188951],[-118.887603,76.184475],[-118.901031,76.172268],[-118.944447,76.171291],[-118.963368,76.164008],[-118.963531,76.135728],[-119.058665,76.12641],[-119.083852,76.089586],[-119.180979,76.112047],[-119.221995,76.109442],[-119.267242,76.120307],[-119.302561,76.149319],[-119.317494,76.199897]]],[[[-85.162221,77.458726],[-85.178944,77.464179],[-85.138295,77.499701],[-85.154856,77.512519],[-85.244374,77.532457],[-85.542388,77.540717],[-85.323313,77.589097],[-85.018381,77.583482],[-84.932851,77.527655],[-84.843658,77.515815],[-84.816233,77.499701],[-84.870473,77.482733],[-85.04894,77.458726],[-85.162221,77.458726]]],[[[-89.661285,77.35635],[-89.657135,77.324164],[-89.790883,77.270697],[-90.093902,77.204088],[-90.165191,77.213039],[-90.362538,77.19892],[-90.405019,77.203192],[-90.417104,77.213813],[-90.387522,77.233385],[-90.924469,77.307034],[-91.179514,77.394192],[-91.202056,77.419664],[-91.168324,77.452541],[-91.209299,77.520209],[-91.181996,77.540717],[-91.209299,77.575385],[-91.168691,77.617499],[-91.055328,77.621568],[-90.955474,77.651313],[-90.881703,77.657701],[-90.304107,77.629381],[-90.227691,77.611518],[-90.184722,77.586859],[-90.145334,77.583319],[-89.775746,77.486396],[-89.715932,77.458726],[-89.694814,77.390448],[-89.715932,77.370022],[-89.704213,77.359565],[-89.661285,77.35635]]],[[[-104.394521,77.192532],[-104.450022,77.15176],[-104.51358,77.140692],[-104.647817,77.137274],[-104.754018,77.111233],[-104.791168,77.109931],[-104.958079,77.167711],[-105.005767,77.174954],[-105.09968,77.178168],[-105.224599,77.164496],[-105.26415,77.178168],[-105.243642,77.205512],[-105.278066,77.215033],[-105.357777,77.211859],[-105.395131,77.219184],[-105.395131,77.22602],[-105.356272,77.217231],[-105.318756,77.22602],[-105.390777,77.258938],[-105.469594,77.2744],[-105.4405,77.281806],[-105.408193,77.280585],[-105.408193,77.287421],[-105.536285,77.304429],[-105.565785,77.321601],[-105.544057,77.370836],[-105.601389,77.384467],[-105.661366,77.383612],[-105.627838,77.40412],[-105.68932,77.425238],[-105.659739,77.440985],[-105.68106,77.45307],[-105.765045,77.466213],[-105.68163,77.516181],[-105.860666,77.548163],[-105.821034,77.567939],[-105.844228,77.620266],[-105.903147,77.656073],[-106.05016,77.694973],[-106.093658,77.729641],[-105.908762,77.76789],[-105.648346,77.754218],[-105.503041,77.721096],[-104.996083,77.537095],[-104.952016,77.487006],[-105.006215,77.460842],[-105.015859,77.414618],[-104.792348,77.422024],[-104.748525,77.41767],[-104.703928,77.382758],[-104.421254,77.307929],[-104.476471,77.287421],[-104.397206,77.273261],[-104.371083,77.234768],[-104.394521,77.192532]]],[[[-93.252024,77.644355],[-93.336171,77.644721],[-93.374664,77.633979],[-93.409006,77.609565],[-93.374867,77.589097],[-93.477895,77.558661],[-93.505849,77.507148],[-93.478424,77.488105],[-93.545522,77.44481],[-93.580963,77.440172],[-93.645579,77.452826],[-93.741567,77.445787],[-93.840972,77.458726],[-93.76594,77.445746],[-93.784535,77.43773],[-93.854075,77.445746],[-93.957672,77.4383],[-93.950836,77.452541],[-94.004791,77.461371],[-94.08849,77.450507],[-94.227691,77.457465],[-94.3308,77.477484],[-95.98762,77.479071],[-96.076405,77.498114],[-96.328725,77.609565],[-96.275054,77.622382],[-96.28775,77.658026],[-96.257395,77.657457],[-96.235463,77.705512],[-96.129506,77.713284],[-95.896718,77.760443],[-95.723541,77.771633],[-95.691518,77.779527],[-95.624094,77.775946],[-95.5065,77.810736],[-95.444163,77.811265],[-95.403228,77.78148],[-95.401519,77.746812],[-95.355458,77.739936],[-95.293568,77.769232],[-95.240956,77.745917],[-95.199615,77.745917],[-95.085357,77.758612],[-94.948354,77.791449],[-94.354888,77.774075],[-94.36856,77.760443],[-94.300282,77.760443],[-94.313954,77.774075],[-94.177398,77.760443],[-94.062978,77.773383],[-93.940012,77.73725],[-93.909576,77.746772],[-93.827301,77.739936],[-93.778879,77.76789],[-93.608022,77.78148],[-93.457387,77.754218],[-93.406972,77.757148],[-93.348541,77.739936],[-93.270172,77.738511],[-93.207916,77.722968],[-93.101145,77.664211],[-93.211741,77.64411],[-93.252024,77.644355]]],[[[-77.572743,77.856635],[-77.596588,77.816596],[-77.671783,77.796617],[-77.763824,77.795152],[-77.85261,77.779242],[-77.956288,77.836127],[-77.889272,77.852851],[-77.650502,77.870917],[-77.572743,77.856635]]],[[[-102.44872,77.739936],[-102.413319,77.760443],[-102.498891,77.782375],[-102.500803,77.819322],[-102.530629,77.836127],[-102.448476,77.881293],[-102.398183,77.888861],[-101.805409,77.895413],[-101.725209,77.90648],[-101.645172,77.890326],[-101.214345,77.840725],[-100.931996,77.744534],[-100.960683,77.728502],[-101.042592,77.730862],[-101.147572,77.719794],[-101.341664,77.730129],[-101.44636,77.720526],[-101.557973,77.730699],[-101.620961,77.700873],[-101.790598,77.679389],[-102.17634,77.695136],[-102.290435,77.719428],[-102.44872,77.7331],[-102.44872,77.739936]]],[[[-113.686269,77.866604],[-113.671498,77.845933],[-113.600942,77.832424],[-113.577016,77.815009],[-113.722483,77.769232],[-114.162587,77.706732],[-114.300689,77.713284],[-114.479604,77.75141],[-114.621327,77.756822],[-114.652699,77.76789],[-114.622874,77.774115],[-114.516103,77.760443],[-114.537994,77.783026],[-114.857818,77.859809],[-115.118235,77.959662],[-115.069325,77.96894],[-114.968332,77.956773],[-114.898915,77.973578],[-114.795074,77.982856],[-114.679677,78.034491],[-114.501861,78.048407],[-114.388824,78.076606],[-114.32726,78.080797],[-114.282786,78.062079],[-114.350982,78.034735],[-114.269114,78.014228],[-114.316884,78.014228],[-114.257802,77.989447],[-114.114613,78.000434],[-113.951324,77.91885],[-113.737294,77.901679],[-113.686269,77.866604]]],[[[-109.603668,78.07392],[-109.581532,78.054104],[-109.676259,77.976996],[-109.786855,77.949774],[-110.123931,77.92121],[-110.224762,77.898017],[-110.841461,77.869818],[-110.903717,77.853217],[-110.88036,77.821234],[-110.777496,77.803656],[-110.71996,77.766181],[-110.408274,77.773383],[-110.344635,77.784857],[-110.129506,77.78148],[-110.1079,77.77619],[-110.0808,77.752509],[-110.110707,77.69245],[-110.068267,77.671617],[-110.081899,77.658026],[-110.041005,77.644355],[-110.163686,77.600165],[-110.160797,77.592353],[-110.092152,77.581977],[-110.09557,77.554918],[-110.235422,77.504218],[-110.572621,77.455308],[-110.788075,77.445746],[-110.880727,77.412421],[-111.193227,77.421088],[-111.250966,77.432685],[-111.281117,77.431464],[-111.401235,77.40351],[-111.88386,77.353176],[-111.990834,77.329291],[-112.109242,77.325751],[-112.469309,77.370592],[-112.637441,77.464057],[-112.777821,77.448432],[-112.954986,77.471015],[-112.974273,77.501899],[-113.035064,77.518459],[-113.165883,77.515082],[-113.199615,77.527655],[-113.241282,77.582261],[-113.216135,77.600409],[-113.089752,77.623236],[-113.254262,77.671617],[-113.206776,77.693793],[-113.226674,77.734442],[-113.186025,77.739936],[-113.305572,77.776842],[-113.32315,77.808173],[-113.282135,77.862372],[-113.213287,77.890774],[-113.241282,77.904975],[-113.141103,77.922512],[-113.085113,77.922675],[-113.028554,77.899359],[-112.981516,77.89761],[-112.911692,77.931708],[-112.270904,78.015326],[-112.169057,78.00788],[-112.056304,78.024075],[-111.950551,78.021308],[-111.824127,78.052639],[-111.799143,78.051744],[-111.774892,78.029527],[-111.744537,78.027411],[-111.52717,78.067084],[-111.391957,78.071967],[-111.278066,78.090033],[-111.206532,78.082465],[-111.007639,78.096869],[-110.979888,78.073228],[-110.860504,78.068752],[-110.711741,78.103827],[-109.697174,78.097357],[-109.603668,78.07392]]],[[[-102.900543,78.274359],[-102.799184,78.256659],[-102.783844,78.206732],[-102.869496,78.189032],[-103.047231,78.127021],[-103.086537,78.122382],[-103.234242,78.128079],[-103.284169,78.161363],[-103.246816,78.195299],[-103.065053,78.261298],[-103.024241,78.269843],[-102.900543,78.274359]]],[[[-88.057444,78.45246],[-88.046742,78.423245],[-88.160471,78.363715],[-88.164866,78.31684],[-88.208323,78.281806],[-88.288808,78.246772],[-88.333852,78.241034],[-88.37914,78.245429],[-88.405588,78.258979],[-88.379547,78.319037],[-88.294342,78.348944],[-88.201405,78.356879],[-88.247426,78.372626],[-88.221913,78.432603],[-88.088124,78.457994],[-88.057444,78.45246]]],[[[-109.259511,78.459296],[-109.33434,78.428371],[-109.314117,78.410875],[-109.355702,78.391059],[-109.325103,78.373847],[-109.408681,78.309882],[-109.507924,78.316474],[-109.823232,78.295396],[-109.960439,78.329088],[-110.013051,78.329006],[-110.332428,78.285956],[-110.840321,78.315172],[-110.888295,78.345526],[-110.945912,78.350043],[-111.026112,78.374905],[-111.154612,78.39053],[-111.28893,78.379828],[-111.315256,78.36994],[-111.240102,78.336371],[-111.278676,78.321845],[-111.411488,78.32982],[-111.431956,78.308498],[-111.404612,78.291978],[-111.43399,78.274604],[-111.778472,78.270209],[-111.836293,78.285224],[-111.912465,78.335842],[-112.175526,78.377387],[-112.755686,78.326361],[-112.786041,78.308661],[-112.7683,78.295396],[-112.804433,78.307807],[-112.83967,78.306464],[-113.061513,78.274359],[-113.18517,78.273586],[-113.24828,78.28498],[-113.282216,78.32274],[-113.336171,78.336371],[-113.220774,78.363715],[-113.214223,78.406562],[-113.14981,78.409898],[-113.101796,78.42768],[-112.780873,78.473131],[-112.682037,78.498277],[-112.492747,78.51203],[-112.354604,78.540025],[-112.150054,78.557034],[-112.035512,78.551744],[-111.926747,78.560696],[-111.816029,78.548896],[-111.420155,78.606635],[-111.376698,78.623765],[-111.43814,78.644232],[-111.314361,78.648424],[-111.275624,78.670233],[-111.164418,78.69892],[-111.131703,78.691596],[-110.979644,78.720038],[-110.844065,78.730618],[-110.740956,78.757961],[-110.71467,78.753079],[-110.42691,78.766343],[-110.366322,78.744127],[-110.23766,78.727851],[-110.136586,78.69892],[-110.030263,78.692532],[-109.960439,78.677802],[-109.887278,78.67593],[-109.840159,78.636298],[-109.759389,78.628241],[-109.633453,78.586819],[-109.504506,78.589586],[-109.47936,78.572333],[-109.40689,78.559027],[-109.335276,78.528225],[-109.319651,78.495795],[-109.266469,78.493598],[-109.259511,78.459296]]],[[[-74.558095,78.78144],[-74.512034,78.770982],[-74.315582,78.756293],[-74.167063,78.726793],[-74.240224,78.690009],[-74.331125,78.678412],[-74.692291,78.721666],[-74.70519,78.735419],[-74.643056,78.778306],[-74.627187,78.784003],[-74.558095,78.78144]]],[[[-96.910308,77.795152],[-97.103342,77.808173],[-97.089019,77.849799],[-97.12385,77.877143],[-97.052887,77.893256],[-96.993479,77.924872],[-97.343251,77.959418],[-97.434804,77.993638],[-97.671864,78.027289],[-97.752797,78.028632],[-97.774281,78.041571],[-97.651438,78.055854],[-97.684926,78.07567],[-97.65689,78.097073],[-96.937611,78.081041],[-96.856313,78.10928],[-96.884674,78.109076],[-96.904124,78.123481],[-96.869293,78.137152],[-96.977406,78.155585],[-97.03775,78.152411],[-97.175649,78.176215],[-97.228383,78.194973],[-97.394154,78.212877],[-97.535146,78.206732],[-97.829579,78.226508],[-97.919545,78.220282],[-97.922109,78.244045],[-97.822092,78.233344],[-97.822092,78.24079],[-97.815297,78.233344],[-97.766835,78.247016],[-97.913726,78.292141],[-98.068471,78.308498],[-98.013905,78.336371],[-98.09024,78.36994],[-98.035024,78.398505],[-98.216664,78.415188],[-98.359731,78.451728],[-98.407297,78.488186],[-98.402821,78.513007],[-98.379058,78.520575],[-98.322987,78.520738],[-98.356557,78.535061],[-98.339915,78.543647],[-98.288238,78.535061],[-98.075754,78.535061],[-98.024973,78.552558],[-98.048655,78.555487],[-98.027577,78.569159],[-98.054311,78.580512],[-98.137563,78.602118],[-98.223134,78.602444],[-98.247304,78.610175],[-98.233632,78.623765],[-98.329213,78.654853],[-98.315541,78.706366],[-98.370188,78.726793],[-98.315541,78.74726],[-98.355865,78.773912],[-98.149078,78.818671],[-97.451039,78.797105],[-97.345082,78.773261],[-96.95934,78.733629],[-96.894195,78.702948],[-96.704945,78.686265],[-96.597768,78.694037],[-96.54308,78.685614],[-96.313873,78.620754],[-96.239369,78.630601],[-96.164215,78.623765],[-96.212148,78.593085],[-96.218861,78.561713],[-96.273508,78.535061],[-95.906972,78.48725],[-95.699818,78.526109],[-95.46109,78.511135],[-95.263417,78.46894],[-95.118723,78.454657],[-94.934682,78.403062],[-94.872914,78.395087],[-94.82787,78.363715],[-94.881337,78.334906],[-95.369944,78.246772],[-95.403228,78.233344],[-95.333079,78.216457],[-95.18163,78.207831],[-95.109039,78.192369],[-95.091705,78.164618],[-94.889312,78.10928],[-94.924184,78.086737],[-94.889312,78.062079],[-94.937489,78.051825],[-95.060658,77.972642],[-95.113108,77.960679],[-95.266713,77.972642],[-95.377431,77.972642],[-95.451731,77.94599],[-95.525217,77.948065],[-95.569447,77.934516],[-95.704579,77.926337],[-95.808502,77.902981],[-96.365549,77.862982],[-96.410634,77.877143],[-96.421132,77.901842],[-96.496165,77.906073],[-96.632192,77.877387],[-96.708608,77.880316],[-96.740224,77.870307],[-96.687489,77.852525],[-96.618276,77.851955],[-96.493235,77.877143],[-96.493235,77.870307],[-96.575103,77.856635],[-96.513661,77.856635],[-96.524973,77.846381],[-96.564361,77.841457],[-96.606353,77.84748],[-96.726674,77.836819],[-96.842641,77.808173],[-96.814768,77.801418],[-96.837961,77.79149],[-96.910308,77.795152]]],[[[-105.606801,79.103583],[-105.627838,79.165025],[-105.56078,79.2355],[-105.425526,79.285102],[-105.425649,79.296373],[-105.483876,79.302191],[-105.456899,79.329291],[-105.408111,79.334296],[-105.15685,79.299872],[-103.721588,79.363349],[-103.656972,79.341295],[-103.372426,79.30093],[-103.290354,79.309638],[-103.12092,79.290676],[-102.996165,79.240709],[-102.908437,79.239691],[-102.879465,79.233303],[-102.927846,79.213446],[-102.893707,79.171861],[-102.824859,79.165025],[-102.749745,79.124091],[-102.618764,79.096747],[-102.664906,78.985989],[-102.749989,78.968248],[-102.776438,78.94595],[-102.728831,78.940131],[-102.664296,78.952541],[-102.571645,78.94595],[-102.62621,78.904975],[-102.598948,78.877631],[-102.525624,78.880276],[-102.40274,78.934801],[-102.379791,78.966986],[-102.420766,79.014228],[-102.295318,79.020697],[-102.282948,79.035305],[-102.120513,79.04267],[-101.910308,79.091213],[-101.648427,79.081],[-101.626943,79.064643],[-101.347239,78.996283],[-101.305409,78.977484],[-101.167104,78.958319],[-101.133697,78.978258],[-101.014231,78.950507],[-100.988189,78.931627],[-101.207916,78.822455],[-101.18517,78.80744],[-101.158315,78.801907],[-101.03539,78.80386],[-101.004994,78.798041],[-101.001861,78.78144],[-100.906361,78.773749],[-100.764638,78.801581],[-100.595448,78.800849],[-100.52123,78.82392],[-100.398549,78.829901],[-100.349762,78.823717],[-100.316396,78.784166],[-100.273915,78.772121],[-99.990387,78.73607],[-99.892079,78.69892],[-99.927724,78.678453],[-100.034332,78.656968],[-100.063385,78.638088],[-99.936431,78.623765],[-99.829823,78.63935],[-99.758372,78.603949],[-99.645416,78.608791],[-99.557932,78.5987],[-99.528391,78.583441],[-99.555816,78.565985],[-99.626088,78.559027],[-99.651926,78.542467],[-99.597279,78.535061],[-99.677846,78.484117],[-99.833648,78.457587],[-99.871653,78.43887],[-99.797963,78.421942],[-99.748118,78.380805],[-99.802724,78.308498],[-99.770253,78.29442],[-99.570627,78.295315],[-99.533925,78.288398],[-99.432769,78.212877],[-99.295644,78.185533],[-99.044504,78.081855],[-98.992543,78.069525],[-98.946156,78.068915],[-98.970082,78.004055],[-98.998402,77.988837],[-99.103831,77.965888],[-99.072336,77.920844],[-99.017242,77.893785],[-99.029042,77.882717],[-99.07787,77.878079],[-99.18224,77.843695],[-99.796742,77.819403],[-99.885365,77.786078],[-99.938588,77.782904],[-100.111195,77.815009],[-100.27953,77.819037],[-100.389027,77.84398],[-100.610015,77.863959],[-100.616282,77.900621],[-100.78185,77.972602],[-100.830678,78.015326],[-100.828481,78.054999],[-100.762929,78.062079],[-100.762074,78.082994],[-101.002309,78.138007],[-101.021392,78.186957],[-101.059722,78.205512],[-101.262563,78.185533],[-101.498362,78.237779],[-102.160756,78.288316],[-102.542877,78.24258],[-102.592519,78.244452],[-102.765004,78.274075],[-102.802235,78.287787],[-102.79719,78.328762],[-102.667144,78.363715],[-102.74413,78.380561],[-103.334543,78.348212],[-103.37975,78.336371],[-103.498036,78.324774],[-103.658803,78.321112],[-103.914174,78.274359],[-103.90453,78.252997],[-103.946523,78.242825],[-104.465688,78.274644],[-104.675689,78.32274],[-104.731272,78.346747],[-104.819569,78.36164],[-104.868764,78.396796],[-105.000966,78.446234],[-105.046376,78.504788],[-105.01773,78.524482],[-104.819163,78.57803],[-104.640981,78.583441],[-104.037709,78.520738],[-103.721832,78.524319],[-103.53954,78.500393],[-103.497182,78.506537],[-103.453603,78.539618],[-103.494293,78.566148],[-103.37975,78.589586],[-103.434967,78.603949],[-103.400217,78.616929],[-103.439361,78.62519],[-104.01065,78.620185],[-104.044504,78.630601],[-103.910308,78.668769],[-103.482777,78.671576],[-103.530588,78.706366],[-103.459584,78.720649],[-103.347971,78.721747],[-103.325795,78.747545],[-103.358551,78.748603],[-103.384023,78.774604],[-103.498443,78.788275],[-103.582102,78.746527],[-103.612538,78.753485],[-103.59203,78.767768],[-103.616078,78.772895],[-103.817942,78.740465],[-103.695058,78.795722],[-103.720937,78.806464],[-103.811757,78.795722],[-103.88915,78.80976],[-103.893666,78.78144],[-103.992299,78.757392],[-104.048166,78.757392],[-104.099965,78.777167],[-104.188059,78.776679],[-104.223256,78.788275],[-104.149037,78.824368],[-103.856272,78.882554],[-103.832183,78.904975],[-104.025868,78.944159],[-104.077626,78.986274],[-104.247222,78.997056],[-104.299428,78.958686],[-104.370188,78.96898],[-104.415598,78.967922],[-104.456288,78.956977],[-104.579498,78.863349],[-104.688791,78.843492],[-104.835357,78.799791],[-104.955434,78.798163],[-105.005605,78.807115],[-105.03185,78.826158],[-104.832753,78.911811],[-104.817047,78.940172],[-104.678538,79.011135],[-104.708404,79.031073],[-104.953359,79.05386],[-105.402496,79.012885],[-105.563466,79.025946],[-105.591786,79.037828],[-105.606801,79.103583]]],[[[-100.15217,79.997992],[-100.193715,80.032294],[-100.096913,80.083645],[-100.10436,80.07685],[-100.060292,80.096177],[-99.779368,80.150784],[-99.570302,80.142157],[-99.422841,80.110989],[-99.1197,80.133734],[-98.873769,80.083808],[-98.850575,80.070014],[-98.877919,80.056342],[-98.786936,80.022162],[-98.777984,79.997016],[-98.705963,79.966986],[-98.775054,79.90469],[-98.695709,79.867743],[-98.651357,79.792222],[-98.802805,79.675849],[-98.840199,79.669867],[-98.877919,79.678941],[-98.884755,79.709621],[-98.958852,79.728176],[-99.30012,79.759426],[-99.330393,79.768297],[-99.303049,79.788804],[-99.336537,79.809272],[-99.295644,79.816107],[-99.311838,79.848375],[-99.583608,79.898668],[-99.705149,79.884996],[-100.070221,79.87816],[-100.180084,79.911689],[-100.138539,79.949897],[-100.15217,79.997992]]],[[[-95.852366,80.652777],[-96.150543,80.665839],[-96.110463,80.685736],[-96.055898,80.693671],[-95.533355,80.700019],[-95.477691,80.708441],[-95.423166,80.697577],[-95.163686,80.700019],[-95.067494,80.686957],[-94.971303,80.639146],[-95.186879,80.612942],[-95.483713,80.629869],[-95.62857,80.657294],[-95.852366,80.652777]]],[[[-96.623118,80.044338],[-96.665151,80.043891],[-96.721303,80.054145],[-96.801666,80.097317],[-96.710561,80.148139],[-96.363922,80.141506],[-96.018544,80.072008],[-95.703969,80.056871],[-95.677602,80.048896],[-95.467356,80.048041],[-95.169342,80.034003],[-94.958363,80.045885],[-94.845693,80.045396],[-94.422841,79.982245],[-94.382232,79.988023],[-94.448598,80.012885],[-94.645416,80.051011],[-94.807444,80.097317],[-94.545766,80.15766],[-94.087473,80.179877],[-94.10676,80.187079],[-94.492096,80.20718],[-94.502797,80.219306],[-94.585683,80.226386],[-94.69343,80.188218],[-94.959828,80.142279],[-95.401519,80.126654],[-95.69811,80.179877],[-95.676259,80.192572],[-95.559193,80.210028],[-95.337148,80.209418],[-95.232004,80.241278],[-95.26358,80.250963],[-95.375966,80.227688],[-95.562734,80.227688],[-95.612457,80.248114],[-95.882436,80.200344],[-95.969146,80.201361],[-96.321604,80.261623],[-96.568267,80.276068],[-96.46524,80.323188],[-96.684967,80.343695],[-96.632192,80.364447],[-96.459096,80.343695],[-96.453521,80.357367],[-96.329701,80.33983],[-96.248158,80.336575],[-96.218861,80.343695],[-96.280344,80.364203],[-96.254791,80.373928],[-96.102447,80.389594],[-95.948964,80.391547],[-95.809926,80.369452],[-95.668446,80.371649],[-95.56428,80.352484],[-95.437408,80.343695],[-95.483876,80.38996],[-95.564076,80.390041],[-95.686147,80.404283],[-95.792226,80.451361],[-96.058705,80.48192],[-96.102162,80.494574],[-95.964589,80.509467],[-95.903554,80.542914],[-96.007395,80.564114],[-96.027008,80.58393],[-95.626332,80.591498],[-95.29601,80.587633],[-94.981516,80.603746],[-94.761708,80.569241],[-94.575999,80.555365],[-94.286773,80.566555],[-94.032053,80.548733],[-93.986562,80.558173],[-93.934885,80.521918],[-93.785756,80.529283],[-94.005483,80.591376],[-94.375396,80.617418],[-94.521067,80.604926],[-94.655995,80.652045],[-94.677073,80.665839],[-94.620188,80.693427],[-94.073801,80.707424],[-94.128774,80.728217],[-94.255035,80.723212],[-94.313954,80.727281],[-94.334299,80.749579],[-94.389068,80.74844],[-94.513987,80.725898],[-94.69518,80.734117],[-95.02477,80.77143],[-95.040151,80.782538],[-94.897288,80.795885],[-94.855824,80.809882],[-94.887441,80.81977],[-95.13915,80.797268],[-95.499745,80.80801],[-95.533599,80.824123],[-95.480702,80.849311],[-95.19225,80.872382],[-95.150014,80.885565],[-95.435211,80.888414],[-95.485219,80.906073],[-95.299143,80.948391],[-95.231842,81.015326],[-95.167836,81.02912],[-95.038686,81.035224],[-94.902984,81.063707],[-94.863149,81.064602],[-94.4735,81.021959],[-94.512563,80.987982],[-94.447092,80.967515],[-94.334462,80.9855],[-94.278635,81.017768],[-94.182485,81.005561],[-94.10497,81.030585],[-93.936594,81.022773],[-93.936594,81.028957],[-94.073801,81.042629],[-94.038808,81.052395],[-93.909291,81.042629],[-93.970204,81.058092],[-94.170155,81.063707],[-94.344228,81.098131],[-94.359934,81.104722],[-94.302398,81.122707],[-94.15567,81.097846],[-93.823557,81.104722],[-93.491567,81.069973],[-93.51887,81.09101],[-93.313547,81.086656],[-93.155751,81.097846],[-93.183095,81.105292],[-93.121653,81.118313],[-93.183095,81.132636],[-93.100006,81.15644],[-93.144195,81.191148],[-93.217356,81.19066],[-93.252024,81.200263],[-93.217193,81.214545],[-93.578969,81.224066],[-93.776601,81.207099],[-93.920562,81.20954],[-94.166371,81.223212],[-94.33373,81.243842],[-94.395863,81.261705],[-94.36026,81.292914],[-94.250396,81.322455],[-94.279856,81.344224],[-94.188466,81.366645],[-93.928049,81.358547],[-93.664296,81.339423],[-93.56664,81.30329],[-93.485463,81.334784],[-93.552073,81.364325],[-93.54776,81.384996],[-93.25768,81.37344],[-93.096303,81.34748],[-92.772939,81.317694],[-92.70641,81.301825],[-92.488433,81.285875],[-92.370839,81.263577],[-92.236928,81.256334],[-91.798329,81.159247],[-91.84732,81.12519],[-91.785268,81.09101],[-91.814076,81.082221],[-91.915028,81.084174],[-91.915028,81.077379],[-91.708079,81.038031],[-91.524566,80.978013],[-91.511301,80.936754],[-91.430776,80.908881],[-91.361073,80.899604],[-91.23648,80.833726],[-91.168324,80.824123],[-91.088857,80.748603],[-90.709788,80.703315],[-90.592926,80.652777],[-90.618764,80.631903],[-90.750315,80.594184],[-90.766184,80.576239],[-90.731068,80.566718],[-90.575429,80.564602],[-90.55484,80.578762],[-90.49177,80.563422],[-90.006663,80.541938],[-89.774322,80.464097],[-89.747467,80.482489],[-89.831939,80.529283],[-89.715932,80.53677],[-89.631337,80.531724],[-89.626536,80.542914],[-89.324859,80.53677],[-89.057973,80.467841],[-89.257192,80.398993],[-89.213857,80.39289],[-89.120839,80.409613],[-89.078481,80.398993],[-89.129465,80.329576],[-89.260487,80.303656],[-89.235341,80.27383],[-89.040028,80.193752],[-88.602366,80.118476],[-88.538442,80.099107],[-88.493072,80.098293],[-88.413686,80.110989],[-88.482004,80.145087],[-88.392812,80.141995],[-88.274892,80.121812],[-88.244944,80.10692],[-88.146148,80.097317],[-88.146148,80.103461],[-88.399322,80.175238],[-88.427358,80.192857],[-88.331166,80.186713],[-88.274403,80.174058],[-88.255483,80.186713],[-88.310211,80.211982],[-88.509267,80.220771],[-88.593373,80.238267],[-88.708567,80.28974],[-88.657704,80.321723],[-88.681142,80.377509],[-88.644154,80.396674],[-88.468984,80.439887],[-87.700551,80.412584],[-87.622304,80.347113],[-87.567698,80.183295],[-87.669423,80.162055],[-88.024648,80.138495],[-88.063629,80.12523],[-87.989125,80.110989],[-87.986684,80.094143],[-87.898671,80.059394],[-87.714101,80.079576],[-87.239369,80.07038],[-87.168813,80.00845],[-87.008453,79.953315],[-87.035227,79.939032],[-87.229319,79.918931],[-87.312123,79.873725],[-87.437856,79.86107],[-87.488271,79.837226],[-87.346791,79.842515],[-87.032379,79.912502],[-86.990468,79.916327],[-86.962026,79.908759],[-87.064565,79.794623],[-87.056874,79.737942],[-87.135813,79.649482],[-87.18871,79.627834],[-87.410715,79.590399],[-87.460927,79.53559],[-87.341176,79.508246],[-87.280588,79.512193],[-87.159291,79.576565],[-86.991038,79.603461],[-86.844838,79.593166],[-86.82136,79.546698],[-86.776357,79.556098],[-86.768951,79.57038],[-86.693756,79.569078],[-86.712026,79.592027],[-86.81725,79.617499],[-86.71935,79.642483],[-86.620351,79.652045],[-86.309071,79.648098],[-86.042063,79.569078],[-86.042063,79.54857],[-86.138254,79.521918],[-86.069407,79.507636],[-86.028391,79.480943],[-86.136057,79.471747],[-86.166168,79.459866],[-86.067535,79.436184],[-86.01061,79.439154],[-85.894439,79.498969],[-85.861806,79.593004],[-85.786488,79.617377],[-85.69872,79.617987],[-85.563791,79.579779],[-85.535064,79.540839],[-85.419179,79.48786],[-85.394439,79.453315],[-85.324615,79.438056],[-85.246897,79.39704],[-85.055776,79.356838],[-84.936025,79.307074],[-84.912587,79.270697],[-84.94815,79.260077],[-85.195953,79.233954],[-85.295562,79.196357],[-85.404775,79.190619],[-85.510487,79.166205],[-85.633046,79.162584],[-85.676503,79.149644],[-86.503896,79.068671],[-86.562815,79.048977],[-86.597524,78.980048],[-86.746653,78.959052],[-86.810455,78.973212],[-86.912017,79.019599],[-86.968251,79.064195],[-87.001129,78.990058],[-86.940175,78.918606],[-87.036122,78.874498],[-87.221791,78.821723],[-87.309804,78.809312],[-87.392079,78.753485],[-87.529205,78.692694],[-87.536692,78.671576],[-87.649241,78.643012],[-87.887929,78.706488],[-87.997548,78.811225],[-87.9558,78.90648],[-87.984731,78.964301],[-87.797353,79.008002],[-87.838287,79.028469],[-87.745229,79.061347],[-87.728424,79.083075],[-87.763905,79.088609],[-87.805491,79.079047],[-87.928578,79.008979],[-88.1256,79.005601],[-88.173736,78.995592],[-88.216542,78.952867],[-88.187123,78.904975],[-88.228912,78.804511],[-88.13622,78.686916],[-88.160227,78.678412],[-88.322581,78.673245],[-88.358469,78.657904],[-88.324941,78.657904],[-88.324941,78.65176],[-88.27717,78.664944],[-88.067209,78.662909],[-88.022043,78.654608],[-87.907053,78.596015],[-87.909739,78.552436],[-88.042144,78.479315],[-88.228505,78.463568],[-88.544057,78.589586],[-88.557688,78.610175],[-88.767405,78.617987],[-88.804758,78.610175],[-88.764312,78.598375],[-88.756337,78.548733],[-88.540028,78.416897],[-88.673736,78.32274],[-88.736724,78.216254],[-88.811269,78.165432],[-88.85436,78.160061],[-88.99885,78.169176],[-89.049957,78.181708],[-89.24592,78.262112],[-89.35204,78.339057],[-89.490834,78.375434],[-89.551422,78.410875],[-89.65746,78.435736],[-89.80427,78.503892],[-89.948638,78.603949],[-90.006174,78.613756],[-90.066721,78.605536],[-90.085805,78.593248],[-90.099477,78.561713],[-90.051096,78.528225],[-90.058665,78.509223],[-89.982167,78.466132],[-89.976308,78.439439],[-89.78718,78.398383],[-89.599233,78.285224],[-89.568186,78.237047],[-89.472035,78.186184],[-89.45519,78.164496],[-89.495676,78.156073],[-89.574818,78.154446],[-89.614369,78.162828],[-89.651926,78.208889],[-89.695221,78.224555],[-89.901357,78.221177],[-89.936431,78.228746],[-89.955474,78.267524],[-90.046498,78.304633],[-90.138783,78.325263],[-90.332021,78.336371],[-90.538319,78.32274],[-90.705434,78.335435],[-90.7506,78.32274],[-90.704254,78.305732],[-90.594594,78.291205],[-90.372548,78.287502],[-90.325429,78.274359],[-90.373199,78.24079],[-90.27595,78.186469],[-90.287953,78.167385],[-90.352691,78.144599],[-90.603627,78.153876],[-90.884145,78.144599],[-91.184641,78.175442],[-91.6044,78.190863],[-91.765859,78.230658],[-91.859527,78.243883],[-91.969879,78.230862],[-92.024526,78.210679],[-92.116322,78.226955],[-92.196156,78.261298],[-92.201283,78.282538],[-92.307932,78.282945],[-92.326527,78.288642],[-92.294911,78.304145],[-92.175689,78.315334],[-92.219838,78.332261],[-92.38858,78.308498],[-92.503407,78.313178],[-92.613881,78.336371],[-92.600901,78.356879],[-92.624257,78.364936],[-92.678049,78.368354],[-92.821929,78.401557],[-92.870351,78.40526],[-92.991282,78.466132],[-92.969065,78.489569],[-92.93517,78.497056],[-92.875396,78.495998],[-92.881988,78.507066],[-92.559397,78.493598],[-92.490956,78.514553],[-92.566721,78.520738],[-92.542714,78.527411],[-92.47053,78.520738],[-91.843984,78.549954],[-91.653961,78.529853],[-91.649159,78.565009],[-91.682485,78.567288],[-91.737294,78.559475],[-92.655914,78.611884],[-92.81135,78.638088],[-92.930043,78.623765],[-92.976796,78.604315],[-93.216217,78.589586],[-93.281728,78.594713],[-93.47175,78.65176],[-93.47175,78.657904],[-93.347524,78.678412],[-93.373687,78.6883],[-93.539377,78.678412],[-93.8131,78.767768],[-93.777455,78.78266],[-93.566151,78.786282],[-93.162587,78.739895],[-93.064809,78.741848],[-93.038442,78.767768],[-93.306223,78.804145],[-93.367096,78.820461],[-93.546946,78.838568],[-93.772817,78.831244],[-93.874582,78.83397],[-93.960276,78.883287],[-94.062652,78.902248],[-94.271555,78.968207],[-94.293528,78.986884],[-94.210317,79.007636],[-94.020985,79.026435],[-93.931752,79.043402],[-93.686391,79.05976],[-93.645619,79.054145],[-93.609242,79.056871],[-93.575836,79.08397],[-93.470041,79.120063],[-93.432973,79.15648],[-93.330474,79.170966],[-93.229115,79.17121],[-93.08434,79.152818],[-93.001129,79.159491],[-92.840443,79.145168],[-92.751088,79.165025],[-92.527333,79.167711],[-92.290273,79.153062],[-91.881215,79.16352],[-91.3756,79.195014],[-91.239329,79.192857],[-90.700103,79.218085],[-90.528147,79.22016],[-90.366363,79.247545],[-90.416575,79.26081],[-90.763051,79.249457],[-91.044179,79.251654],[-91.354644,79.230048],[-91.744985,79.217231],[-91.885365,79.22016],[-92.086293,79.206],[-92.627349,79.245429],[-92.695872,79.267401],[-92.564443,79.31037],[-92.134755,79.302191],[-92.134755,79.309638],[-92.183176,79.315863],[-92.14273,79.321112],[-92.062489,79.300767],[-91.915028,79.302191],[-91.658844,79.335598],[-91.495513,79.335435],[-91.170277,79.354397],[-91.147817,79.364244],[-91.147817,79.356838],[-91.120513,79.391588],[-91.162831,79.395941],[-91.329498,79.379625],[-91.461659,79.379625],[-91.743723,79.364244],[-91.830312,79.343166],[-92.051178,79.35399],[-92.168609,79.352362],[-92.398549,79.371039],[-92.495351,79.365424],[-92.54776,79.368598],[-92.580393,79.384752],[-92.422963,79.417711],[-92.351471,79.418036],[-92.230336,79.432563],[-92.287465,79.457506],[-92.606313,79.450629],[-92.847239,79.412665],[-92.923818,79.416002],[-92.95816,79.425035],[-93.086659,79.487128],[-93.134511,79.482978],[-93.146962,79.466254],[-93.004954,79.391588],[-93.092356,79.370836],[-93.388539,79.343166],[-93.234364,79.418158],[-93.272206,79.451361],[-93.321034,79.452053],[-93.412465,79.419338],[-93.495107,79.360175],[-93.573069,79.356838],[-93.654408,79.366523],[-93.683949,79.343166],[-93.628733,79.322699],[-93.786,79.280585],[-93.929799,79.259182],[-94.046457,79.261217],[-94.152699,79.281236],[-94.210927,79.274888],[-94.161122,79.298082],[-94.144114,79.336859],[-94.009755,79.372545],[-93.840972,79.391588],[-93.840972,79.398993],[-94.091908,79.391791],[-94.480092,79.426663],[-94.512563,79.419501],[-94.49828,79.384752],[-94.484364,79.379584],[-94.447092,79.391588],[-94.388417,79.371039],[-94.529775,79.342475],[-94.960683,79.291571],[-95.002309,79.267401],[-95.119293,79.281724],[-95.211008,79.280951],[-95.238759,79.28852],[-95.191029,79.315863],[-95.257883,79.317816],[-95.32136,79.336982],[-95.275502,79.342108],[-95.213531,79.330634],[-95.163686,79.350002],[-95.181264,79.356879],[-95.290151,79.361965],[-95.307688,79.391588],[-95.280385,79.405219],[-95.352203,79.406684],[-95.385976,79.399848],[-95.390248,79.377265],[-95.645985,79.394273],[-95.697906,79.407131],[-95.75536,79.406236],[-95.780019,79.432563],[-95.670155,79.446845],[-95.780019,79.480943],[-95.739003,79.4855],[-95.704945,79.507636],[-95.739084,79.542426],[-95.61148,79.559027],[-94.727691,79.6105],[-94.636383,79.636176],[-94.340647,79.686225],[-94.361724,79.734198],[-94.293446,79.758734],[-94.300282,79.775214],[-94.319081,79.783881],[-94.370839,79.784857],[-94.36856,79.768297],[-94.416493,79.752875],[-94.573842,79.743109],[-94.615468,79.7119],[-94.694,79.706366],[-94.770172,79.682115],[-95.144154,79.65644],[-95.193267,79.647406],[-95.853749,79.652411],[-96.13386,79.73725],[-96.238149,79.743394],[-96.285227,79.806464],[-96.406646,79.832221],[-96.493235,79.837226],[-96.390207,79.864488],[-96.437571,79.869452],[-96.542714,79.848375],[-96.588775,79.857123],[-96.616119,79.884996],[-96.561269,79.905097],[-96.406402,79.913316],[-96.377268,79.904975],[-96.390207,79.884996],[-96.28067,79.905504],[-96.1704,79.903713],[-96.136871,79.911689],[-96.207387,79.933743],[-96.557932,79.948554],[-96.677561,80.015367],[-96.644032,80.027655],[-96.390207,80.048896],[-96.564565,80.052191],[-96.623118,80.044338]]],[[[-61.085479,82.331163],[-61.118682,82.258368],[-61.312408,82.197211],[-62.031321,82.13939],[-61.873077,82.112738],[-62.257639,82.023546],[-62.390411,82.015855],[-62.475819,82.022773],[-62.514801,81.987047],[-63.920196,81.798692],[-64.122955,81.803168],[-64.286041,81.831163],[-64.32608,81.830919],[-64.120636,81.769477],[-64.186554,81.744981],[-64.301747,81.738471],[-64.372589,81.724962],[-64.780588,81.731024],[-64.922149,81.757921],[-65.046295,81.74901],[-65.37503,81.762681],[-65.361236,81.734361],[-66.04662,81.694403],[-66.005767,81.682969],[-65.868682,81.694403],[-65.707428,81.680121],[-65.34085,81.694403],[-65.374054,81.680528],[-65.858144,81.627265],[-65.929962,81.639757],[-65.946034,81.653917],[-65.999745,81.654364],[-66.150665,81.627875],[-66.389801,81.620347],[-66.624908,81.62287],[-67.673126,81.59337],[-68.213206,81.563218],[-69.308339,81.721666],[-69.251291,81.700303],[-68.389394,81.566636],[-68.356231,81.542955],[-68.855865,81.55036],[-68.855865,81.542955],[-68.580556,81.516099],[-67.268829,81.571397],[-66.658966,81.531236],[-66.608306,81.516221],[-66.654083,81.499864],[-67.113678,81.463853],[-68.04483,81.373358],[-68.14505,81.350694],[-68.255035,81.344591],[-68.440663,81.311347],[-68.575266,81.303331],[-68.621734,81.294013],[-68.733632,81.291978],[-68.816477,81.27619],[-68.879465,81.278795],[-69.020294,81.261786],[-69.425079,81.276719],[-69.473419,81.261786],[-69.436269,81.251695],[-69.351715,81.251817],[-69.315175,81.241929],[-69.580068,81.2119],[-69.700022,81.212022],[-69.923736,81.188178],[-70.164825,81.193712],[-70.213287,81.179877],[-70.071034,81.162055],[-69.637278,81.179877],[-70.020253,81.105943],[-69.632314,81.138658],[-69.482208,81.184801],[-67.787017,81.317003],[-67.202056,81.375474],[-66.837229,81.396674],[-65.959503,81.463853],[-65.735748,81.493272],[-65.246978,81.510932],[-64.934885,81.534532],[-64.546051,81.55036],[-64.447011,81.49669],[-64.449005,81.470526],[-64.692128,81.390815],[-65.116363,81.332831],[-65.400054,81.269517],[-65.576731,81.251817],[-65.670929,81.257066],[-65.871368,81.2296],[-65.988922,81.228258],[-66.106353,81.197496],[-66.247833,81.178168],[-66.296702,81.152696],[-66.463938,81.121568],[-66.530019,81.082465],[-66.672109,81.039862],[-66.871653,81.013658],[-67.234934,80.940497],[-67.563018,80.94599],[-67.608876,80.933417],[-67.533193,80.898668],[-67.605784,80.871202],[-67.68399,80.857652],[-67.832753,80.853949],[-67.853749,80.822821],[-67.985015,80.796454],[-68.279368,80.759874],[-68.40335,80.721177],[-68.65331,80.676134],[-68.773264,80.639228],[-68.972564,80.617499],[-68.933624,80.60399],[-68.890614,80.604478],[-68.926015,80.58336],[-69.168121,80.522081],[-69.267079,80.471015],[-69.331776,80.408922],[-69.666005,80.355211],[-70.309478,80.358018],[-70.219512,80.419501],[-70.269521,80.453477],[-70.333974,80.476549],[-70.807688,80.570868],[-70.819081,80.549018],[-70.683013,80.525743],[-70.511016,80.473497],[-70.454823,80.436387],[-70.370351,80.412665],[-70.459137,80.385321],[-70.452911,80.343736],[-70.015899,80.284532],[-69.959462,80.261827],[-69.997385,80.243883],[-70.082061,80.230577],[-70.159088,80.192491],[-70.210764,80.188178],[-70.747711,80.207221],[-71.100372,80.186021],[-71.35379,80.152289],[-71.500762,80.121283],[-71.734609,80.117865],[-71.840728,80.138292],[-71.935211,80.181464],[-71.997874,80.191636],[-72.164581,80.194525],[-72.332834,80.229844],[-72.379465,80.227769],[-72.41983,80.213446],[-72.02359,80.150865],[-71.898468,80.117865],[-71.898468,80.111029],[-72.10733,80.085924],[-72.391876,80.090522],[-72.391876,80.083686],[-72.323638,80.083686],[-72.34203,80.062567],[-72.167877,80.056464],[-71.842315,80.062364],[-71.712799,80.074083],[-71.524322,80.068223],[-71.006663,80.122504],[-70.648223,80.14289],[-70.514312,80.103502],[-70.486969,80.062608],[-70.529286,80.043891],[-70.63565,80.040269],[-70.705352,79.991563],[-71.376007,79.942328],[-71.448761,79.916083],[-71.459625,79.898749],[-71.428741,79.887763],[-71.178538,79.916368],[-70.91161,79.892564],[-71.018829,79.822943],[-71.088206,79.815619],[-71.090321,79.801866],[-71.142405,79.789496],[-71.382598,79.763007],[-71.482574,79.737779],[-71.9405,79.702012],[-72.018788,79.684678],[-72.127024,79.68065],[-72.231679,79.662584],[-72.391876,79.686469],[-72.628407,79.679023],[-72.920196,79.709581],[-72.9617,79.75255],[-73.063507,79.801866],[-73.063507,79.809312],[-72.943023,79.808458],[-72.905832,79.816148],[-72.930979,79.823594],[-73.190907,79.823228],[-73.385162,79.838609],[-73.813262,79.822333],[-73.865468,79.837266],[-73.805084,79.850287],[-73.741933,79.850328],[-73.768585,79.864976],[-74.227773,79.895697],[-74.325958,79.874457],[-74.844879,79.850328],[-74.768544,79.837633],[-74.770334,79.823594],[-74.670155,79.795722],[-74.35204,79.809312],[-73.584259,79.760972],[-73.481842,79.760972],[-73.383331,79.775621],[-73.351471,79.768378],[-73.386261,79.754706],[-73.360015,79.717149],[-73.17337,79.658555],[-73.187042,79.597032],[-73.127105,79.574327],[-73.173858,79.538804],[-73.316884,79.509141],[-73.462961,79.499864],[-73.595489,79.507921],[-73.733713,79.496161],[-73.904693,79.554429],[-73.96581,79.563585],[-74.002594,79.542467],[-73.95108,79.487494],[-73.992218,79.458686],[-74.030263,79.450059],[-74.282012,79.439927],[-74.392405,79.451728],[-74.696116,79.450019],[-74.790679,79.475531],[-74.913238,79.488756],[-74.958241,79.515326],[-74.996368,79.513414],[-75.064605,79.494086],[-74.88858,79.415635],[-74.961578,79.380601],[-75.027984,79.373277],[-75.512441,79.396186],[-75.674957,79.433946],[-75.69461,79.412706],[-75.755645,79.414049],[-75.818674,79.45307],[-75.961252,79.427314],[-76.195221,79.493516],[-77.044952,79.521959],[-77.133778,79.548651],[-77.192372,79.518256],[-77.127105,79.494086],[-76.944814,79.494086],[-76.854075,79.482652],[-76.757395,79.494086],[-76.576934,79.475653],[-76.448557,79.482856],[-76.193593,79.470282],[-76.140899,79.446885],[-76.20755,79.429918],[-76.152333,79.395006],[-76.010569,79.37108],[-75.909983,79.365953],[-75.880157,79.356879],[-75.914052,79.347032],[-76.15453,79.337022],[-76.235748,79.348456],[-76.834747,79.355577],[-76.87328,79.350043],[-77.087066,79.406073],[-77.124501,79.46894],[-77.242991,79.449815],[-77.352935,79.464219],[-77.401519,79.45307],[-77.161895,79.330186],[-77.225087,79.324774],[-77.786529,79.354193],[-77.882395,79.370347],[-77.990753,79.367784],[-78.059397,79.356879],[-78.059397,79.350043],[-77.833526,79.317694],[-77.633209,79.321031],[-77.365061,79.281358],[-77.325754,79.267442],[-77.366485,79.260199],[-77.456614,79.259874],[-77.49706,79.247626],[-76.782989,79.279161],[-76.512115,79.260728],[-76.304026,79.263495],[-76.205596,79.277167],[-76.153391,79.275133],[-75.94815,79.237169],[-75.051747,79.231065],[-74.798492,79.243842],[-74.468739,79.227159],[-74.492502,79.212022],[-74.593536,79.194566],[-74.783355,79.193183],[-74.824981,79.179307],[-74.779815,79.15998],[-74.65982,79.165473],[-74.612131,79.151353],[-74.667388,79.145209],[-74.654571,79.134345],[-74.564361,79.121039],[-74.524892,79.095038],[-74.453928,79.07685],[-74.447255,79.049872],[-74.49234,79.036729],[-74.792633,79.04796],[-75.086985,79.031846],[-75.505157,79.074815],[-75.757151,79.084215],[-75.787424,79.103339],[-75.893829,79.103624],[-75.852854,79.145209],[-75.893625,79.169664],[-76.088775,79.204698],[-76.600413,79.202501],[-76.983184,79.190782],[-77.207021,79.199774],[-78.182403,79.195421],[-78.257395,79.171942],[-78.212677,79.159898],[-78.059397,79.179307],[-77.001536,79.149115],[-76.741729,79.149644],[-76.494659,79.134508],[-76.133453,79.124132],[-76.140899,79.11046],[-76.085601,79.103624],[-76.114776,79.084906],[-76.168691,79.077338],[-76.388458,79.075995],[-76.706451,79.090684],[-76.965484,79.072455],[-77.159088,79.071234],[-77.533925,79.023871],[-77.614044,79.034247],[-77.696319,79.035346],[-77.7919,79.069444],[-78.096181,79.084825],[-78.331695,79.084825],[-78.895497,79.069444],[-78.866363,79.061754],[-77.915069,79.055894],[-77.76594,79.036485],[-77.732249,79.024726],[-77.703155,79.008043],[-77.956329,78.959581],[-78.281239,78.806627],[-78.29898,78.795762],[-78.271148,78.774237],[-78.226837,78.772203],[-78.181915,78.782904],[-78.062652,78.857774],[-77.821441,78.945868],[-77.718007,78.969713],[-76.732818,79.036729],[-75.780751,78.982001],[-75.721913,78.967027],[-75.798248,78.931708],[-76.268381,78.904649],[-76.441192,78.871283],[-76.459218,78.849351],[-76.394073,78.850409],[-76.256256,78.879706],[-75.845977,78.880479],[-75.744293,78.897162],[-75.552154,78.887193],[-75.304921,78.88463],[-74.915069,78.854356],[-74.886464,78.822496],[-74.773752,78.834825],[-74.777618,78.805487],[-74.906321,78.788316],[-74.786204,78.782701],[-74.76297,78.767808],[-74.831858,78.747301],[-74.721954,78.712633],[-74.75121,78.700263],[-74.844879,78.698961],[-74.866282,78.67711],[-74.831858,78.657945],[-74.872833,78.644273],[-74.808583,78.626654],[-74.716054,78.627672],[-74.632598,78.589667],[-74.802317,78.588609],[-75.030914,78.535102],[-75.184641,78.541571],[-75.398101,78.515611],[-76.500518,78.547471],[-76.66161,78.528266],[-76.675852,78.508653],[-76.281768,78.519517],[-76.150217,78.506944],[-76.078603,78.466173],[-75.107696,78.375474],[-75.029815,78.336412],[-75.119781,78.304918],[-75.216827,78.302314],[-75.314524,78.310981],[-75.369862,78.307318],[-75.448394,78.247382],[-75.51712,78.219184],[-75.62621,78.199815],[-76.193674,78.247056],[-76.359446,78.231798],[-76.604766,78.255194],[-76.888336,78.223334],[-76.915435,78.206773],[-76.875762,78.191759],[-76.723459,78.185614],[-76.688954,78.171983],[-76.648223,78.172553],[-76.611846,78.164537],[-76.294586,78.152777],[-76.190989,78.133002],[-75.668487,78.137315],[-75.617584,78.130968],[-75.581939,78.113023],[-75.588368,78.095282],[-75.688385,78.055894],[-75.68163,78.048448],[-75.839182,78.000678],[-75.93399,77.958604],[-75.989166,77.984565],[-76.098175,77.996283],[-76.178538,78.018297],[-76.232411,78.021104],[-76.463897,77.990953],[-76.538971,77.945665],[-76.746246,77.934149],[-76.880686,77.905015],[-77.063262,77.914862],[-77.153798,77.948676],[-77.880523,77.942735],[-78.216583,78.00255],[-78.271718,77.987047],[-78.271718,77.980211],[-78.201934,77.977525],[-78.182932,77.965928],[-78.378814,77.93651],[-78.429962,77.911322],[-78.319895,77.870469],[-78.281321,77.864122],[-78.156768,77.864244],[-78.141347,77.842393],[-77.980702,77.816718],[-77.942128,77.760484],[-78.051991,77.73314],[-78.009429,77.723253],[-77.987457,77.70246],[-78.079864,77.678534],[-78.026357,77.668402],[-77.91275,77.675035],[-77.860137,77.658067],[-77.847401,77.632392],[-77.756418,77.627305],[-77.716217,77.609605],[-77.976471,77.560248],[-77.942128,77.513414],[-78.018463,77.471991],[-78.197336,77.45246],[-78.278554,77.431505],[-78.230743,77.404161],[-78.252105,77.387071],[-78.289133,77.37755],[-78.500966,77.36518],[-78.689687,77.319078],[-78.765777,77.310899],[-78.84085,77.315416],[-78.724192,77.376899],[-78.771026,77.384955],[-78.844024,77.378282],[-79.002471,77.316881],[-79.054677,77.312079],[-79.133209,77.291327],[-79.645579,77.321641],[-79.844146,77.311265],[-79.971221,77.280626],[-80.197255,77.287462],[-80.299875,77.301744],[-80.391387,77.295152],[-80.464345,77.306464],[-80.551422,77.309801],[-80.638336,77.325914],[-80.779856,77.335924],[-81.01297,77.383653],[-81.033111,77.404161],[-81.215647,77.419176],[-81.296864,77.43651],[-81.398997,77.489366],[-81.582265,77.516954],[-81.567535,77.540758],[-81.588775,77.554429],[-81.670562,77.568671],[-81.670562,77.575426],[-81.609161,77.582343],[-81.640452,77.598375],[-81.824778,77.624945],[-81.85554,77.673774],[-81.916412,77.690497],[-81.937489,77.68537],[-81.946034,77.654283],[-81.910959,77.617906],[-81.876617,77.603461],[-81.804026,77.597276],[-81.673004,77.523668],[-81.741851,77.460028],[-81.737213,77.434801],[-81.480011,77.375922],[-81.207061,77.374132],[-81.170929,77.332506],[-81.199737,77.32335],[-81.848866,77.290025],[-82.151926,77.315904],[-82.19815,77.301744],[-81.917633,77.253363],[-81.882843,77.219224],[-81.910186,77.205552],[-81.857696,77.170478],[-81.752716,77.166571],[-81.620432,77.201768],[-81.525868,77.208726],[-81.478179,77.222886],[-81.103017,77.287462],[-80.37564,77.230536],[-80.318756,77.218126],[-80.115142,77.205552],[-80.145782,77.188788],[-80.239329,77.167711],[-80.279083,77.124376],[-80.375478,77.100694],[-80.409942,77.082709],[-80.372467,77.074693],[-80.321319,77.081244],[-80.026397,77.189032],[-79.717804,77.243394],[-79.432403,77.238593],[-79.343536,77.218858],[-79.248525,77.215928],[-79.202423,77.207343],[-79.104522,77.174791],[-79.055409,77.167914],[-79.032623,77.157172],[-79.066192,77.137315],[-79.0065,77.104722],[-79.34671,76.979234],[-79.392893,76.952867],[-79.37564,76.925645],[-79.120513,76.930243],[-79.081817,76.925238],[-78.980987,76.940497],[-78.903066,76.93419],[-78.867502,76.924425],[-78.964386,76.842393],[-78.720367,76.827582],[-78.696278,76.842393],[-78.724192,76.883409],[-78.625518,76.883409],[-78.567128,76.897325],[-78.566477,76.93183],[-78.53421,76.953966],[-78.430206,76.961778],[-78.388417,76.972846],[-78.415679,76.985826],[-78.384429,77.004096],[-78.333079,77.012641],[-78.131744,77.025255],[-78.09085,77.022813],[-77.889231,76.949774],[-77.902374,76.918199],[-77.833526,76.890855],[-77.894928,76.869127],[-77.716217,76.821967],[-77.772003,76.799872],[-77.789784,76.776313],[-77.766387,76.727891],[-77.807444,76.711249],[-77.812774,76.688096],[-77.770782,76.664293],[-77.827789,76.640977],[-77.887929,76.633734],[-78.032297,76.633409],[-78.189727,76.561265],[-78.141347,76.527167],[-78.355621,76.498399],[-78.380523,76.486192],[-78.367258,76.465684],[-78.499786,76.459337],[-78.564605,76.470445],[-78.621734,76.499823],[-78.586415,76.52025],[-78.614288,76.55504],[-78.566477,76.561265],[-78.566477,76.568101],[-78.683176,76.568101],[-78.774241,76.577338],[-78.970123,76.434923],[-79.009063,76.424425],[-79.149444,76.415473],[-79.182769,76.403998],[-79.195831,76.389268],[-79.176055,76.38996],[-79.176055,76.383165],[-79.244944,76.361925],[-79.26712,76.341498],[-79.251739,76.322333],[-79.293243,76.302354],[-79.347727,76.296861],[-79.501291,76.317694],[-79.550282,76.316962],[-80.096262,76.227891],[-80.189971,76.24669],[-80.23884,76.244208],[-80.37918,76.218695],[-80.443186,76.19774],[-80.608551,76.198188],[-80.667226,76.164049],[-80.790191,76.164049],[-80.887847,76.173041],[-80.939361,76.146226],[-81.072499,76.129136],[-81.067291,76.164049],[-81.04247,76.175971],[-80.958038,76.190741],[-80.958038,76.198188],[-81.064971,76.207953],[-81.095204,76.218614],[-81.043121,76.235826],[-81.039947,76.25963],[-80.959747,76.275743],[-80.893219,76.335517],[-80.79662,76.371934],[-80.772491,76.419989],[-80.894561,76.446763],[-80.997792,76.48607],[-81.096466,76.502061],[-81.218088,76.499823],[-81.177154,76.533393],[-81.206858,76.563585],[-81.321116,76.506659],[-81.402333,76.4831],[-81.538116,76.473009],[-81.935292,76.494981],[-82.055694,76.516466],[-82.082102,76.527167],[-81.986399,76.584296],[-81.992706,76.596055],[-82.061594,76.616523],[-82.020416,76.61933],[-81.90335,76.650702],[-81.831125,76.65587],[-81.784413,76.674425],[-81.783233,76.688463],[-81.798573,76.691514],[-81.890533,76.668891],[-82.177887,76.630113],[-82.276275,76.634874],[-82.325347,76.644029],[-82.444569,76.691636],[-82.589345,76.783433],[-82.729766,76.82099],[-82.773508,76.814561],[-82.698638,76.796576],[-82.636993,76.759874],[-82.650665,76.753119],[-82.554433,76.725165],[-82.561269,76.692613],[-82.511871,76.662299],[-82.381825,76.619615],[-82.295684,76.61461],[-82.082102,76.568101],[-82.209462,76.542182],[-82.225494,76.52025],[-82.133046,76.455146],[-82.172841,76.424628],[-82.282012,76.400499],[-82.800852,76.38996],[-82.852773,76.413642],[-83.001047,76.436265],[-83.102528,76.465684],[-83.061554,76.499823],[-83.116119,76.588609],[-83.199371,76.609687],[-83.222483,76.632514],[-83.391143,76.677965],[-83.404815,76.71894],[-83.356353,76.753119],[-83.401438,76.761542],[-83.516672,76.722276],[-83.519561,76.692125],[-83.404449,76.654039],[-83.376536,76.626451],[-83.251617,76.577257],[-83.236887,76.518663],[-83.185089,76.49608],[-83.24649,76.458848],[-83.185089,76.430894],[-83.223663,76.411363],[-83.279327,76.406195],[-83.712799,76.435045],[-83.777821,76.475816],[-83.873118,76.486192],[-83.897613,76.506659],[-84.001983,76.531806],[-84.050567,76.553331],[-84.101348,76.634833],[-84.238555,76.660875],[-84.292958,76.663804],[-84.32962,76.650702],[-84.197255,76.618109],[-84.251047,76.537095],[-84.178741,76.486192],[-84.199249,76.458848],[-84.235015,76.446763],[-84.548858,76.433458],[-84.633372,76.439032],[-84.795725,76.478746],[-84.799469,76.503404],[-84.844512,76.535386],[-84.901031,76.563096],[-85.012929,76.587388],[-85.055816,76.52025],[-85.021718,76.499742],[-85.017608,76.458604],[-84.960601,76.428209],[-84.399932,76.339342],[-84.388092,76.315131],[-84.410186,76.309272],[-85.203399,76.284288],[-85.249094,76.316107],[-85.432607,76.308051],[-85.519846,76.331529],[-85.723297,76.354722],[-85.862131,76.356798],[-85.999054,76.376695],[-86.073394,76.370592],[-86.217356,76.374986],[-86.282257,76.386542],[-86.347401,76.388536],[-86.412668,76.410468],[-86.417551,76.471666],[-86.405792,76.482489],[-86.237213,76.50788],[-86.207183,76.527167],[-86.232208,76.548692],[-86.404327,76.583564],[-86.577952,76.641669],[-86.631744,76.63703],[-86.302887,76.527696],[-86.64273,76.477159],[-86.659088,76.465684],[-86.634267,76.461046],[-86.635406,76.449205],[-86.721954,76.348375],[-86.848541,76.369493],[-87.092437,76.381456],[-87.131378,76.38996],[-87.155832,76.404039],[-87.121816,76.434312],[-87.151397,76.448676],[-87.401031,76.455675],[-87.433095,76.465684],[-87.395782,76.510362],[-87.484609,76.533067],[-87.501983,76.547593],[-87.460968,76.588609],[-87.563018,76.620185],[-87.595286,76.537543],[-87.495758,76.503241],[-87.546661,76.468817],[-87.547393,76.449042],[-87.433095,76.423529],[-87.433095,76.404242],[-87.501983,76.383165],[-87.406321,76.355821],[-87.427073,76.349351],[-87.560577,76.371446],[-87.583892,76.369493],[-87.570831,76.349066],[-87.629913,76.335557],[-87.706695,76.339586],[-87.777333,76.362169],[-87.803619,76.404242],[-87.837066,76.417955],[-87.879384,76.410468],[-87.865712,76.396796],[-87.917877,76.364081],[-88.403554,76.393663],[-88.434234,76.404242],[-88.358469,76.43773],[-88.399403,76.460273],[-88.44107,76.465684],[-88.358957,76.489976],[-88.354319,76.51911],[-88.421173,76.547593],[-88.440012,76.59276],[-88.519561,76.621446],[-88.482004,76.660875],[-88.551666,76.740465],[-88.482004,76.776964],[-88.506988,76.823717],[-88.555165,76.808661],[-88.708567,76.712104],[-88.585032,76.63703],[-88.660186,76.60224],[-88.621856,76.588324],[-88.531077,76.581366],[-88.496327,76.547593],[-88.51297,76.528022],[-88.48884,76.506659],[-88.621571,76.438178],[-88.598704,76.410468],[-88.618398,76.404405],[-88.667795,76.402452],[-88.695831,76.415269],[-88.657745,76.475084],[-88.612945,76.486192],[-88.680653,76.523749],[-88.639679,76.561265],[-88.710479,76.600816],[-88.73587,76.596055],[-88.749257,76.564032],[-88.797353,76.55504],[-88.778595,76.535631],[-88.831451,76.499823],[-88.797434,76.484565],[-88.790517,76.458848],[-88.807891,76.447374],[-88.886708,76.430894],[-88.910634,76.410468],[-89.019439,76.417304],[-89.046783,76.450303],[-89.133819,76.423692],[-89.235504,76.43773],[-89.260406,76.458848],[-89.434804,76.499823],[-89.410553,76.544176],[-89.461578,76.575507],[-89.543853,76.542914],[-89.681182,76.574937],[-89.6197,76.588609],[-89.599599,76.629014],[-89.447581,76.659125],[-89.418975,76.687486],[-89.45523,76.725165],[-89.386383,76.732652],[-89.470489,76.763129],[-89.53718,76.856757],[-89.473053,76.881171],[-88.997874,76.955024],[-88.990468,76.981798],[-88.719512,77.014106],[-88.535146,77.073594],[-88.419504,77.078803],[-88.393219,77.102525],[-88.544097,77.102525],[-88.494618,77.114122],[-88.393096,77.11933],[-88.293609,77.136339],[-88.132558,77.129828],[-88.167307,77.116197],[-88.129303,77.108995],[-87.864817,77.137315],[-87.773508,77.127916],[-87.67752,77.137315],[-87.645416,77.132554],[-87.615631,77.100775],[-87.585723,77.097724],[-87.474599,77.111396],[-87.380116,77.105699],[-87.337473,77.116197],[-87.460968,77.129828],[-87.361562,77.1765],[-87.083485,77.189032],[-87.022776,77.178209],[-87.029612,77.170762],[-86.957672,77.165025],[-86.919342,77.139146],[-86.823232,77.12934],[-86.790028,77.137315],[-86.892405,77.170762],[-86.60379,77.178209],[-86.676788,77.193468],[-86.828399,77.180162],[-86.928985,77.198065],[-87.132639,77.213609],[-87.159332,77.205552],[-87.14566,77.198717],[-87.181304,77.200181],[-87.214589,77.212388],[-87.125071,77.244249],[-86.912913,77.267035],[-86.993642,77.281562],[-87.170806,77.274522],[-87.217315,77.282335],[-87.248687,77.307969],[-87.196441,77.313788],[-87.09496,77.342353],[-87.041819,77.348944],[-86.93338,77.342719],[-86.830963,77.356391],[-86.850372,77.363878],[-87.123321,77.36872],[-87.348663,77.33397],[-87.681223,77.35338],[-87.721018,77.370063],[-87.700592,77.397325],[-87.751698,77.408433],[-87.783111,77.438341],[-87.757965,77.458116],[-87.669586,77.468004],[-87.646555,77.486762],[-87.700592,77.540758],[-87.837229,77.558295],[-87.85204,77.568671],[-87.810455,77.575426],[-87.826202,77.581895],[-87.905181,77.584215],[-88.01065,77.614569],[-88.188303,77.640367],[-88.211497,77.650336],[-88.21463,77.680487],[-88.153066,77.719468],[-88.15331,77.742377],[-88.167307,77.760484],[-88.224395,77.761583],[-88.235015,77.774115],[-88.183624,77.77558],[-88.180979,77.801459],[-88.105255,77.81505],[-88.221954,77.86286],[-88.200592,77.857001],[-88.132558,77.856676],[-88.116526,77.834825],[-88.042226,77.82274],[-87.192047,77.904527],[-86.84671,77.889472],[-86.664133,77.854193],[-86.452179,77.836412],[-86.215566,77.79328],[-86.072662,77.733873],[-85.974395,77.713324],[-85.881378,77.631537],[-85.795888,77.512926],[-85.718536,77.474473],[-85.795684,77.425279],[-85.752024,77.425971],[-85.594716,77.460883],[-85.528798,77.466254],[-85.529449,77.478217],[-85.508087,77.479112],[-85.480377,77.466254],[-85.535634,77.452582],[-85.527374,77.443468],[-85.402252,77.400743],[-85.000559,77.383653],[-84.938547,77.37401],[-84.761016,77.321641],[-84.466135,77.301744],[-84.484527,77.320502],[-84.575999,77.348944],[-84.576446,77.373643],[-84.617014,77.383653],[-84.573313,77.406684],[-84.4971,77.406846],[-84.356272,77.390489],[-84.062082,77.404161],[-83.466217,77.348944],[-83.484161,77.391425],[-83.799835,77.429023],[-83.836171,77.458808],[-83.8037,77.472764],[-83.62385,77.47248],[-83.504221,77.502509],[-83.424631,77.507188],[-83.373362,77.519273],[-83.316925,77.558336],[-83.259063,77.567816],[-83.024322,77.671861],[-82.972971,77.683946],[-82.952301,77.713324],[-82.880889,77.727973],[-82.780344,77.795233],[-82.808339,77.801459],[-82.684316,77.833319],[-82.640696,77.894232],[-82.540802,77.924913],[-82.581776,77.946031],[-82.513458,77.959703],[-82.596018,78.021186],[-82.544708,78.038764],[-82.48587,78.044176],[-82.370107,78.041612],[-82.321075,78.082587],[-82.509063,78.080268],[-82.65746,78.061754],[-82.764882,78.027696],[-82.792999,77.989],[-82.735992,77.928331],[-82.758941,77.916205],[-82.936025,77.881903],[-83.000722,77.826158],[-83.123606,77.787787],[-83.201894,77.70954],[-83.326568,77.671617],[-83.422515,77.607286],[-83.678497,77.534532],[-83.918243,77.493516],[-83.904449,77.513414],[-84.084137,77.509508],[-84.334218,77.532579],[-84.761016,77.52025],[-84.845448,77.543199],[-84.856475,77.583075],[-84.653635,77.623277],[-84.472564,77.69184],[-84.433583,77.725165],[-84.452056,77.743638],[-84.498809,77.754747],[-84.473622,77.739976],[-84.544504,77.680894],[-84.620107,77.669379],[-84.715728,77.639635],[-84.943023,77.602729],[-85.000559,77.623277],[-85.28246,77.659654],[-85.307159,77.671088],[-85.268096,77.713324],[-85.350616,77.739976],[-85.210601,77.758775],[-85.164133,77.80622],[-85.055816,77.801459],[-84.945953,77.828721],[-84.971425,77.843736],[-85.008819,77.844184],[-85.092437,77.821031],[-85.145172,77.821885],[-85.26004,77.8039],[-85.324941,77.8039],[-85.379913,77.8133],[-85.401682,77.831651],[-85.320221,77.872056],[-85.250518,77.885443],[-85.17927,77.888414],[-85.035797,77.878526],[-84.867502,77.898424],[-84.8367,77.890815],[-84.891103,77.837836],[-84.676829,77.907701],[-84.35676,77.888292],[-84.315338,77.89765],[-84.549835,77.928087],[-85.236155,77.90998],[-85.352325,77.884589],[-85.472646,77.872056],[-85.508331,77.883368],[-85.487823,77.911322],[-85.652333,77.919053],[-85.679596,77.935167],[-85.660553,77.950141],[-85.062774,78.06269],[-84.925445,78.041612],[-84.706695,78.034776],[-84.538604,78.07453],[-84.338165,78.070543],[-84.288604,78.082587],[-84.589263,78.080552],[-84.738108,78.058539],[-84.851959,78.057725],[-85.097401,78.103095],[-84.994415,78.158311],[-85.035308,78.178819],[-84.842112,78.168931],[-84.623565,78.203192],[-84.3933,78.190904],[-84.208811,78.159532],[-84.027984,78.178819],[-84.027984,78.185614],[-84.223175,78.185614],[-84.425201,78.212958],[-84.752756,78.218126],[-84.870758,78.199286],[-84.948516,78.201239],[-84.968332,78.214057],[-84.934397,78.254828],[-84.808827,78.326524],[-84.588165,78.343736],[-84.575999,78.353502],[-84.583323,78.366889],[-84.621368,78.371405],[-84.697662,78.34691],[-84.761016,78.343248],[-84.87088,78.369981],[-84.768341,78.487616],[-84.788319,78.507148],[-84.617014,78.589667],[-84.646962,78.599351],[-84.832916,78.521918],[-84.872874,78.465888],[-84.97232,78.422227],[-84.959625,78.350084],[-85.04898,78.315375],[-85.028554,78.288682],[-85.08495,78.27851],[-85.237782,78.201239],[-85.491485,78.106065],[-85.528798,78.103095],[-85.487823,78.116685],[-86.227691,78.06212],[-86.289377,78.08336],[-86.234527,78.137193],[-86.255605,78.158311],[-86.224151,78.166368],[-86.117991,78.171983],[-85.939198,78.237372],[-85.878204,78.295478],[-85.905548,78.302314],[-85.836578,78.341783],[-85.830393,78.377427],[-85.86026,78.385565],[-85.891876,78.377427],[-85.908599,78.342271],[-86.056386,78.302314],[-86.083323,78.251899],[-86.23648,78.205064],[-86.287668,78.195258],[-86.355255,78.209459],[-86.439971,78.206773],[-86.506256,78.215196],[-86.569163,78.180772],[-86.769765,78.120429],[-87.487864,78.127183],[-87.516672,78.133531],[-87.536692,78.144639],[-87.435536,78.18712],[-87.091054,78.206773],[-87.091054,78.212958],[-87.200266,78.219184],[-87.27835,78.235419],[-87.347076,78.221177],[-87.41926,78.216173],[-87.488433,78.21898],[-87.52302,78.233385],[-87.495758,78.278144],[-87.500152,78.3935],[-87.529286,78.410956],[-87.511301,78.43537],[-87.157257,78.549302],[-86.858306,78.548774],[-86.858306,78.5692],[-86.903554,78.582953],[-87.055084,78.5692],[-87.122345,78.582872],[-87.118398,78.593451],[-86.988759,78.648179],[-86.94046,78.714179],[-86.609853,78.809272],[-86.552317,78.811143],[-86.50593,78.802232],[-86.015899,78.837877],[-85.757314,78.831651],[-85.492421,78.875963],[-85.383819,78.883857],[-85.246124,78.916856],[-85.220489,78.919745],[-85.165435,78.911933],[-85.031077,78.921861],[-84.706125,78.870836],[-83.745636,78.838853],[-83.549469,78.792344],[-83.322174,78.771959],[-83.161692,78.724433],[-82.787831,78.692735],[-82.690989,78.665391],[-82.690704,78.649888],[-82.62918,78.637315],[-82.579132,78.607042],[-82.342804,78.5692],[-82.239084,78.589667],[-82.246002,78.60399],[-82.514679,78.668809],[-82.596018,78.706407],[-82.497711,78.717393],[-82.479319,78.73371],[-82.247304,78.719916],[-82.219268,78.726874],[-82.262481,78.751329],[-82.339426,78.759223],[-82.773468,78.73371],[-82.890207,78.767808],[-83.035715,78.779893],[-83.098134,78.803168],[-83.210846,78.803656],[-83.260162,78.836737],[-83.209259,78.851182],[-82.983713,78.855211],[-82.648101,78.835517],[-82.401438,78.828681],[-82.324534,78.84748],[-82.017974,78.867011],[-81.771718,78.865912],[-81.73884,78.857164],[-81.807281,78.84752],[-81.753692,78.843004],[-81.710032,78.849107],[-81.705352,78.870836],[-81.65689,78.890733],[-81.759999,78.918647],[-81.698557,78.978502],[-81.47879,79.049018],[-81.547027,79.069444],[-81.562164,79.061021],[-81.881378,79.018866],[-81.940704,79.003974],[-81.973459,78.969794],[-82.122467,78.91649],[-82.534576,78.885118],[-82.611602,78.901964],[-82.967804,78.940782],[-83.331207,78.931749],[-83.669097,78.933661],[-83.961252,78.962022],[-84.279286,78.955308],[-84.509511,79.015367],[-84.752105,79.038926],[-84.782786,79.052802],[-84.76594,79.087104],[-84.505767,79.146796],[-84.452911,79.148301],[-84.340647,79.13227],[-84.16454,79.130927],[-84.050852,79.104682],[-84.068878,79.083116],[-84.013458,79.074897],[-83.982493,79.051093],[-83.447418,79.028998],[-83.363189,79.055243],[-83.406972,79.065741],[-83.4971,79.046617],[-83.540924,79.047065],[-83.692413,79.070014],[-83.727447,79.096625],[-83.879954,79.123033],[-83.961212,79.127631],[-83.994415,79.138373],[-83.980133,79.151353],[-84.027984,79.158881],[-83.931793,79.192369],[-83.962473,79.220404],[-84.000274,79.223009],[-84.142812,79.182685],[-84.32962,79.192369],[-84.335846,79.247626],[-84.429718,79.297105],[-84.486602,79.412706],[-84.589752,79.44005],[-84.688954,79.447699],[-84.879303,79.487413],[-84.884552,79.514512],[-84.968332,79.538398],[-84.982981,79.568712],[-85.04898,79.590806],[-85.021026,79.61754],[-85.321563,79.679674],[-85.627838,79.709093],[-85.862782,79.698106],[-86.47468,79.760972],[-86.481923,79.821641],[-86.378489,79.823594],[-86.453643,79.850328],[-86.47468,79.892564],[-86.44929,79.937242],[-86.39627,79.962999],[-86.311798,79.973741],[-85.965484,79.955756],[-85.878896,79.941474],[-85.534576,79.935492],[-85.418935,79.905585],[-85.33259,79.900133],[-85.253814,79.926011],[-85.424835,79.933946],[-85.521392,79.96544],[-85.872629,79.977729],[-85.952382,79.991685],[-86.44107,80.007636],[-86.534657,80.03087],[-86.58377,80.050482],[-86.653798,80.136949],[-86.521881,80.241319],[-86.503936,80.309068],[-86.437734,80.320014],[-85.893341,80.338365],[-85.315704,80.268541],[-84.626739,80.278673],[-84.037872,80.268541],[-83.787872,80.250922],[-83.343821,80.145982],[-83.113311,80.074205],[-82.677561,79.991807],[-82.170888,79.868883],[-81.964833,79.747301],[-81.98587,79.727403],[-81.911448,79.702989],[-81.831125,79.693427],[-81.670562,79.693305],[-81.67748,79.648383],[-81.615956,79.624376],[-81.683665,79.610297],[-81.750722,79.626329],[-81.787262,79.611396],[-81.651641,79.594224],[-81.586985,79.601304],[-81.453155,79.64171],[-81.378,79.64293],[-80.587473,79.569159],[-80.64273,79.590806],[-80.620107,79.604071],[-80.084503,79.651231],[-79.919586,79.648546],[-79.752024,79.706977],[-80.400054,79.689683],[-80.44461,79.675035],[-80.881012,79.653917],[-81.322174,79.720649],[-81.523427,79.718004],[-81.506093,79.754706],[-81.628977,79.768378],[-81.565582,79.806627],[-81.661692,79.907579],[-81.567535,79.926011],[-81.442291,79.926744],[-81.403717,79.939683],[-81.457265,79.954169],[-81.999176,79.991034],[-82.070343,80.010077],[-82.168731,80.018297],[-82.942372,80.244371],[-83.001698,80.279649],[-83.205556,80.323228],[-83.15921,80.335435],[-81.988596,80.403998],[-81.612131,80.410997],[-80.352325,80.472642],[-80.292633,80.488389],[-80.361562,80.508287],[-80.051178,80.527574],[-79.509674,80.538031],[-79.429718,80.552802],[-79.040313,80.549791],[-78.92752,80.564439],[-78.813222,80.555528],[-78.699615,80.570299],[-78.109405,80.563666],[-78.052317,80.569078],[-78.017852,80.596991],[-78.785146,80.615912],[-79.273834,80.609971],[-79.964345,80.611274],[-79.964345,80.617499],[-79.911448,80.631212],[-79.568389,80.664293],[-79.391632,80.69835],[-79.078847,80.711534],[-78.849924,80.745469],[-78.638254,80.753974],[-78.53189,80.780748],[-78.33845,80.782945],[-78.233184,80.793077],[-78.18928,80.806016],[-77.731028,80.81745],[-77.507314,80.833808],[-77.135894,80.832261],[-76.569122,80.8463],[-76.515289,80.856065],[-76.483469,80.87877],[-76.589182,80.902411],[-76.776275,80.902818],[-77.024444,80.886786],[-77.389475,80.904486],[-77.997589,80.906073],[-78.115956,80.888292],[-78.847808,80.857652],[-78.936431,80.87877],[-78.861969,80.925401],[-78.926666,80.98607],[-78.909088,81.001695],[-78.469716,81.104356],[-78.394561,81.146308],[-78.476552,81.151923],[-78.444163,81.170518],[-78.380035,81.178575],[-78.264556,81.179877],[-78.159739,81.192939],[-77.842071,81.28441],[-77.666005,81.306627],[-77.624176,81.321153],[-77.365956,81.340196],[-77.19579,81.376532],[-77.071523,81.375556],[-76.966705,81.406195],[-76.744171,81.440497],[-76.853912,81.455308],[-77.7801,81.357774],[-77.874745,81.335761],[-78.191721,81.305162],[-78.48294,81.225572],[-78.682891,81.191759],[-78.757639,81.138861],[-78.690012,81.12523],[-78.736846,81.113634],[-78.944122,81.107367],[-79.505035,81.200303],[-79.463165,81.17536],[-79.066192,81.091051],[-79.106964,81.07099],[-79.211985,81.071479],[-79.258575,81.063788],[-79.332061,81.018663],[-79.315216,80.992174],[-79.244293,80.987738],[-79.182769,80.995714],[-79.194976,80.959418],[-79.279368,80.929551],[-79.411204,80.923041],[-79.442698,80.884711],[-79.614491,80.827623],[-79.92748,80.797675],[-80.057037,80.763129],[-80.357411,80.739569],[-80.634104,80.70421],[-80.875559,80.66295],[-81.217112,80.627672],[-81.552805,80.621812],[-81.81192,80.598253],[-82.338857,80.566962],[-82.376291,80.556016],[-82.724762,80.553453],[-82.913116,80.539415],[-83.120391,80.547838],[-83.165679,80.561021],[-83.168284,80.587714],[-83.086985,80.647162],[-82.890289,80.658637],[-82.834869,80.684556],[-82.149403,80.726874],[-82.027252,80.754503],[-81.942209,80.76142],[-81.759999,80.816718],[-81.780914,80.825303],[-81.862375,80.824164],[-81.970286,80.837226],[-82.128651,80.808905],[-82.37385,80.78559],[-82.422434,80.772813],[-82.508127,80.771186],[-82.578643,80.741645],[-83.001536,80.723009],[-83.301788,80.698432],[-83.499013,80.701239],[-83.548166,80.714301],[-83.527659,80.721177],[-83.568634,80.741645],[-83.526438,80.758043],[-83.356353,80.769517],[-83.123606,80.831],[-83.273712,80.846503],[-83.383697,80.809923],[-83.600982,80.779364],[-83.65803,80.755235],[-83.706125,80.748643],[-83.862823,80.762071],[-83.774688,80.741645],[-83.809885,80.738837],[-83.82669,80.708848],[-83.719472,80.631781],[-83.846018,80.544053],[-83.898712,80.537543],[-84.079498,80.536119],[-84.397043,80.509996],[-84.691151,80.531684],[-84.927073,80.530015],[-85.121368,80.504096],[-85.550608,80.525499],[-85.650909,80.541246],[-85.797027,80.530382],[-85.864532,80.542955],[-85.795725,80.574571],[-85.634511,80.600898],[-85.562896,80.624945],[-85.785308,80.601752],[-86.050201,80.537828],[-86.117828,80.536811],[-86.749054,80.604478],[-86.551747,80.716173],[-85.798492,80.946275],[-85.622467,80.980292],[-85.507639,80.985053],[-85.45165,80.994737],[-85.363678,80.995469],[-85.233632,81.010728],[-85.196075,81.022813],[-85.000559,81.028998],[-84.977325,81.045111],[-84.884063,81.028062],[-84.219512,81.058051],[-84.142079,81.072496],[-82.752756,81.135728],[-82.699208,81.148871],[-82.459014,81.160631],[-82.363271,81.179877],[-82.384836,81.185411],[-84.203684,81.095689],[-84.257558,81.100084],[-85.177398,81.068956],[-85.279815,81.051256],[-85.393096,81.060248],[-85.780995,81.034044],[-86.111562,80.992906],[-86.366933,80.927232],[-86.461903,80.888617],[-86.563059,80.87462],[-86.618072,80.837226],[-87.063873,80.733588],[-87.09911,80.691474],[-87.276031,80.631781],[-87.465118,80.633653],[-87.706532,80.645453],[-87.894928,80.674913],[-88.101064,80.680772],[-88.625152,80.769029],[-88.931386,80.798529],[-89.18456,80.851549],[-89.386383,80.878892],[-89.462148,80.914781],[-89.434356,80.928412],[-89.271881,80.953192],[-89.025543,80.957384],[-88.860666,80.981065],[-88.413157,80.998765],[-87.830149,80.998765],[-87.618642,80.981431],[-87.138092,80.989691],[-87.029124,81.005845],[-86.699208,81.005439],[-86.458079,81.028184],[-86.281402,81.069444],[-86.015696,81.083808],[-85.858306,81.076036],[-85.830393,81.084215],[-85.91922,81.111558],[-85.857574,81.133165],[-85.751047,81.143134],[-85.53303,81.189195],[-85.186187,81.23432],[-84.841339,81.261298],[-84.733673,81.283515],[-84.748687,81.296007],[-84.7742,81.299628],[-84.848541,81.290513],[-84.939117,81.310167],[-85.009185,81.303453],[-85.245025,81.299058],[-85.875152,81.24022],[-86.200185,81.189032],[-86.293609,81.152167],[-86.515655,81.12523],[-86.935129,81.111029],[-87.388499,81.069444],[-87.859649,81.079698],[-89.826161,81.013048],[-90.082183,81.046373],[-90.182118,81.070014],[-90.340077,81.155626],[-90.352773,81.173651],[-90.298126,81.193468],[-89.983632,81.249864],[-89.916737,81.24022],[-89.842559,81.248725],[-89.793284,81.246772],[-89.558583,81.208564],[-88.933868,81.248725],[-88.9947,81.266059],[-89.387359,81.251776],[-89.574045,81.285753],[-89.831329,81.303697],[-89.955556,81.330634],[-89.924469,81.342231],[-89.608551,81.363878],[-89.453643,81.406358],[-89.243438,81.410956],[-88.990875,81.469346],[-88.849762,81.454454],[-88.81786,81.461046],[-88.933868,81.481513],[-88.888946,81.500474],[-88.495595,81.522813],[-88.307362,81.522325],[-87.940745,81.536119],[-87.975575,81.522447],[-87.938995,81.513292],[-87.892852,81.51081],[-87.787343,81.523668],[-87.721913,81.516221],[-87.526357,81.516913],[-87.283966,81.48607],[-87.248687,81.495103],[-87.313507,81.51793],[-88.047597,81.570299],[-88.135976,81.557237],[-88.248606,81.563463],[-88.282541,81.586005],[-88.342681,81.590522],[-88.612864,81.553697],[-88.978505,81.540513],[-89.514312,81.487535],[-89.785227,81.446275],[-90.258209,81.397813],[-90.421417,81.368516],[-90.49234,81.370836],[-90.552032,81.38524],[-90.483144,81.398912],[-90.859893,81.447333],[-90.833567,81.464342],[-90.089915,81.569932],[-89.975982,81.567613],[-89.914825,81.596381],[-89.64151,81.601671],[-89.585601,81.63231],[-90.092071,81.626085],[-90.023752,81.645982],[-90.133616,81.660224],[-90.236562,81.69599],[-90.298655,81.704088],[-90.356475,81.69066],[-90.29129,81.645982],[-90.393788,81.660224],[-90.487457,81.658189],[-90.682769,81.67711],[-90.715891,81.674302],[-90.780588,81.641791],[-90.829742,81.633897],[-90.928741,81.63231],[-90.992096,81.618842],[-90.96231,81.563463],[-91.015207,81.560858],[-91.101226,81.539781],[-91.14387,81.560004],[-91.470001,81.529893],[-91.408518,81.55036],[-91.48172,81.596177],[-91.751536,81.604804],[-91.812042,81.620673],[-91.880889,81.618638],[-91.949208,81.63231],[-91.936554,81.643988],[-91.867218,81.645982],[-91.956614,81.660224],[-91.912587,81.670152],[-91.819244,81.662706],[-91.771637,81.66706],[-91.812652,81.680121],[-91.737538,81.694403],[-91.730743,81.728502],[-91.617991,81.73664],[-91.484446,81.771796],[-91.39802,81.776923],[-91.206532,81.762681],[-91.117177,81.769477],[-91.050811,81.765001],[-91.031158,81.769477],[-91.154083,81.803656],[-91.091339,81.83043],[-91.013905,81.842271],[-90.73233,81.839301],[-90.612864,81.876695],[-90.242909,81.899848],[-89.935089,81.885565],[-89.983062,81.902777],[-89.892405,81.901109],[-89.72175,81.923326],[-89.681182,81.91352],[-89.743235,81.899848],[-89.644765,81.864],[-89.534088,81.844591],[-89.47761,81.844306],[-89.482574,81.824083],[-89.369903,81.819648],[-89.335357,81.809027],[-89.340972,81.830512],[-89.14745,81.885565],[-89.17634,81.900458],[-89.405914,81.910875],[-89.389068,81.937364],[-89.344472,81.946479],[-89.252105,81.948717],[-89.079254,81.91413],[-88.989084,81.92772],[-89.058013,81.988593],[-89.007395,82.006822],[-88.680735,82.058417],[-88.236562,82.080797],[-88.117706,82.09337],[-88.070465,82.107286],[-87.999094,82.105292],[-87.793365,82.077379],[-87.587921,82.09162],[-87.372833,82.077379],[-87.173614,82.015855],[-87.317616,81.975572],[-87.289581,81.964464],[-86.727935,81.893012],[-86.814036,81.931749],[-87.089752,81.956041],[-87.131378,81.975572],[-86.844024,81.988593],[-86.992665,82.024482],[-86.964752,82.0515],[-86.628936,82.058702],[-86.162139,82.045844],[-85.978831,82.016466],[-85.399322,81.85692],[-85.371124,81.865098],[-85.406036,81.887397],[-85.640207,81.948594],[-85.734202,81.988593],[-85.683746,82.007799],[-85.267893,82.008002],[-85.200022,81.997382],[-85.021026,81.920274],[-84.910471,81.895128],[-84.795725,81.885565],[-85.069488,81.988593],[-85.032012,81.999091],[-84.865875,81.993516],[-84.774485,81.918647],[-84.720041,81.903917],[-84.603342,81.893012],[-84.685577,81.924058],[-84.752431,81.991197],[-86.728179,82.137437],[-86.878733,82.208319],[-86.847971,82.220567],[-86.558258,82.241278],[-86.357818,82.230821],[-85.672515,82.244981],[-85.562734,82.274644],[-85.510732,82.280097],[-85.401031,82.277045],[-85.350616,82.290269],[-85.494659,82.323717],[-85.418935,82.351671],[-85.515655,82.352037],[-85.535227,82.365709],[-85.500885,82.400133],[-85.54837,82.415758],[-85.706329,82.413804],[-85.787262,82.426215],[-85.89566,82.426703],[-85.901194,82.444688],[-85.761871,82.467475],[-84.708404,82.483018],[-84.623525,82.452501],[-84.646962,82.443101],[-84.900299,82.438341],[-84.945953,82.427436],[-84.520579,82.399766],[-84.383616,82.372789],[-84.347401,82.353258],[-84.198557,82.372789],[-83.674875,82.348985],[-83.426829,82.302965],[-83.336171,82.228258],[-83.033966,82.171617],[-82.95169,82.1258],[-82.979237,82.099351],[-83.130442,82.071153],[-82.101837,82.059556],[-81.947052,82.035224],[-81.907745,82.034613],[-81.876617,82.043809],[-81.944895,82.071153],[-82.111969,82.099351],[-82.584259,82.094835],[-82.627024,82.103746],[-82.837148,82.187079],[-83.008697,82.230536],[-83.024973,82.285224],[-82.969879,82.298448],[-82.571604,82.247178],[-82.400787,82.247178],[-82.129669,82.190172],[-81.588043,82.119574],[-80.614776,82.015855],[-80.568186,81.99608],[-80.440256,82.008002],[-80.02127,81.967597],[-79.615224,81.859117],[-79.529124,81.824042],[-79.230621,81.817857],[-79.680898,81.935777],[-79.703643,81.96129],[-79.756622,81.973456],[-79.869781,81.97545],[-79.92337,81.988593],[-79.834625,82.015855],[-79.863678,82.026923],[-80.933665,82.103949],[-80.974192,82.134589],[-80.869293,82.159898],[-81.2919,82.162828],[-82.711578,82.381456],[-82.730133,82.410509],[-82.497304,82.509385],[-81.499989,82.497748],[-81.47879,82.502509],[-81.50414,82.509752],[-81.577789,82.502509],[-81.913645,82.524644],[-82.294342,82.584459],[-82.396759,82.619208],[-82.328033,82.659166],[-82.069976,82.674302],[-81.416412,82.631293],[-80.886952,82.53498],[-80.580637,82.543443],[-80.600616,82.558824],[-81.097157,82.672716],[-81.160064,82.717149],[-81.268707,82.727729],[-81.366363,82.755805],[-81.478261,82.765855],[-81.576161,82.791246],[-81.56786,82.814765],[-81.473948,82.830308],[-80.315419,82.786444],[-80.292633,82.756415],[-80.142405,82.721625],[-80.18338,82.701158],[-80.152008,82.680772],[-79.846954,82.643785],[-79.799224,82.653306],[-79.984771,82.694322],[-79.900787,82.717882],[-79.126454,82.669135],[-79.038157,82.681342],[-78.940948,82.6706],[-78.547922,82.676011],[-78.504425,82.688096],[-79.895009,82.765245],[-79.92337,82.79796],[-79.998443,82.803575],[-79.923492,82.822252],[-79.67634,82.824652],[-79.67634,82.831488],[-80.352203,82.864447],[-80.401194,82.879584],[-80.42984,82.900377],[-80.222483,82.919664],[-80.158111,82.939276],[-79.340484,82.975531],[-79.272247,82.954332],[-79.190704,82.954047],[-79.217681,82.934516],[-79.123525,82.922227],[-79.073638,82.879869],[-79.009023,82.874742],[-78.792795,82.943671],[-78.700958,82.948594],[-78.605987,82.94359],[-78.508941,82.921373],[-78.559071,82.866278],[-78.518707,82.846055],[-78.420562,82.872301],[-78.374745,82.872423],[-78.365631,82.85692],[-78.257802,82.850206],[-78.175445,82.831488],[-78.106597,82.831488],[-78.243723,82.866278],[-78.201975,82.878363],[-78.058746,82.858751],[-78.023997,82.860948],[-78.031809,82.876207],[-78.114044,82.89293],[-78.081817,82.904608],[-77.852203,82.926011],[-77.138661,82.866889],[-76.950225,82.80622],[-76.962677,82.776231],[-76.788848,82.758409],[-76.556915,82.675482],[-76.432403,82.664781],[-76.280995,82.635118],[-76.166737,82.63288],[-75.961334,82.600409],[-75.893829,82.598741],[-76.192901,82.515937],[-76.263743,82.46837],[-76.218332,82.452094],[-76.173573,82.456],[-75.66804,82.593695],[-75.461497,82.600816],[-75.400421,82.619208],[-75.439971,82.630479],[-76.106109,82.688096],[-76.092437,82.701158],[-76.211822,82.70836],[-76.311554,82.756415],[-76.230743,82.774156],[-76.056386,82.77025],[-75.975738,82.790513],[-76.373606,82.790513],[-76.539622,82.822984],[-76.667795,82.879869],[-77.387237,82.989732],[-77.335032,83.013251],[-77.134023,83.036973],[-77.174957,83.023301],[-77.13036,83.010606],[-76.236562,83.03498],[-76.135487,83.053697],[-75.431304,83.040107],[-75.384755,83.031724],[-75.302032,83.03148],[-75.290517,83.023301],[-75.187042,83.023139],[-75.056874,83.0421],[-74.200022,83.002143],[-74.016265,82.961859],[-74.015614,82.942491],[-73.902496,82.913438],[-73.828399,82.865709],[-72.591135,82.701158],[-72.611602,82.71544],[-72.501739,82.721625],[-72.501739,82.729071],[-73.114329,82.79149],[-73.372955,82.847968],[-73.453033,82.902696],[-73.571604,82.911363],[-73.653147,82.92711],[-73.573516,82.959174],[-73.436065,82.97191],[-73.247833,83.020738],[-72.932688,83.044542],[-72.885976,83.058051],[-73.00886,83.058051],[-72.972239,83.072984],[-72.787994,83.082343],[-72.702056,83.096544],[-72.591624,83.102362],[-72.501739,83.077867],[-72.273834,83.108751],[-71.627594,83.103339],[-71.58316,83.092149],[-71.766672,83.042467],[-71.796051,83.020128],[-71.765207,83.001654],[-71.569488,82.961859],[-71.58316,82.948188],[-70.837066,82.886094],[-70.867177,82.905097],[-71.308868,82.989732],[-71.50121,83.00963],[-71.480621,83.022406],[-71.269073,83.060533],[-71.111602,83.070299],[-71.12442,83.099595],[-71.012929,83.101549],[-70.908111,83.081773],[-70.837066,83.092149],[-70.891672,83.099595],[-70.817413,83.11107],[-69.68753,83.116523],[-69.657745,83.105211],[-69.733469,83.092149],[-69.665191,83.077867],[-69.774444,83.051215],[-69.698761,83.051215],[-69.676178,83.04503],[-69.483388,83.04564],[-69.45169,83.036973],[-69.657745,83.002794],[-69.617014,82.989936],[-69.214386,83.013495],[-69.039296,83.045762],[-68.976348,83.026475],[-68.953684,82.98314],[-68.679433,82.98314],[-68.533721,83.00963],[-68.171783,82.999132],[-68.19107,82.948188],[-68.131866,82.933173],[-67.999582,82.953966],[-67.596832,82.971177],[-67.180247,82.933295],[-67.097727,82.963568],[-66.937286,82.954332],[-66.978912,82.934516],[-66.895334,82.925401],[-66.852447,82.926011],[-66.785064,82.95836],[-66.656158,82.941352],[-66.402862,82.943223],[-66.362701,82.933702],[-66.321197,82.937364],[-66.318105,82.926866],[-66.38919,82.920885],[-66.341461,82.907213],[-66.362782,82.89411],[-66.806915,82.831488],[-66.846262,82.81212],[-67.150461,82.79267],[-67.246653,82.770209],[-67.488189,82.759263],[-67.54011,82.75019],[-67.599599,82.752265],[-67.679718,82.738593],[-67.787831,82.737291],[-67.868438,82.721015],[-68.428253,82.684801],[-68.637278,82.653306],[-68.671457,82.639716],[-68.617706,82.630439],[-67.442047,82.658433],[-67.262359,82.693101],[-67.146311,82.697862],[-67.102325,82.710801],[-66.860137,82.724189],[-66.667633,82.711859],[-66.629465,82.758287],[-65.851593,82.842353],[-65.492502,82.843085],[-65.456939,82.831488],[-65.525868,82.803575],[-65.492828,82.785346],[-65.444854,82.777452],[-65.155304,82.770006],[-65.203155,82.783067],[-65.307281,82.788194],[-65.354522,82.803575],[-65.19461,82.846991],[-65.100657,82.851996],[-65.144805,82.866767],[-65.257639,82.863267],[-65.306142,82.872423],[-65.20169,82.881049],[-65.132395,82.8994],[-64.696685,82.909776],[-64.65567,82.900377],[-64.71524,82.879503],[-64.903147,82.88288],[-64.936798,82.872423],[-64.886505,82.860093],[-64.710276,82.858751],[-64.751251,82.831488],[-64.710194,82.814805],[-64.442901,82.760484],[-64.393056,82.792222],[-64.32844,82.790839],[-64.136261,82.837388],[-63.447092,82.826728],[-63.40803,82.818223],[-63.380767,82.770006],[-63.43399,82.751451],[-63.49002,82.741034],[-63.853057,82.721625],[-63.651519,82.71776],[-63.538401,82.701158],[-63.539337,82.675767],[-63.483184,82.68065],[-63.229888,82.646552],[-63.302032,82.623643],[-63.380767,82.625352],[-63.370636,82.611762],[-62.962677,82.593492],[-62.928253,82.570787],[-63.000722,82.563585],[-63.06546,82.537299],[-63.120676,82.482042],[-63.093332,82.46837],[-63.309478,82.460924],[-63.373321,82.441026],[-63.034983,82.456732],[-62.869903,82.516791],[-62.832672,82.516791],[-62.79776,82.490098],[-62.729034,82.488878],[-62.739288,82.523424],[-62.174713,82.529853],[-62.174713,82.523627],[-62.301178,82.521226],[-62.352284,82.482042],[-62.257395,82.489691],[-62.257314,82.509955],[-62.099029,82.509955],[-62.105865,82.496324],[-61.578887,82.488878],[-61.341217,82.450181],[-61.136993,82.38231],[-61.085479,82.331163]]],[[[-79.841379,53.145738],[-79.799184,53.121894],[-79.793691,53.107978],[-79.80663,53.097357],[-79.849355,53.08515],[-79.92984,53.094387],[-79.93635,53.125312],[-79.916575,53.170315],[-79.894928,53.18065],[-79.855295,53.169379],[-79.841379,53.145738]]],[[[-79.950022,53.351793],[-79.956695,53.323065],[-79.917348,53.297431],[-79.923329,53.275458],[-79.947133,53.265937],[-79.984202,53.265123],[-80.018219,53.273749],[-80.046051,53.309272],[-80.086049,53.33039],[-80.070709,53.354926],[-80.042795,53.366197],[-79.971832,53.365424],[-79.943756,53.371649],[-79.950022,53.351793]]],[[[-79.861887,53.912909],[-79.874867,53.906155],[-79.90689,53.917711],[-79.930084,53.940863],[-79.861887,53.920356],[-79.861887,53.912909]]],[[[-79.977935,56.202053],[-80.063832,56.187445],[-80.10497,56.200507],[-80.097971,56.239936],[-80.052398,56.283677],[-80.059885,56.304429],[-80.030995,56.319729],[-80.000315,56.325873],[-79.891347,56.329413],[-79.871734,56.335517],[-79.863637,56.354804],[-79.881703,56.376776],[-79.867421,56.385484],[-79.744537,56.365912],[-79.674428,56.384508],[-79.615224,56.433783],[-79.588979,56.494208],[-79.545888,56.530341],[-79.5926,56.430121],[-79.678782,56.331285],[-79.715728,56.309149],[-79.977935,56.202053]]],[[[-79.593739,56.771186],[-79.573842,56.777411],[-79.587392,56.795315],[-79.573354,56.818183],[-79.550893,56.784735],[-79.51065,56.783677],[-79.483266,56.739447],[-79.487701,56.663642],[-79.515492,56.667548],[-79.564931,56.620551],[-79.583323,56.648871],[-79.547597,56.727525],[-79.593739,56.771186]]],[[[-79.902821,56.89411],[-79.858795,56.934963],[-79.842275,56.937323],[-79.827056,56.928168],[-79.807281,56.950629],[-79.795033,56.951606],[-79.756215,56.916449],[-79.723704,56.820746],[-79.730865,56.801907],[-79.75121,56.793199],[-79.78307,56.791083],[-79.790761,56.796088],[-79.788157,56.836859],[-79.812489,56.896674],[-79.878163,56.884955],[-79.902821,56.89411]]],[[[-79.792958,57.428534],[-79.828847,57.452216],[-79.850982,57.486518],[-79.811676,57.485256],[-79.80248,57.511623],[-79.779937,57.527777],[-79.784739,57.537787],[-79.817209,57.524115],[-79.828236,57.528754],[-79.825673,57.539049],[-79.791086,57.586371],[-79.737172,57.622016],[-79.701324,57.57331],[-79.696401,57.529486],[-79.703603,57.511054],[-79.722768,57.501899],[-79.761098,57.520453],[-79.779937,57.511054],[-79.792958,57.428534]]],[[[-80.470774,59.491034],[-80.467152,59.464667],[-80.513783,59.410346],[-80.527211,59.375393],[-80.542226,59.371324],[-80.547109,59.408515],[-80.519154,59.443834],[-80.553293,59.4501],[-80.470774,59.491034]]],[[[-80.224965,59.731269],[-80.210764,59.72191],[-80.149241,59.71015],[-80.156077,59.682847],[-80.220937,59.662543],[-80.256174,59.626695],[-80.31725,59.613593],[-80.342193,59.619574],[-80.325754,59.648383],[-80.29601,59.662665],[-80.300038,59.676663],[-80.287017,59.68183],[-80.245432,59.676663],[-80.259104,59.69717],[-80.224965,59.731269]]],[[[-80.108266,59.764797],[-80.07315,59.802069],[-80.094594,59.813178],[-80.106435,59.796047],[-80.146474,59.776068],[-80.154164,59.746975],[-80.17984,59.748765],[-80.128774,59.82746],[-80.042958,59.877753],[-80.005238,59.888902],[-79.984731,59.868476],[-79.947906,59.881903],[-79.909779,59.862047],[-79.881703,59.861029],[-79.93635,59.813178],[-79.989858,59.795885],[-80.01891,59.772203],[-80.06664,59.760077],[-80.094106,59.758124],[-80.108266,59.764797]]],[[[-65.607777,43.483466],[-65.617055,43.50788],[-65.605214,43.514106],[-65.559926,43.51081],[-65.574208,43.476711],[-65.610585,43.428168],[-65.628814,43.422065],[-65.621409,43.435045],[-65.626943,43.445136],[-65.656117,43.463039],[-65.607777,43.483466]]],[[[-59.793511,43.964571],[-59.707184,44.014416],[-59.757119,43.966064],[-59.808162,43.940226],[-59.858371,43.923598],[-59.90778,43.916175],[-60.018758,43.913771],[-60.116954,43.942939],[-60.130161,43.960473],[-60.073883,43.94245],[-59.997814,43.937868],[-59.87155,43.942078],[-59.793511,43.964571]]],[[[-66.231557,44.387193],[-66.213002,44.395819],[-66.20344,44.392239],[-66.204457,44.381171],[-66.238678,44.338365],[-66.298166,44.283271],[-66.313466,44.250678],[-66.327748,44.258124],[-66.285797,44.324774],[-66.231557,44.387193]]],[[[-66.86148,44.726752],[-66.825754,44.787584],[-66.791289,44.799104],[-66.769453,44.795657],[-66.756801,44.777563],[-66.74316,44.782047],[-66.732466,44.768824],[-66.735491,44.759083],[-66.752895,44.763855],[-66.761486,44.75453],[-66.721134,44.662779],[-66.691784,44.642992],[-66.690391,44.620002],[-66.708987,44.613741],[-66.728313,44.622952],[-66.742829,44.653408],[-66.767701,44.653305],[-66.783282,44.661205],[-66.809937,44.651802],[-66.839091,44.650351],[-66.867014,44.629788],[-66.876141,44.606331],[-66.905986,44.606169],[-66.884592,44.68891],[-66.86148,44.726752]]],[[[-73.995188,45.320136],[-73.920644,45.333808],[-73.934316,45.31269],[-74.003,45.268704],[-74.081044,45.252753],[-74.139394,45.251166],[-74.165028,45.269721],[-74.162587,45.287787],[-74.128407,45.307563],[-74.043568,45.30565],[-73.995188,45.320136]]],[[[-73.889027,45.396715],[-73.858062,45.388902],[-73.858062,45.381781],[-73.906361,45.367336],[-73.93163,45.366889],[-73.95108,45.370795],[-73.984527,45.406399],[-73.976674,45.415351],[-73.917307,45.40998],[-73.889027,45.396715]]],[[[-73.931793,45.488837],[-73.947336,45.498236],[-73.943186,45.507554],[-73.886464,45.523383],[-73.885121,45.512397],[-73.899281,45.500922],[-73.931793,45.488837]]],[[[-60.914133,45.566555],[-60.899281,45.578681],[-60.879303,45.566555],[-60.892201,45.552802],[-60.914133,45.552883],[-60.952626,45.531643],[-60.961822,45.517279],[-60.947621,45.498236],[-61.003529,45.460761],[-61.023915,45.470893],[-61.002105,45.494452],[-61.064931,45.504462],[-61.105092,45.527086],[-61.111724,45.548774],[-61.009674,45.580797],[-60.958567,45.581448],[-60.914133,45.566555]]],[[[-73.857289,45.549384],[-73.866444,45.560777],[-73.848622,45.584133],[-73.740875,45.664252],[-73.676137,45.690497],[-73.638295,45.689114],[-73.585357,45.700629],[-73.564849,45.698676],[-73.563791,45.692328],[-73.636464,45.649319],[-73.68456,45.58747],[-73.718332,45.562445],[-73.779937,45.547105],[-73.857289,45.549384]]],[[[-73.499257,45.709947],[-73.470611,45.713284],[-73.468984,45.705552],[-73.504058,45.600409],[-73.540639,45.547797],[-73.539418,45.487372],[-73.588735,45.447943],[-73.619211,45.442572],[-73.716908,45.464545],[-73.79483,45.467231],[-73.924916,45.429999],[-73.958567,45.430976],[-73.973622,45.444648],[-73.874989,45.493109],[-73.849843,45.520738],[-73.766835,45.527248],[-73.694,45.555325],[-73.667958,45.575588],[-73.620717,45.638332],[-73.499257,45.709947]]],[[[-70.843251,47.033189],[-70.815745,47.023627],[-70.809682,47.013414],[-70.874257,46.936998],[-71.031239,46.862942],[-71.114003,46.859442],[-71.124745,46.877021],[-71.085113,46.905707],[-70.993479,46.950019],[-70.885406,47.026557],[-70.843251,47.033189]]],[[[-60.080881,45.792426],[-60.177724,45.766547],[-60.198842,45.755683],[-60.215647,45.719428],[-60.234975,45.706855],[-60.322865,45.683661],[-60.395375,45.642524],[-60.462636,45.635728],[-60.47525,45.649115],[-60.51183,45.62641],[-60.629791,45.594957],[-60.671783,45.573676],[-60.735951,45.566555],[-60.752431,45.593899],[-60.84435,45.60456],[-60.855458,45.638821],[-60.871083,45.645657],[-60.907297,45.614325],[-60.936025,45.627997],[-60.947621,45.627997],[-60.946156,45.61225],[-60.96996,45.6081],[-61.023915,45.614325],[-61.009674,45.6081],[-61.016225,45.595282],[-61.057607,45.591498],[-61.085439,45.57331],[-61.156728,45.556586],[-61.174794,45.559068],[-61.157216,45.565131],[-61.155019,45.578559],[-61.167348,45.586982],[-61.205637,45.592719],[-61.208323,45.6081],[-61.224965,45.581936],[-61.2412,45.585395],[-61.277211,45.566555],[-61.270172,45.548326],[-61.284576,45.547675],[-61.334869,45.56623],[-61.362864,45.611233],[-61.442047,45.681789],[-61.455312,45.709906],[-61.475413,45.811347],[-61.497304,45.83515],[-61.488881,45.888658],[-61.522613,45.932807],[-61.516184,45.950751],[-61.52359,45.991685],[-61.551503,46.021796],[-61.541127,46.040473],[-61.475209,46.073635],[-61.458974,46.145331],[-61.384389,46.194281],[-61.280629,46.245551],[-61.177887,46.385565],[-61.086171,46.466498],[-61.075266,46.513251],[-61.030385,46.56802],[-61.057485,46.601264],[-61.04308,46.625312],[-61.016469,46.642157],[-61.030181,46.611558],[-61.023793,46.593207],[-61.004791,46.633287],[-60.964996,46.662014],[-60.899241,46.768785],[-60.869211,46.800035],[-60.769602,46.843736],[-60.701324,46.90469],[-60.642079,47.00373],[-60.593617,47.034817],[-60.523061,47.018948],[-60.501129,47.001207],[-60.485829,46.999091],[-60.396108,47.026353],[-60.383372,47.016791],[-60.398427,46.995551],[-60.495758,46.895453],[-60.452219,46.892524],[-60.442047,46.884426],[-60.454742,46.868109],[-60.393544,46.862982],[-60.358306,46.866156],[-60.338735,46.875556],[-60.31078,46.854438],[-60.30899,46.803371],[-60.344879,46.693996],[-60.399526,46.670111],[-60.3815,46.655992],[-60.357981,46.655829],[-60.357981,46.649604],[-60.385894,46.642157],[-60.350494,46.615871],[-60.351796,46.601264],[-60.379709,46.580756],[-60.421051,46.524807],[-60.461578,46.423082],[-60.509389,46.368476],[-60.530385,46.323635],[-60.57787,46.264146],[-60.605784,46.21133],[-60.598744,46.19717],[-60.540435,46.272284],[-60.47525,46.320014],[-60.434316,46.333686],[-60.415679,46.32392],[-60.42691,46.284003],[-60.47525,46.251776],[-60.612416,46.128241],[-60.632232,46.117987],[-60.700836,46.088039],[-60.714915,46.107367],[-60.725413,46.104682],[-60.77302,46.073391],[-60.873158,46.053168],[-60.879506,46.061754],[-60.874135,46.068345],[-60.85204,46.073635],[-60.874135,46.079169],[-60.993235,45.982123],[-61.101877,45.958157],[-61.118642,45.949408],[-61.126373,45.929633],[-61.009918,45.941392],[-60.968658,45.984931],[-60.90274,46.010199],[-60.883941,46.034654],[-60.81786,46.038804],[-60.747467,46.06623],[-60.735951,46.056586],[-60.743153,46.037299],[-60.797434,45.991685],[-60.815053,45.936957],[-60.857777,45.924872],[-60.886545,45.908352],[-60.920277,45.915961],[-60.961659,45.915188],[-60.981028,45.910224],[-60.989247,45.898871],[-61.071156,45.895494],[-61.043813,45.888658],[-61.088612,45.868232],[-61.098459,45.854478],[-61.060862,45.857123],[-61.019439,45.875718],[-60.982655,45.876899],[-60.989247,45.888658],[-60.968577,45.886217],[-60.914133,45.854478],[-60.92634,45.847724],[-60.964955,45.860745],[-60.93456,45.826606],[-60.968658,45.834052],[-60.981923,45.820746],[-61.013092,45.823188],[-61.102854,45.778876],[-61.133778,45.744615],[-61.11205,45.751532],[-61.112782,45.727607],[-61.147613,45.707913],[-61.133372,45.698879],[-61.082021,45.69066],[-61.049428,45.698472],[-60.947621,45.751532],[-60.912831,45.756171],[-60.873199,45.752387],[-60.835683,45.740465],[-60.807362,45.720771],[-60.799224,45.703315],[-60.850168,45.65119],[-60.838368,45.642279],[-60.828928,45.64057],[-60.832143,45.65526],[-60.810414,45.662746],[-60.81786,45.668931],[-60.784047,45.668931],[-60.765736,45.692939],[-60.732493,45.684394],[-60.742177,45.703762],[-60.730051,45.713935],[-60.749013,45.744615],[-60.737213,45.773749],[-60.714833,45.792426],[-60.653432,45.81977],[-60.623402,45.85578],[-60.541086,45.900865],[-60.520985,45.924262],[-60.44518,45.953925],[-60.399526,45.997952],[-60.46349,45.977362],[-60.497222,45.95661],[-60.564036,45.943915],[-60.645985,45.912787],[-60.664906,45.898668],[-60.699127,45.890937],[-60.722279,45.895494],[-60.749013,45.929633],[-60.786733,45.93008],[-60.791168,45.940172],[-60.781646,45.954291],[-60.665761,46.015123],[-60.622548,46.024359],[-60.564036,46.066799],[-60.489573,46.101549],[-60.405385,46.163764],[-60.374908,46.197008],[-60.314605,46.208808],[-60.301015,46.218695],[-60.297109,46.238105],[-60.400706,46.218166],[-60.447336,46.176663],[-60.607045,46.076483],[-60.639068,46.066799],[-60.652699,46.072211],[-60.650461,46.090725],[-60.60143,46.115912],[-60.571441,46.149359],[-60.502553,46.200873],[-60.475413,46.233466],[-60.350982,46.312079],[-60.283518,46.327541],[-60.259592,46.27912],[-60.204661,46.241848],[-60.211985,46.223944],[-60.290273,46.156195],[-60.256174,46.176663],[-60.243723,46.176337],[-60.204986,46.142279],[-60.192047,46.166164],[-60.201568,46.193752],[-60.193227,46.211737],[-60.136098,46.251776],[-60.08316,46.246243],[-60.037099,46.223822],[-60.091054,46.210842],[-59.991363,46.206936],[-59.944163,46.196234],[-59.947662,46.162421],[-59.933827,46.158515],[-59.882192,46.176663],[-59.810536,46.169867],[-59.863352,46.13642],[-59.882436,46.111274],[-59.88561,46.080471],[-59.851064,46.104438],[-59.810536,46.11522],[-59.810536,46.107815],[-59.871938,46.073635],[-59.90925,46.041978],[-59.954213,46.035793],[-59.957916,46.027493],[-59.937123,46.001654],[-59.920725,45.994574],[-59.858306,46.005357],[-59.832102,46.003119],[-59.824127,45.997952],[-59.830312,45.999335],[-59.830393,45.978013],[-59.80309,45.956936],[-59.805287,45.935533],[-59.812489,45.930609],[-59.86205,45.935696],[-59.93928,45.904364],[-59.96817,45.909735],[-59.988637,45.888658],[-59.975657,45.875067],[-60.127349,45.869452],[-60.155588,45.837958],[-60.075429,45.815497],[-60.080881,45.792426]]],[[[-62.004018,46.464057],[-61.976959,46.454657],[-61.977406,46.448188],[-62.031321,46.414944],[-62.165639,46.358385],[-62.22761,46.345893],[-62.283925,46.382148],[-62.273752,46.344916],[-62.291412,46.341132],[-62.35969,46.361029],[-62.346059,46.324286],[-62.331776,46.313218],[-62.384511,46.305732],[-62.400624,46.313218],[-62.367787,46.28441],[-62.365712,46.27143],[-62.39037,46.266059],[-62.471262,46.280463],[-62.496897,46.272284],[-62.446929,46.259101],[-62.423736,46.245063],[-62.421132,46.223822],[-62.437327,46.216254],[-62.513905,46.217678],[-62.576405,46.239],[-62.585601,46.227525],[-62.51301,46.201606],[-62.496897,46.183498],[-62.599233,46.210842],[-62.589752,46.198391],[-62.571929,46.19717],[-62.571929,46.190334],[-62.60676,46.183498],[-62.530995,46.169867],[-62.541575,46.128241],[-62.475738,46.121405],[-62.480702,46.135199],[-62.517323,46.149359],[-62.48644,46.152655],[-62.464223,46.135199],[-62.453236,46.107611],[-62.455922,46.080471],[-62.472646,46.063422],[-62.527496,46.057318],[-62.571929,46.038804],[-62.571929,46.03266],[-62.510487,46.018378],[-62.455922,46.025214],[-62.485585,45.989895],[-62.545237,45.971829],[-62.683949,45.965644],[-62.728993,45.970608],[-62.750722,45.950751],[-62.777415,45.964342],[-62.846303,45.978013],[-62.894114,46.005357],[-62.873606,46.011542],[-62.873606,46.018378],[-62.919301,46.032416],[-62.934641,46.052965],[-62.887278,46.053168],[-62.909047,46.071926],[-62.996653,46.061957],[-63.030629,46.066799],[-62.973622,46.07689],[-62.917551,46.101264],[-62.886952,46.129625],[-62.866119,46.135688],[-62.878245,46.155585],[-62.895497,46.157457],[-62.947865,46.127997],[-62.956532,46.144843],[-62.951975,46.166409],[-62.928212,46.176663],[-62.947174,46.193427],[-62.975982,46.204576],[-62.989654,46.19717],[-62.975982,46.183498],[-62.997385,46.179267],[-63.116811,46.215766],[-63.093332,46.238105],[-63.072865,46.245551],[-63.065419,46.266059],[-63.044911,46.266059],[-63.038075,46.286566],[-62.980336,46.305487],[-62.963002,46.320014],[-63.043609,46.301581],[-63.096791,46.27265],[-63.134348,46.238105],[-63.16161,46.259223],[-63.195709,46.272284],[-63.174713,46.227729],[-63.207631,46.220771],[-63.233266,46.204576],[-63.270863,46.204576],[-63.270863,46.19717],[-63.214915,46.191107],[-63.189117,46.195299],[-63.175282,46.217678],[-63.141916,46.198432],[-63.147328,46.183498],[-63.20816,46.165229],[-63.233388,46.145453],[-63.257192,46.141913],[-63.284291,46.14704],[-63.412017,46.183498],[-63.428822,46.19717],[-63.4558,46.19717],[-63.49059,46.223822],[-63.534983,46.210842],[-63.566965,46.22309],[-63.602122,46.216864],[-63.675649,46.24258],[-63.694569,46.256537],[-63.713043,46.289781],[-63.800038,46.331855],[-63.801178,46.348782],[-63.784779,46.341132],[-63.805898,46.374701],[-63.715891,46.354193],[-63.764882,46.382148],[-63.736928,46.388983],[-63.736928,46.39643],[-63.839915,46.396959],[-63.871449,46.409369],[-63.888417,46.402574],[-63.934478,46.423041],[-63.987172,46.399604],[-64.124501,46.409654],[-64.134267,46.415595],[-64.133453,46.442613],[-64.124867,46.449693],[-64.114369,46.443549],[-64.108022,46.544379],[-64.072743,46.553412],[-64.078969,46.566474],[-64.06192,46.569973],[-64.078969,46.597805],[-64.072743,46.642157],[-64.131012,46.599107],[-64.144765,46.597805],[-64.230458,46.635321],[-64.322621,46.635321],[-64.383046,46.627834],[-64.402415,46.642157],[-64.416819,46.682766],[-64.401519,46.722968],[-64.369456,46.758775],[-64.272328,46.825019],[-64.259429,46.8664],[-64.231313,46.903306],[-64.162668,46.956204],[-64.052724,47.02147],[-63.99706,47.067328],[-63.983388,47.040025],[-63.99592,47.009711],[-63.997792,46.971015],[-63.974843,46.893988],[-64.024973,46.848293],[-64.037994,46.82095],[-64.055531,46.819322],[-64.059722,46.806627],[-64.078969,46.813463],[-64.093251,46.779975],[-64.05606,46.748847],[-64.034901,46.745185],[-63.985585,46.754136],[-63.969797,46.745185],[-63.983388,46.717271],[-63.939036,46.695258],[-63.881418,46.64289],[-63.885813,46.617825],[-63.894032,46.615383],[-63.91511,46.629136],[-63.906646,46.607978],[-63.871205,46.603176],[-63.854848,46.63288],[-63.833648,46.612372],[-63.846832,46.601264],[-63.83316,46.580756],[-63.851715,46.573676],[-63.880971,46.522406],[-63.942047,46.500312],[-63.935618,46.478339],[-63.919789,46.492662],[-63.825754,46.519273],[-63.812978,46.500678],[-63.812978,46.489488],[-63.832997,46.48192],[-63.822621,46.460639],[-63.708892,46.444159],[-63.696645,46.457221],[-63.731801,46.496039],[-63.734242,46.510688],[-63.70226,46.519273],[-63.70226,46.525458],[-63.730133,46.532945],[-63.710805,46.558417],[-63.676869,46.568061],[-63.638905,46.567043],[-63.49474,46.531155],[-63.497426,46.492011],[-63.481923,46.492621],[-63.456614,46.467434],[-63.445546,46.467475],[-63.428944,46.497463],[-63.4381,46.505845],[-63.463246,46.506293],[-63.399037,46.512112],[-63.332346,46.498847],[-63.317779,46.489],[-63.305572,46.450995],[-63.257192,46.423082],[-63.250356,46.429877],[-63.238108,46.407416],[-63.194732,46.431138],[-63.081125,46.420885],[-62.953196,46.424058],[-62.849721,46.437405],[-62.823801,46.415107],[-62.812123,46.429877],[-62.819569,46.437405],[-62.764516,46.449042],[-62.585601,46.429877],[-62.585601,46.437405],[-62.677235,46.447659],[-62.70226,46.457221],[-62.611684,46.467597],[-62.585601,46.478339],[-62.565785,46.470893],[-62.357289,46.479315],[-62.264556,46.473782],[-62.18517,46.487006],[-62.09911,46.48371],[-62.004018,46.464057]]],[[[-61.67101,47.546536],[-61.74352,47.48314],[-61.790761,47.464545],[-61.859364,47.423651],[-61.822174,47.415351],[-61.78539,47.433824],[-61.671539,47.537991],[-61.63622,47.557074],[-61.592519,47.560777],[-61.656361,47.530666],[-61.708608,47.485745],[-61.765045,47.411078],[-61.778228,47.405829],[-61.821523,47.40998],[-61.836497,47.401435],[-61.862782,47.355373],[-61.901926,47.353705],[-61.931386,47.338324],[-61.965566,47.283026],[-61.940989,47.262274],[-61.920277,47.260077],[-61.907216,47.27969],[-61.883412,47.255927],[-61.825063,47.242621],[-61.810658,47.24433],[-61.784291,47.266018],[-61.79304,47.240302],[-61.816029,47.228339],[-61.845367,47.225002],[-61.873036,47.225043],[-61.874867,47.237616],[-61.938222,47.218207],[-61.98884,47.217231],[-62.010569,47.224799],[-62.017079,47.24551],[-61.959055,47.317532],[-61.949452,47.336168],[-61.948557,47.382758],[-61.941314,47.402533],[-61.925526,47.413153],[-61.839263,47.436672],[-61.562123,47.627143],[-61.50593,47.641425],[-61.386342,47.643988],[-61.382192,47.636664],[-61.400054,47.616034],[-61.448476,47.600531],[-61.469472,47.569485],[-61.501088,47.556789],[-61.533844,47.552069],[-61.551503,47.560777],[-61.502309,47.582668],[-61.468984,47.62226],[-61.526601,47.622138],[-61.554596,47.614976],[-61.645985,47.552924],[-61.67101,47.546536]]],[[[-64.50475,47.889797],[-64.511952,47.902533],[-64.477447,47.944403],[-64.509023,47.84455],[-64.53893,47.807196],[-64.648793,47.732123],[-64.654205,47.747056],[-64.696604,47.759426],[-64.648793,47.790473],[-64.654205,47.801907],[-64.689768,47.793606],[-64.668609,47.820868],[-64.696645,47.821031],[-64.700063,47.827948],[-64.690989,47.850287],[-64.668691,47.871283],[-64.59553,47.885484],[-64.567983,47.883043],[-64.579905,47.862454],[-64.520131,47.873603],[-64.50475,47.889797]]],[[[-64.545766,47.971666],[-64.525787,48.020697],[-64.510813,48.033596],[-64.484283,48.020087],[-64.472401,47.963365],[-64.487416,47.94123],[-64.507802,47.92829],[-64.590443,47.903469],[-64.594106,47.914374],[-64.545766,47.971666]]],[[[-64.319203,49.791246],[-64.335439,49.815497],[-64.367177,49.825629],[-64.388743,49.819403],[-64.37442,49.794623],[-64.424713,49.808498],[-64.470611,49.852444],[-64.510569,49.868069],[-64.490549,49.890855],[-64.451283,49.909491],[-64.350901,49.927436],[-64.257721,49.93122],[-64.22936,49.950019],[-64.213694,49.952338],[-64.132802,49.950141],[-63.991933,49.916205],[-63.944651,49.896064],[-63.69815,49.867255],[-63.605336,49.850246],[-63.374664,49.829413],[-63.208608,49.790758],[-63.124094,49.783881],[-63.044911,49.75373],[-62.962148,49.740546],[-62.892974,49.697455],[-62.846303,49.698432],[-62.775746,49.669176],[-62.687611,49.653022],[-62.617258,49.62051],[-62.53425,49.604682],[-62.475738,49.561916],[-62.448394,49.55508],[-62.44164,49.534613],[-62.397288,49.496731],[-62.385894,49.490424],[-62.339223,49.490912],[-62.311269,49.472561],[-62.26415,49.465725],[-62.204335,49.414211],[-62.133127,49.396796],[-62.018056,49.388373],[-61.941314,49.349026],[-61.882639,49.354478],[-61.81786,49.308051],[-61.826527,49.294989],[-61.818918,49.28677],[-61.790517,49.273871],[-61.776845,49.246568],[-61.749501,49.232896],[-61.708608,49.184516],[-61.660756,49.151028],[-61.702382,49.123033],[-61.707021,49.097602],[-61.757314,49.096869],[-61.811635,49.069037],[-61.882069,49.083686],[-62.050649,49.07453],[-62.129994,49.082099],[-62.248199,49.067939],[-62.303334,49.079779],[-62.3426,49.1022],[-62.4169,49.112006],[-62.506256,49.138577],[-62.681752,49.148505],[-62.884511,49.196519],[-63.093332,49.232896],[-63.164662,49.262926],[-63.212392,49.272895],[-63.277699,49.314887],[-63.334218,49.324408],[-63.403798,49.353583],[-63.462066,49.359361],[-63.586781,49.38996],[-63.57315,49.404853],[-63.614125,49.448635],[-63.62678,49.49844],[-63.764231,49.601996],[-63.92516,49.674872],[-64.058827,49.714545],[-64.177968,49.740953],[-64.302398,49.778998],[-64.319203,49.791246]]],[[[-63.884674,50.199368],[-63.912262,50.205959],[-63.926991,50.221422],[-63.924794,50.239651],[-63.901479,50.253974],[-63.857533,50.217434],[-63.856068,50.204657],[-63.884674,50.199368]]],[[[-79.39509,52.083726],[-79.348704,52.105048],[-79.32901,52.104967],[-79.283681,52.096503],[-79.251698,52.07689],[-79.295237,52.055406],[-79.320546,52.033515],[-79.336497,51.963324],[-79.393056,51.940253],[-79.515492,51.946601],[-79.620432,51.920478],[-79.621653,51.939154],[-79.655751,51.987494],[-79.635325,52.021674],[-79.621083,52.025784],[-79.584096,52.014838],[-79.557444,52.019029],[-79.483998,52.06391],[-79.443837,52.066107],[-79.39509,52.083726]]],[[[-80.759348,52.919176],[-80.678375,52.780422],[-80.669586,52.742011],[-80.704701,52.721259],[-80.699534,52.700141],[-80.717681,52.694973],[-80.743804,52.700181],[-80.784535,52.723049],[-81.026845,52.752631],[-81.151763,52.803168],[-81.286285,52.844143],[-81.468821,52.861274],[-81.792348,52.942206],[-81.951731,52.974433],[-82.015981,53.010443],[-82.062652,53.022773],[-81.944081,53.143704],[-81.882802,53.179877],[-81.857777,53.185248],[-81.780385,53.179877],[-81.666249,53.206977],[-81.614858,53.213813],[-81.494862,53.213121],[-81.424387,53.228827],[-81.174224,53.212348],[-81.122792,53.202216],[-80.97761,53.110297],[-80.947906,53.069525],[-80.87914,53.032172],[-80.77953,52.948717],[-80.759348,52.919176]]],[[[-79.758168,53.522528],[-79.769195,53.535468],[-79.765614,53.546698],[-79.703603,53.516303],[-79.724721,53.508857],[-79.758168,53.522528]]],[[[-79.285878,54.91352],[-79.01891,54.940823],[-79.035959,54.926947],[-79.151357,54.902289],[-79.241689,54.897935],[-79.401926,54.851996],[-79.603505,54.828803],[-79.757924,54.780178],[-79.779937,54.783759],[-79.735015,54.804755],[-79.683095,54.811103],[-79.683095,54.817857],[-79.731516,54.817857],[-79.697255,54.840766],[-79.65392,54.854438],[-79.469635,54.889594],[-79.348053,54.895901],[-79.285878,54.91352]]],[[[-77.312082,55.619208],[-77.211252,55.653754],[-77.209625,55.639716],[-77.237172,55.631903],[-77.319203,55.582017],[-77.377512,55.560289],[-77.526112,55.465399],[-77.586293,55.436225],[-77.647857,55.427436],[-77.448394,55.534084],[-77.413075,55.562323],[-77.366689,55.578274],[-77.329172,55.614203],[-77.312082,55.619208]]],[[[-79.005279,56.017035],[-78.952707,56.030707],[-78.936391,56.024482],[-78.998606,55.982611],[-79.021392,55.953681],[-79.04898,55.879299],[-79.078277,55.834296],[-79.112172,55.800238],[-79.142445,55.797349],[-79.123891,55.809027],[-79.089752,55.857082],[-79.028066,55.99258],[-79.013295,56.059068],[-78.987294,56.064399],[-78.965688,56.083645],[-78.950673,56.078518],[-78.950673,56.037543],[-78.979848,56.031806],[-79.005279,56.017035]]],[[[-78.757639,56.167914],[-78.777455,56.172675],[-78.833363,56.133124],[-78.884511,56.121894],[-78.936391,56.119452],[-78.919342,56.171332],[-78.828969,56.269029],[-78.847035,56.277777],[-78.814565,56.310248],[-78.826568,56.318752],[-78.812856,56.345404],[-78.833363,56.345404],[-78.825022,56.358344],[-78.798166,56.379218],[-78.757639,56.434801],[-78.699574,56.449042],[-78.670766,56.443061],[-78.649037,56.290758],[-78.660268,56.280463],[-78.655263,56.236151],[-78.681304,56.197211],[-78.675689,56.181545],[-78.699941,56.174506],[-78.724192,56.181545],[-78.741322,56.165839],[-78.765126,56.161078],[-78.757639,56.167914]]],[[[-79.545888,56.043769],[-79.474517,56.102729],[-79.470815,56.121039],[-79.493153,56.131578],[-79.545888,56.133124],[-79.584055,56.110663],[-79.722768,55.978583],[-79.830149,55.898627],[-79.856353,55.871405],[-79.867055,55.843492],[-79.909047,55.825263],[-79.912668,55.843248],[-79.949127,55.889065],[-79.970855,55.896918],[-80.025706,55.900336],[-79.98762,55.955268],[-79.949045,55.968207],[-79.737172,56.161444],[-79.551015,56.266303],[-79.52538,56.293647],[-79.467519,56.428697],[-79.461293,56.479682],[-79.478261,56.524156],[-79.463979,56.530341],[-79.470815,56.552069],[-79.453725,56.559516],[-79.415598,56.496894],[-79.43517,56.414211],[-79.481272,56.347073],[-79.478261,56.301337],[-79.504709,56.24608],[-79.603871,56.161444],[-79.604644,56.129055],[-79.587514,56.133124],[-79.56017,56.167914],[-79.530832,56.184719],[-79.44929,56.203518],[-79.409332,56.22248],[-79.360992,56.348456],[-79.324778,56.394843],[-79.308746,56.435289],[-79.284931,56.661041],[-79.258319,56.681843],[-79.203959,56.684984],[-79.134263,56.634404],[-79.132651,56.615098],[-79.15391,56.605384],[-79.189983,56.64291],[-79.22302,56.649505],[-79.247638,56.631747],[-79.255284,56.595332],[-79.246991,56.562066],[-79.234975,56.551459],[-79.130971,56.544176],[-79.117543,56.491034],[-79.093495,56.45897],[-79.057607,56.436957],[-79.011545,56.427965],[-78.957753,56.434719],[-78.936147,56.430243],[-78.922719,56.408108],[-78.928944,56.365912],[-78.909047,56.345404],[-78.936391,56.345404],[-78.952219,56.322455],[-78.881825,56.325588],[-78.891957,56.310858],[-78.943227,56.290758],[-78.957509,56.277411],[-78.980784,56.232733],[-79.062164,56.13935],[-79.098012,56.050849],[-79.195465,55.904771],[-79.203277,55.859442],[-79.218373,55.872219],[-79.210113,55.89289],[-79.111073,56.086982],[-78.990102,56.2626],[-78.970204,56.342841],[-78.997874,56.352851],[-78.974721,56.384589],[-78.980214,56.392035],[-79.005279,56.38703],[-79.011545,56.373358],[-79.049387,56.360663],[-79.102284,56.221503],[-79.085561,56.217108],[-79.05248,56.229315],[-79.073598,56.208889],[-79.059316,56.202053],[-79.11262,56.140123],[-79.219106,55.952216],[-79.285878,55.866278],[-79.280629,55.888088],[-79.197092,56.010199],[-79.128163,56.161078],[-79.131418,56.205024],[-79.155588,56.236151],[-79.189849,56.213202],[-79.248402,56.145168],[-79.354848,55.977851],[-79.46935,55.879381],[-79.509267,55.864976],[-79.553822,55.868476],[-79.63386,55.902981],[-79.739084,55.811835],[-79.764475,55.795111],[-79.786122,55.790473],[-79.767161,55.818061],[-79.631825,55.94123],[-79.545888,56.043769]]],[[[-79.905914,56.866848],[-79.857981,56.865546],[-79.824208,56.847968],[-79.817372,56.83161],[-79.837961,56.794501],[-79.861887,56.784857],[-79.868031,56.763739],[-79.888051,56.749091],[-79.912709,56.750067],[-79.939361,56.760484],[-79.951731,56.785224],[-79.943756,56.839504],[-79.905914,56.866848]]],[[[-77.92162,58.332831],[-77.817942,58.308783],[-77.697255,58.255601],[-77.668324,58.250922],[-77.668324,58.244696],[-77.698354,58.240668],[-77.738271,58.250434],[-77.949452,58.326606],[-77.949452,58.332831],[-77.92162,58.332831]]],[[[-78.641591,58.628323],[-78.483062,58.552802],[-78.456654,58.546373],[-78.456654,58.538886],[-78.630442,58.595893],[-78.683176,58.620836],[-78.655263,58.641303],[-78.687652,58.660305],[-78.696197,58.696601],[-78.607411,58.634508],[-78.624501,58.628811],[-78.641591,58.634508],[-78.641591,58.628323]]],[[[-123.287221,48.812812],[-123.25182,48.790188],[-123.250396,48.766099],[-123.1881,48.756171],[-123.186676,48.736396],[-123.199452,48.732123],[-123.257476,48.739203],[-123.306996,48.764635],[-123.311269,48.797268],[-123.322621,48.812812],[-123.312652,48.817084],[-123.287221,48.812812]]],[[[-123.089019,48.767524],[-123.101715,48.761868],[-123.158355,48.763251],[-123.185292,48.774604],[-123.203684,48.784491],[-123.203684,48.808539],[-123.2235,48.832668],[-123.203684,48.829779],[-123.141428,48.801459],[-123.053619,48.795844],[-123.042307,48.784491],[-123.070627,48.778795],[-123.089019,48.767524]]],[[[-62.544962,45.826666],[-62.506908,45.828065],[-62.512357,45.81436],[-62.555844,45.799247],[-62.603144,45.804211],[-62.603188,45.810629],[-62.574416,45.824],[-62.544962,45.826666]]],[[[-59.708079,45.994696],[-59.780995,46.004381],[-59.778147,46.012437],[-59.69518,46.034003],[-59.688629,46.03026],[-59.70287,46.022895],[-59.708079,45.994696]]],[[[-54.794227,47.279388],[-54.778136,47.273564],[-54.812399,47.231781],[-54.828253,47.243141],[-54.830051,47.267133],[-54.794227,47.279388]]],[[[-54.195604,47.393208],[-54.178042,47.418193],[-54.158678,47.41467],[-54.144589,47.400445],[-54.153354,47.368356],[-54.177962,47.359984],[-54.209626,47.359903],[-54.220197,47.368193],[-54.216702,47.381274],[-54.195604,47.393208]]],[[[-70.369781,47.426825],[-70.323883,47.427436],[-70.393178,47.372748],[-70.411692,47.370185],[-70.435658,47.377021],[-70.425364,47.404975],[-70.369781,47.426825]]],[[[-52.956475,47.654806],[-52.91876,47.652643],[-52.916443,47.634456],[-52.976502,47.596866],[-53.006193,47.593498],[-53.030336,47.599156],[-53.019184,47.61904],[-52.956475,47.654806]]],[[[-68.864333,48.407598],[-68.855603,48.414464],[-68.838064,48.413809],[-68.844692,48.395994],[-68.891065,48.388033],[-68.879785,48.40346],[-68.864333,48.407598]]],[[[-125.861625,49.237385],[-125.830723,49.237096],[-125.797002,49.227035],[-125.786019,49.209254],[-125.801352,49.143888],[-125.841727,49.13378],[-125.879898,49.146046],[-125.887558,49.173101],[-125.914986,49.176295],[-125.923406,49.196981],[-125.914895,49.21329],[-125.90107,49.22552],[-125.861625,49.237385]]],[[[-55.854271,50.205033],[-55.842344,50.215165],[-55.823887,50.204144],[-55.845072,50.190645],[-55.886002,50.197461],[-55.88334,50.204224],[-55.854271,50.205033]]],[[[-55.762971,50.231935],[-55.729933,50.23017],[-55.712812,50.21998],[-55.695802,50.193721],[-55.709037,50.189528],[-55.789522,50.207466],[-55.802679,50.220174],[-55.799992,50.230316],[-55.762971,50.231935]]],[[[-128.639076,50.80467],[-128.626888,50.811885],[-128.60653,50.812318],[-128.603728,50.819827],[-128.574073,50.808533],[-128.572578,50.795158],[-128.601514,50.793056],[-128.603438,50.785068],[-128.615888,50.782817],[-128.635124,50.789856],[-128.639076,50.80467]]],[[[-58.861186,50.833051],[-58.846323,50.789443],[-58.861108,50.779595],[-58.880863,50.784737],[-58.885608,50.794251],[-58.861186,50.833051]]],[[[-128.70214,50.836559],[-128.662177,50.825032],[-128.670489,50.818889],[-128.655007,50.808795],[-128.691551,50.801543],[-128.704444,50.807223],[-128.715842,50.814413],[-128.70214,50.836559]]],[[[-57.250265,50.840641],[-57.22864,50.83661],[-57.209375,50.841056],[-57.186562,50.823001],[-57.223315,50.810056],[-57.240205,50.795649],[-57.252466,50.796739],[-57.261815,50.799677],[-57.239651,50.805979],[-57.270023,50.809995],[-57.277056,50.817363],[-57.275339,50.827326],[-57.250265,50.840641]]],[[[-127.77912,50.901524],[-127.744852,50.912504],[-127.713458,50.913003],[-127.688185,50.900899],[-127.669204,50.880354],[-127.655989,50.837846],[-127.728917,50.846076],[-127.752586,50.859237],[-127.817385,50.868586],[-127.83436,50.878723],[-127.834806,50.889137],[-127.77912,50.901524]]],[[[-58.462634,51.176264],[-58.427357,51.167123],[-58.457035,51.140671],[-58.495659,51.120955],[-58.569156,51.100745],[-58.581479,51.080003],[-58.621209,51.091776],[-58.546952,51.150419],[-58.462634,51.176264]]],[[[-58.307577,51.25227],[-58.307071,51.235822],[-58.362905,51.202219],[-58.41101,51.201632],[-58.413882,51.222177],[-58.388163,51.238934],[-58.307577,51.25227]]],[[[-128.438216,51.980797],[-128.417416,52.003489],[-128.413451,51.983163],[-128.432399,51.902355],[-128.445486,51.898105],[-128.45437,51.917368],[-128.478828,51.906844],[-128.492687,51.92604],[-128.486965,51.953658],[-128.438216,51.980797]]],[[[-79.027455,52.113593],[-79.001861,52.107571],[-79.006663,52.097886],[-79.031606,52.093411],[-79.086659,52.09748],[-79.080149,52.106513],[-79.027455,52.113593]]],[[[-79.40567,52.260972],[-79.379303,52.251899],[-79.381256,52.244778],[-79.501291,52.2331],[-79.484934,52.253323],[-79.445627,52.262397],[-79.40567,52.260972]]],[[[-78.734242,52.445136],[-78.707387,52.447577],[-78.755238,52.422065],[-78.728017,52.417385],[-78.726959,52.41234],[-78.749827,52.406195],[-78.760894,52.40644],[-78.762563,52.413764],[-78.800038,52.412787],[-78.801666,52.433905],[-78.82079,52.423814],[-78.82726,52.427639],[-78.768544,52.447699],[-78.734242,52.445136]]],[[[-79.584625,52.555162],[-79.565297,52.545356],[-79.639394,52.53262],[-79.612416,52.577338],[-79.59142,52.576728],[-79.584625,52.555162]]],[[[-129.432788,52.68312],[-129.413311,52.687649],[-129.400103,52.679527],[-129.402445,52.646643],[-129.435476,52.637686],[-129.449572,52.643997],[-129.427429,52.674259],[-129.432788,52.68312]]],[[[-55.85233,52.77247],[-55.811855,52.770133],[-55.809475,52.731086],[-55.829715,52.726513],[-55.861303,52.730368],[-55.866326,52.743388],[-55.884009,52.751056],[-55.89536,52.763314],[-55.887742,52.774794],[-55.85233,52.77247]]],[[[-129.354662,52.86251],[-129.312018,52.839333],[-129.328924,52.799611],[-129.347705,52.799885],[-129.366192,52.8145],[-129.367664,52.844951],[-129.354662,52.86251]]],[[[-55.808466,53.006564],[-55.786821,53.0165],[-55.775407,53.009602],[-55.786904,52.995068],[-55.770374,52.99735],[-55.767872,52.988162],[-55.781896,52.976697],[-55.789629,52.948394],[-55.802337,52.944583],[-55.84917,52.991289],[-55.850409,53.00353],[-55.808466,53.006564]]],[[[-55.827319,53.079284],[-55.790347,53.093834],[-55.771256,53.089232],[-55.751012,53.059351],[-55.768882,53.048643],[-55.758767,53.034088],[-55.775331,53.027975],[-55.800749,53.032582],[-55.816034,53.024169],[-55.870688,53.026485],[-55.874439,53.057083],[-55.847678,53.080812],[-55.827319,53.079284]]],[[[-55.927587,53.492236],[-55.88987,53.49849],[-55.880138,53.484333],[-55.824516,53.477852],[-55.814618,53.487566],[-55.767163,53.475739],[-55.742891,53.445437],[-55.745395,53.440572],[-55.782091,53.455803],[-55.802571,53.455378],[-55.813391,53.432992],[-55.768581,53.411406],[-55.769478,53.402635],[-55.81107,53.416415],[-55.816842,53.410583],[-55.785908,53.393915],[-55.906739,53.418616],[-55.926302,53.428887],[-55.96554,53.432367],[-55.9835,53.441652],[-55.98993,53.470413],[-55.97595,53.484525],[-55.927587,53.492236]]],[[[-130.592115,53.496183],[-130.586966,53.466192],[-130.624653,53.48152],[-130.636068,53.498406],[-130.616523,53.506408],[-130.592115,53.496183]]],[[[-57.152729,53.693121],[-57.129781,53.704632],[-57.08029,53.703591],[-57.044938,53.715084],[-57.030801,53.712985],[-57.066154,53.684774],[-57.082047,53.680595],[-57.083798,53.656568],[-57.113763,53.642994],[-57.154387,53.647127],[-57.172139,53.659625],[-57.152729,53.693121]]],[[[-56.922484,53.797559],[-56.888527,53.806597],[-56.836105,53.80648],[-56.817715,53.790041],[-56.882608,53.762879],[-56.919571,53.762954],[-56.947335,53.752078],[-56.984285,53.759384],[-57.008855,53.788548],[-56.999548,53.810391],[-56.965599,53.81218],[-56.922484,53.797559]]],[[[-130.609117,53.797011],[-130.617216,53.823191],[-130.569379,53.836742],[-130.509821,53.826307],[-130.419964,53.783274],[-130.437885,53.756889],[-130.497272,53.765167],[-130.512746,53.793474],[-130.553257,53.784382],[-130.609117,53.797011]]],[[[-57.327952,54.287564],[-57.292498,54.283742],[-57.321212,54.269471],[-57.298974,54.248811],[-57.314419,54.239731],[-57.367639,54.259035],[-57.367703,54.269381],[-57.327952,54.287564]]],[[[-81.105214,54.332913],[-81.101796,54.374091],[-81.086049,54.348212],[-81.094716,54.332099],[-81.105214,54.332913]]],[[[-57.244476,54.484173],[-57.228932,54.491941],[-57.197644,54.449325],[-57.224333,54.451888],[-57.244422,54.467373],[-57.271073,54.46088],[-57.293337,54.468605],[-57.286728,54.482832],[-57.244476,54.484173]]],[[[-130.817562,54.486324],[-130.790006,54.493734],[-130.728455,54.437835],[-130.729567,54.420801],[-130.784743,54.412253],[-130.823449,54.420858],[-130.828566,54.438728],[-130.870027,54.434751],[-130.861386,54.455443],[-130.817562,54.486324]]],[[[-57.303677,54.574723],[-57.275078,54.57965],[-57.27166,54.566966],[-57.283392,54.556208],[-57.254727,54.537708],[-57.268041,54.50352],[-57.34031,54.501443],[-57.362203,54.507263],[-57.36567,54.523852],[-57.347349,54.555123],[-57.303677,54.574723]]],[[[-131.09876,54.627962],[-131.05684,54.625717],[-131.049953,54.606029],[-131.06944,54.58786],[-131.090905,54.58224],[-131.102224,54.595585],[-131.09876,54.627962]]],[[[-76.730458,56.160834],[-76.715932,56.138007],[-76.720774,56.125393],[-76.77481,56.103664],[-76.780344,56.108059],[-76.765492,56.175971],[-76.756459,56.17886],[-76.730458,56.160834]]],[[[-77.849843,56.315253],[-77.980092,56.286607],[-77.948964,56.313381],[-77.84142,56.32331],[-77.849843,56.315253]]],[[[-77.48705,56.442125],[-77.478383,56.430732],[-77.502553,56.386461],[-77.521555,56.376044],[-77.53539,56.379543],[-77.537017,56.39704],[-77.48705,56.442125]]],[[[-78.811147,56.65766],[-78.850942,56.672675],[-78.765045,56.677191],[-78.739898,56.666978],[-78.753,56.657294],[-78.811147,56.65766]]],[[[-76.623443,56.681464],[-76.619049,56.5869],[-76.626698,56.568793],[-76.654693,56.548896],[-76.634185,56.715277],[-76.616119,56.695502],[-76.623443,56.681464]]],[[[-76.651967,57.071357],[-76.67512,57.065375],[-76.700917,57.082668],[-76.733469,57.176418],[-76.725087,57.190823],[-76.711415,57.196357],[-76.698476,57.192206],[-76.678578,57.151842],[-76.655995,57.139797],[-76.653554,57.128852],[-76.675933,57.108873],[-76.651967,57.071357]]],[[[-78.268381,57.198635],[-78.261627,57.191596],[-78.296702,57.19123],[-78.32433,57.171861],[-78.381947,57.174465],[-78.357574,57.195461],[-78.325551,57.207668],[-78.268381,57.198635]]],[[[-78.336497,57.305162],[-78.415395,57.279283],[-78.480784,57.291449],[-78.381012,57.328803],[-78.347157,57.328559],[-78.326405,57.317776],[-78.336497,57.305162]]],[[[-76.791127,57.336086],[-76.835439,57.425767],[-76.771311,57.390611],[-76.75182,57.370307],[-76.749908,57.326402],[-76.732981,57.293524],[-76.73941,57.283881],[-76.754547,57.280504],[-76.763783,57.285061],[-76.791127,57.336086]]],[[[-67.55829,58.411003],[-67.526167,58.347056],[-67.530842,58.296897],[-67.581978,58.278453],[-67.635937,58.291037],[-67.661865,58.327191],[-67.657824,58.364079],[-67.636557,58.402225],[-67.592816,58.422209],[-67.55829,58.411003]]],[[[-78.628814,58.779527],[-78.628977,58.770697],[-78.648264,58.772162],[-78.656972,58.780219],[-78.704945,58.779527],[-78.707631,58.786038],[-78.696929,58.79267],[-78.674713,58.791571],[-78.691884,58.797756],[-78.683095,58.802232],[-78.650868,58.802069],[-78.628814,58.779527]]],[[[-78.901112,58.832465],[-78.886057,58.808051],[-78.942128,58.837836],[-78.937611,58.864814],[-78.927073,58.865546],[-78.901112,58.832465]]],[[[-68.995487,59.016345],[-68.974561,58.989633],[-69.015564,58.972415],[-69.120279,58.957302],[-69.061197,59.011175],[-68.995487,59.016345]]],[[[-80.552398,59.110053],[-80.539866,59.105699],[-80.538564,59.094672],[-80.578603,59.092963],[-80.582875,59.098334],[-80.552398,59.110053]]],[[[-80.518544,59.694729],[-80.510732,59.683295],[-80.551503,59.6494],[-80.567047,59.64643],[-80.588246,59.661566],[-80.518544,59.694729]]],[[[-80.387278,59.711737],[-80.372548,59.705146],[-80.390492,59.685777],[-80.407582,59.685004],[-80.429677,59.652655],[-80.443674,59.648179],[-80.43871,59.677436],[-80.387278,59.711737]]],[[[-69.921941,61.013124],[-69.911062,60.99987],[-69.950041,60.985939],[-69.949734,60.965729],[-69.972079,60.952979],[-69.977643,60.92986],[-70.003856,60.935066],[-70.011946,60.996764],[-69.956725,61.03498],[-69.923396,61.031589],[-69.921941,61.013124]]],[[[-71.560975,61.333436],[-71.487818,61.337112],[-71.486495,61.301894],[-71.556856,61.295836],[-71.586396,61.301991],[-71.585561,61.323891],[-71.560975,61.333436]]],[[[-72.091425,61.894741],[-71.993857,61.870657],[-71.97344,61.858942],[-72.058945,61.850503],[-72.130833,61.889039],[-72.112968,61.904632],[-72.091425,61.894741]]],[[[-92.798413,61.948019],[-92.771875,61.935055],[-92.787456,61.928783],[-92.817078,61.936594],[-92.83761,61.92597],[-92.874966,61.938678],[-92.850661,61.947699],[-92.798413,61.948019]]],[[[-72.41214,62.039061],[-72.328116,62.016038],[-72.352385,62.000292],[-72.462401,62.036652],[-72.41214,62.039061]]],[[[-92.6417,62.060656],[-92.636128,62.040442],[-92.652846,62.026539],[-92.688673,62.041877],[-92.700898,62.074635],[-92.6417,62.060656]]],[[[-66.43846,62.895262],[-66.363253,62.870608],[-66.342541,62.849553],[-66.410588,62.848266],[-66.494821,62.877363],[-66.569044,62.914832],[-66.561996,62.931058],[-66.43846,62.895262]]],[[[-66.924694,63.065198],[-66.807359,62.985936],[-66.770799,62.944913],[-66.793111,62.925483],[-66.894898,62.980418],[-67.074457,63.097501],[-66.994909,63.092922],[-66.924694,63.065198]]],[[[-68.145251,63.272466],[-68.058483,63.222676],[-68.049819,63.19243],[-68.187891,63.250287],[-68.216111,63.276375],[-68.145251,63.272466]]],[[[-68.023387,63.300869],[-67.931728,63.232875],[-67.894994,63.189448],[-67.958931,63.218416],[-68.091999,63.320381],[-68.023387,63.300869]]],[[[-67.852667,63.345993],[-67.818293,63.291333],[-67.866244,63.291776],[-67.951502,63.380524],[-67.964007,63.409985],[-67.912529,63.393133],[-67.852667,63.345993]]],[[[-64.04343,63.563147],[-64.091172,63.48647],[-64.148886,63.540132],[-64.168668,63.604577],[-64.137308,63.61804],[-64.04343,63.563147]]],[[[-64.217244,63.842613],[-64.174201,63.805676],[-64.256566,63.761634],[-64.261105,63.723887],[-64.314973,63.73937],[-64.34286,63.769296],[-64.333994,63.844829],[-64.217244,63.842613]]],[[[-76.484202,64.181342],[-76.568512,64.206122],[-76.572662,64.23428],[-76.529652,64.245836],[-76.497426,64.24258],[-76.49413,64.223538],[-76.471791,64.206122],[-76.484202,64.181342]]],[[[-76.664418,64.241685],[-76.690907,64.252427],[-76.690053,64.264065],[-76.652008,64.26317],[-76.613149,64.27147],[-76.565256,64.254096],[-76.595815,64.239203],[-76.607411,64.221015],[-76.628041,64.221869],[-76.664418,64.241685]]],[[[-64.965364,64.309707],[-64.986807,64.290088],[-64.88446,64.263714],[-64.937544,64.24422],[-64.878303,64.229578],[-64.991296,64.193192],[-65.041618,64.244711],[-65.075487,64.306968],[-65.046178,64.327852],[-64.965364,64.309707]]],[[[-66.934274,65.317014],[-66.967847,65.28303],[-67.016717,65.319781],[-66.924565,65.364898],[-66.902954,65.345029],[-66.934274,65.317014]]],[[[-89.046753,65.406358],[-89.023045,65.414704],[-89.010442,65.400634],[-88.969343,65.387878],[-88.980553,65.382185],[-89.003053,65.385082],[-89.055726,65.400948],[-89.086794,65.392036],[-89.102704,65.397003],[-89.100561,65.415229],[-89.078901,65.407183],[-89.046753,65.406358]]],[[[-88.4308,65.48699],[-88.371277,65.46199],[-88.458981,65.455701],[-88.484618,65.464777],[-88.488595,65.481393],[-88.4308,65.48699]]],[[[-67.432516,65.742713],[-67.389158,65.736176],[-67.478782,65.708],[-67.529472,65.713086],[-67.682481,65.689282],[-67.704541,65.716531],[-67.676473,65.727494],[-67.624936,65.733689],[-67.432516,65.742713]]],[[[-65.786418,65.701988],[-65.798112,65.68345],[-65.83725,65.678316],[-65.861113,65.705167],[-65.865552,65.781228],[-65.807341,65.776929],[-65.770635,65.763312],[-65.786418,65.701988]]],[[[-66.929467,65.949834],[-66.962517,65.951086],[-66.988089,65.974021],[-67.05736,65.983309],[-67.087681,65.97397],[-67.105664,65.95769],[-67.148557,65.99589],[-67.119948,66.006769],[-67.053352,66.008067],[-66.963871,65.996973],[-66.921574,65.975275],[-66.929467,65.949834]]],[[[-85.021725,66.08307],[-85.002753,66.075323],[-84.997474,66.057324],[-85.062012,66.049354],[-85.092424,66.050935],[-85.104005,66.059024],[-85.080648,66.081428],[-85.021725,66.08307]]],[[[-83.595204,66.040107],[-83.619862,66.04092],[-83.622304,66.049018],[-83.593129,66.076606],[-83.570383,66.083686],[-83.558746,66.045966],[-83.595204,66.040107]]],[[[-83.61144,66.084621],[-83.648427,66.071112],[-83.648793,66.122952],[-83.612538,66.114203],[-83.590932,66.117987],[-83.574086,66.110256],[-83.61144,66.084621]]],[[[-85.955642,66.463178],[-85.911232,66.461991],[-85.896216,66.453862],[-85.899544,66.442662],[-85.96243,66.43959],[-85.982292,66.463884],[-85.955642,66.463178]]],[[[-113.008308,67.947294],[-112.944992,67.950159],[-112.816507,67.969157],[-112.761341,67.964081],[-112.868274,67.946508],[-112.89432,67.929161],[-112.939342,67.920625],[-113.121476,67.9154],[-113.155099,67.921774],[-113.138942,67.937549],[-113.008308,67.947294]]],[[[-112.836925,68.17025],[-112.74613,68.167627],[-112.717801,68.15592],[-112.789701,68.130095],[-112.826459,68.1415],[-112.912256,68.144884],[-112.890467,68.17348],[-112.855345,68.175951],[-112.836925,68.17025]]],[[[-136.211942,69.179309],[-136.066838,69.12853],[-136.02153,69.10837],[-136.006267,69.090281],[-136.086984,69.090093],[-136.119617,69.079342],[-136.167591,69.086665],[-136.22191,69.105685],[-136.225314,69.120604],[-136.177314,69.116494],[-136.180744,69.133546],[-136.247742,69.171722],[-136.211942,69.179309]]],[[[-80.146578,69.400506],[-80.071006,69.383583],[-80.087807,69.365623],[-80.131291,69.362501],[-80.182012,69.379595],[-80.20771,69.408067],[-80.201038,69.427705],[-80.146578,69.400506]]],[[[-81.643279,69.414378],[-81.548527,69.415486],[-81.505789,69.406828],[-81.485631,69.34718],[-81.568299,69.344258],[-81.672184,69.353512],[-81.700796,69.368845],[-81.691911,69.384386],[-81.78197,69.387339],[-81.767348,69.365293],[-81.830309,69.344332],[-81.882702,69.363282],[-81.902723,69.394146],[-81.896757,69.416961],[-81.838869,69.433788],[-81.713484,69.428228],[-81.643279,69.414378]]],[[[-135.705953,69.508751],[-135.591182,69.467105],[-135.595243,69.448424],[-135.636163,69.451327],[-135.709874,69.474291],[-135.767237,69.481446],[-135.840928,69.48138],[-135.841092,69.495736],[-135.787937,69.505841],[-135.705953,69.508751]]],[[[-82.506235,69.790626],[-82.492047,69.762981],[-82.558868,69.743349],[-82.815708,69.781861],[-82.854681,69.794354],[-82.843311,69.808395],[-82.647722,69.826096],[-82.506235,69.790626]]]]}}]}
